item_id,route_before,route_after_normalization,slug_before,slug_after_normalization,classification,team_correct,collection_correct,media_preserved,route_collision,applied,validated
42423,/items/brasil/teams/atletico/collections/10-12/1979-c542a1,/items/brasil/teams/atletico/collections/02-17/1979,1979-c542a1,1979,BOTH,1,1,1,0,TRUE,TRUE
42425,/items/brasil/teams/atletico/collections/10-12/1979-dd688f,/items/brasil/teams/atletico/collections/04-16/1979,1979-dd688f,1979,BOTH,1,1,1,0,TRUE,TRUE
42432,/items/brasil/teams/atletico/collections/10-12/1981-69a8ca,/items/brasil/teams/atletico/collections/03-16/1981,1981-69a8ca,1981,BOTH,1,1,1,0,TRUE,TRUE
42434,/items/brasil/teams/atletico/collections/10-12/1981-531786,/items/brasil/teams/atletico/collections/01-20/1981,1981-531786,1981,BOTH,1,1,1,0,TRUE,TRUE
42439,/items/brasil/teams/atletico/collections/10-12/1981-f17278,/items/brasil/teams/atletico/collections/03-16/1981-0716a3,1981-f17278,1981-0716a3,BOTH,1,1,1,0,TRUE,TRUE
42443,/items/brasil/teams/atletico/collections/11-21-2/1982-c97b2e,/items/brasil/teams/atletico/collections/11-17/1982,1982-c97b2e,1982,BOTH,1,1,1,0,TRUE,TRUE
42444,/items/brasil/teams/atletico/collections/11-21-2/1982-1e302c,/items/brasil/teams/atletico/collections/11-17/1982-79f269,1982-1e302c,1982-79f269,BOTH,1,1,1,0,TRUE,TRUE
42445,/items/brasil/teams/atletico/collections/11-21-2/1982-6c0060,/items/brasil/teams/atletico/collections/03-16/1982,1982-6c0060,1982,BOTH,1,1,1,0,TRUE,TRUE
42454,/items/brasil/teams/atletico/collections/05-15/1987-47591c,/items/brasil/teams/atletico/collections/03-16/1987,1987-47591c,1987,BOTH,1,1,1,0,TRUE,TRUE
42455,/items/brasil/teams/atletico/collections/05-15/1987-723304,/items/brasil/teams/atletico/collections/03-16/1987-7192e7,1987-723304,1987-7192e7,BOTH,1,1,1,0,TRUE,TRUE
42469,/items/brasil/teams/atletico/collections/10-09/1994-5865f0,/items/brasil/teams/atletico/collections/07-13/1994,1994-5865f0,1994,BOTH,1,1,1,0,TRUE,TRUE
42472,/items/brasil/teams/atletico/collections/10-09/1995-e-1996-4278c5,/items/brasil/teams/atletico/collections/03-16/1995-e-1996,1995-e-1996-4278c5,1995-e-1996,BOTH,1,1,1,0,TRUE,TRUE
42520,/items/brasil/teams/atletico/collections/04-14/2014-fd5248,/items/brasil/teams/atletico/collections/03-16/2014,2014-fd5248,2014,BOTH,1,1,1,0,TRUE,TRUE
42522,/items/brasil/teams/atletico/collections/04-14/2014-003537,/items/brasil/teams/atletico/collections/06-14/2014,2014-003537,2014,BOTH,1,1,1,0,TRUE,TRUE
42524,/items/brasil/teams/atletico/collections/04-14/2014-b263b8,/items/brasil/teams/atletico/collections/03-16/2014-74f940,2014-b263b8,2014-74f940,BOTH,1,1,1,0,TRUE,TRUE
42525,/items/brasil/teams/atletico/collections/04-14/2014-79a42a,/items/brasil/teams/atletico/collections/06-14/2014-820d07,2014-79a42a,2014-820d07,BOTH,1,1,1,0,TRUE,TRUE
42526,/items/brasil/teams/atletico/collections/04-14/2014-bae201,/items/brasil/teams/atletico/collections/08-14/2014,2014-bae201,2014,BOTH,1,1,1,0,TRUE,TRUE
42528,/items/brasil/teams/atletico/collections/04-14/2014-5bfc83,/items/brasil/teams/atletico/collections/06-14/2014-98a9a2,2014-5bfc83,2014-98a9a2,BOTH,1,1,1,0,TRUE,TRUE
42530,/items/brasil/teams/atletico/collections/04-14/2014-2a2df2,/items/brasil/teams/atletico/collections/03-16/2014-d92f0b,2014-2a2df2,2014-d92f0b,BOTH,1,1,1,0,TRUE,TRUE
42531,/items/brasil/teams/atletico/collections/04-14/2014-25f2c4,/items/brasil/teams/atletico/collections/03-16/2014-47ed64,2014-25f2c4,2014-47ed64,BOTH,1,1,1,0,TRUE,TRUE
42532,/items/brasil/teams/atletico/collections/04-14/2014-3b511e,/items/brasil/teams/atletico/collections/08-14-2/2014,2014-3b511e,2014,BOTH,1,1,1,0,TRUE,TRUE
42537,/items/brasil/teams/atletico/collections/04-15/2015-993a9a,/items/brasil/teams/atletico/collections/03-16/2015,2015-993a9a,2015,BOTH,1,1,1,0,TRUE,TRUE
42538,/items/brasil/teams/atletico/collections/04-15/2015-d607e7,/items/brasil/teams/atletico/collections/03-16/2015-c58b90,2015-d607e7,2015-c58b90,BOTH,1,1,1,0,TRUE,TRUE
42539,/items/brasil/teams/atletico/collections/04-15/2015-25bda4,/items/brasil/teams/atletico/collections/03-16/2015-8b9711,2015-25bda4,2015-8b9711,BOTH,1,1,1,0,TRUE,TRUE
42540,/items/brasil/teams/atletico/collections/04-15/2015-a32173,/items/brasil/teams/atletico/collections/03-16/2015-61bd9b,2015-a32173,2015-61bd9b,BOTH,1,1,1,0,TRUE,TRUE
42541,/items/brasil/teams/atletico/collections/04-15/2015-a7139b,/items/brasil/teams/atletico/collections/03-16/2015-aaf7a6,2015-a7139b,2015-aaf7a6,BOTH,1,1,1,0,TRUE,TRUE
42542,/items/brasil/teams/atletico/collections/04-15/2015-3702bf,/items/brasil/teams/atletico/collections/06-16/2015,2015-3702bf,2015,BOTH,1,1,1,0,TRUE,TRUE
42543,/items/brasil/teams/atletico/collections/04-15/2015-02bc13,/items/brasil/teams/atletico/collections/06-16/2015-faa1bf,2015-02bc13,2015-faa1bf,BOTH,1,1,1,0,TRUE,TRUE
42544,/items/brasil/teams/atletico/collections/04-15/2015-9a7da0,/items/brasil/teams/atletico/collections/06-16/2015-5054d0,2015-9a7da0,2015-5054d0,BOTH,1,1,1,0,TRUE,TRUE
42547,/items/brasil/teams/atletico/collections/04-15/2015-9d5d99,/items/brasil/teams/atletico/collections/03-16/2015-f3a825,2015-9d5d99,2015-f3a825,BOTH,1,1,1,0,TRUE,TRUE
42548,/items/brasil/teams/atletico/collections/04-15/2015-61d854,/items/brasil/teams/atletico/collections/03-16/2015-71e69a,2015-61d854,2015-71e69a,BOTH,1,1,1,0,TRUE,TRUE
42549,/items/brasil/teams/atletico/collections/04-15/2015-41c4c9,/items/brasil/teams/atletico/collections/03-16/2015-74fcd5,2015-41c4c9,2015-74fcd5,BOTH,1,1,1,0,TRUE,TRUE
42550,/items/brasil/teams/atletico/collections/04-15/2015-25b390,/items/brasil/teams/atletico/collections/03-16/2015-9eedc0,2015-25b390,2015-9eedc0,BOTH,1,1,1,0,TRUE,TRUE
42551,/items/brasil/teams/atletico/collections/04-15/2015-a57db3,/items/brasil/teams/atletico/collections/03-16/2015-8e22ac,2015-a57db3,2015-8e22ac,BOTH,1,1,1,0,TRUE,TRUE
42552,/items/brasil/teams/atletico/collections/04-15/2015-733e5c,/items/brasil/teams/atletico/collections/04-16/2015,2015-733e5c,2015,BOTH,1,1,1,0,TRUE,TRUE
42553,/items/brasil/teams/atletico/collections/04-15/2015-b4b757,/items/brasil/teams/atletico/collections/04-16/2015-0749e2,2015-b4b757,2015-0749e2,BOTH,1,1,1,0,TRUE,TRUE
42554,/items/brasil/teams/atletico/collections/04-15/2015-d0fe39,/items/brasil/teams/atletico/collections/04-16/2015-7d162e,2015-d0fe39,2015-7d162e,BOTH,1,1,1,0,TRUE,TRUE
42557,/items/brasil/teams/atletico/collections/04-15/2015-055676,/items/brasil/teams/atletico/collections/03-16/2015-b0de82,2015-055676,2015-b0de82,BOTH,1,1,1,0,TRUE,TRUE
42559,/items/brasil/teams/atletico/collections/04-15/2015-65418b,/items/brasil/teams/atletico/collections/03-16/2015-3a5f5f,2015-65418b,2015-3a5f5f,BOTH,1,1,1,0,TRUE,TRUE
42560,/items/brasil/teams/atletico/collections/04-15/2015-33bc4f,/items/brasil/teams/atletico/collections/03-16/2015-379f43,2015-33bc4f,2015-379f43,BOTH,1,1,1,0,TRUE,TRUE
42568,/items/brasil/teams/atletico/collections/03-17/2016-3e56d3,/items/brasil/teams/atletico/collections/04-20/2016,2016-3e56d3,2016,BOTH,1,1,1,0,TRUE,TRUE
42569,/items/brasil/teams/atletico/collections/03-17/2016-016d26,/items/brasil/teams/atletico/collections/04-20/2016-0c433b,2016-016d26,2016-0c433b,BOTH,1,1,1,0,TRUE,TRUE
42570,/items/brasil/teams/atletico/collections/03-17/2016-e8d66a,/items/brasil/teams/atletico/collections/04-20/2016-c05079,2016-e8d66a,2016-c05079,BOTH,1,1,1,0,TRUE,TRUE
42583,/items/brasil/teams/atletico/collections/07-17/2017-21429e,/items/brasil/teams/atletico/collections/03-20/2017,2017-21429e,2017,BOTH,1,1,1,0,TRUE,TRUE
42584,/items/brasil/teams/atletico/collections/07-17/2017-ada18c,/items/brasil/teams/atletico/collections/03-20/2017-07bc19,2017-ada18c,2017-07bc19,BOTH,1,1,1,0,TRUE,TRUE
42586,/items/brasil/teams/atletico/collections/07-17/2017-6d9b3c,/items/brasil/teams/atletico/collections/11-17/2017,2017-6d9b3c,2017,BOTH,1,1,1,0,TRUE,TRUE
42587,/items/brasil/teams/atletico/collections/07-17/2017-75f716,/items/brasil/teams/atletico/collections/11-17/2017-940793,2017-75f716,2017-940793,BOTH,1,1,1,0,TRUE,TRUE
42589,/items/brasil/teams/atletico/collections/07-17/2017-eb01a3,/items/brasil/teams/atletico/collections/02-22/2017,2017-eb01a3,2017,BOTH,1,1,1,0,TRUE,TRUE
42590,/items/brasil/teams/atletico/collections/07-17/2017-a84e6f,/items/brasil/teams/atletico/collections/11-17/2017-2abc2c,2017-a84e6f,2017-2abc2c,BOTH,1,1,1,0,TRUE,TRUE
42592,/items/brasil/teams/atletico/collections/07-17/2017-4c3af5,/items/brasil/teams/atletico/collections/01-18/2017,2017-4c3af5,2017,BOTH,1,1,1,0,TRUE,TRUE
42593,/items/brasil/teams/atletico/collections/07-17/2017-31a182,/items/brasil/teams/atletico/collections/11-17/2017-754b24,2017-31a182,2017-754b24,BOTH,1,1,1,0,TRUE,TRUE
42595,/items/brasil/teams/atletico/collections/07-17/2017-8a71e3,/items/brasil/teams/atletico/collections/11-17/2017-277feb,2017-8a71e3,2017-277feb,BOTH,1,1,1,0,TRUE,TRUE
42599,/items/brasil/teams/atletico/collections/07-18/2018-3d96f0,/items/brasil/teams/atletico/collections/08-18/2018,2018-3d96f0,2018,BOTH,1,1,1,0,TRUE,TRUE
42600,/items/brasil/teams/atletico/collections/07-18/2018-c910e0,/items/brasil/teams/atletico/collections/08-18/2018-b986cb,2018-c910e0,2018-b986cb,BOTH,1,1,1,0,TRUE,TRUE
42602,/items/brasil/teams/atletico/collections/07-18/2018-52582b,/items/brasil/teams/atletico/collections/10-18/2018,2018-52582b,2018,BOTH,1,1,1,0,TRUE,TRUE
42603,/items/brasil/teams/atletico/collections/07-18/2018-f46ed7,/items/brasil/teams/atletico/collections/10-18/2018-171360,2018-f46ed7,2018-171360,BOTH,1,1,1,0,TRUE,TRUE
42604,/items/brasil/teams/atletico/collections/07-18/2018-660773,/items/brasil/teams/atletico/collections/10-18/2018-25850f,2018-660773,2018-25850f,BOTH,1,1,1,0,TRUE,TRUE
42605,/items/brasil/teams/atletico/collections/07-18/2018-0337ca,/items/brasil/teams/atletico/collections/03-19/2018,2018-0337ca,2018,BOTH,1,1,1,0,TRUE,TRUE
42606,/items/brasil/teams/atletico/collections/07-18/2018-cceb9f,/items/brasil/teams/atletico/collections/01-19/2018,2018-cceb9f,2018,BOTH,1,1,1,0,TRUE,TRUE
42607,/items/brasil/teams/atletico/collections/07-18/2018-df03bb,/items/brasil/teams/atletico/collections/01-19/2018-bcf023,2018-df03bb,2018-bcf023,BOTH,1,1,1,0,TRUE,TRUE
42608,/items/brasil/teams/atletico/collections/07-18/2018-18048e,/items/brasil/teams/atletico/collections/03-19/2018-65821d,2018-18048e,2018-65821d,BOTH,1,1,1,0,TRUE,TRUE
42609,/items/brasil/teams/atletico/collections/07-18/2018-aaace8,/items/brasil/teams/atletico/collections/03-19/2018-b667f9,2018-aaace8,2018-b667f9,BOTH,1,1,1,0,TRUE,TRUE
42610,/items/brasil/teams/atletico/collections/07-18/2018-8c5c72,/items/brasil/teams/atletico/collections/03-19/2018-85f2a0,2018-8c5c72,2018-85f2a0,BOTH,1,1,1,0,TRUE,TRUE
42611,/items/brasil/teams/atletico/collections/07-18/2018-76add2,/items/brasil/teams/atletico/collections/08-18/2018-e0a8be,2018-76add2,2018-e0a8be,BOTH,1,1,1,0,TRUE,TRUE
42612,/items/brasil/teams/atletico/collections/07-18/2018-e49ea3,/items/brasil/teams/atletico/collections/08-18/2018-421dd1,2018-e49ea3,2018-421dd1,BOTH,1,1,1,0,TRUE,TRUE
42613,/items/brasil/teams/atletico/collections/07-18/2018-f03372,/items/brasil/teams/atletico/collections/08-18/2018-2e68f2,2018-f03372,2018-2e68f2,BOTH,1,1,1,0,TRUE,TRUE
42614,/items/brasil/teams/atletico/collections/07-18/2018-de8040,/items/brasil/teams/atletico/collections/08-18/2018-fcf0bc,2018-de8040,2018-fcf0bc,BOTH,1,1,1,0,TRUE,TRUE
42615,/items/brasil/teams/atletico/collections/07-18/2018-3b47e5,/items/brasil/teams/atletico/collections/09-18/2018,2018-3b47e5,2018,BOTH,1,1,1,0,TRUE,TRUE
42616,/items/brasil/teams/atletico/collections/07-18/2018-18cb08,/items/brasil/teams/atletico/collections/09-18/2018-af4d7e,2018-18cb08,2018-af4d7e,BOTH,1,1,1,0,TRUE,TRUE
42621,/items/brasil/teams/atletico/collections/11-21/2019-f43c1d,/items/brasil/teams/atletico/collections/10-19/2019,2019-f43c1d,2019,BOTH,1,1,1,0,TRUE,TRUE
42622,/items/brasil/teams/atletico/collections/11-21/2019-ab8073,/items/brasil/teams/atletico/collections/10-19/2019-fab30f,2019-ab8073,2019-fab30f,BOTH,1,1,1,0,TRUE,TRUE
42623,/items/brasil/teams/atletico/collections/11-21/2019-609642,/items/brasil/teams/atletico/collections/01-20/2019,2019-609642,2019,BOTH,1,1,1,0,TRUE,TRUE
42624,/items/brasil/teams/atletico/collections/11-21/2019-3b07d8,/items/brasil/teams/atletico/collections/01-20/2019-5b8859,2019-3b07d8,2019-5b8859,BOTH,1,1,1,0,TRUE,TRUE
42625,/items/brasil/teams/atletico/collections/11-21/2019-64812d,/items/brasil/teams/atletico/collections/03-20/2019,2019-64812d,2019,BOTH,1,1,1,0,TRUE,TRUE
42626,/items/brasil/teams/atletico/collections/11-21/2019-fd46b1,/items/brasil/teams/atletico/collections/01-20/2019-4d5fe7,2019-fd46b1,2019-4d5fe7,BOTH,1,1,1,0,TRUE,TRUE
42628,/items/brasil/teams/atletico/collections/11-21/2019-23279b,/items/brasil/teams/atletico/collections/01-20/2019-5c1125,2019-23279b,2019-5c1125,BOTH,1,1,1,0,TRUE,TRUE
42629,/items/brasil/teams/atletico/collections/11-21/2019-e184dc,/items/brasil/teams/atletico/collections/01-20/2019-4903fd,2019-e184dc,2019-4903fd,BOTH,1,1,1,0,TRUE,TRUE
42630,/items/brasil/teams/atletico/collections/11-21/2019-d1eda4,/items/brasil/teams/atletico/collections/01-20/2019-bd2ad3,2019-d1eda4,2019-bd2ad3,BOTH,1,1,1,0,TRUE,TRUE
42631,/items/brasil/teams/atletico/collections/11-21/2019-7bb645,/items/brasil/teams/atletico/collections/01-20/2019-1f79ba,2019-7bb645,2019-1f79ba,BOTH,1,1,1,0,TRUE,TRUE
42632,/items/brasil/teams/atletico/collections/11-21/2019-401c6f,/items/brasil/teams/atletico/collections/03-20/2019-e6739f,2019-401c6f,2019-e6739f,BOTH,1,1,1,0,TRUE,TRUE
42634,/items/brasil/teams/atletico/collections/11-21/2019-689047,/items/brasil/teams/atletico/collections/01-20/2019-7e3fa9,2019-689047,2019-7e3fa9,BOTH,1,1,1,0,TRUE,TRUE
42635,/items/brasil/teams/atletico/collections/11-21/2019-b676a0,/items/brasil/teams/atletico/collections/03-20/2019-ee420c,2019-b676a0,2019-ee420c,BOTH,1,1,1,0,TRUE,TRUE
42636,/items/brasil/teams/atletico/collections/11-21/2019-d0fb98,/items/brasil/teams/atletico/collections/03-20/2019-45e83f,2019-d0fb98,2019-45e83f,BOTH,1,1,1,0,TRUE,TRUE
42642,/items/brasil/teams/atletico/collections/11-21-2/2021-1888a6,/items/brasil/teams/atletico/collections/02-22/2021,2021-1888a6,2021,BOTH,1,1,1,0,TRUE,TRUE
42643,/items/brasil/teams/atletico/collections/11-21-2/2021-77300c,/items/brasil/teams/atletico/collections/07-22/2021,2021-77300c,2021,BOTH,1,1,1,0,TRUE,TRUE
42644,/items/brasil/teams/atletico/collections/11-21-2/2021-4f42ea,/items/brasil/teams/atletico/collections/07-22/2021-725929,2021-4f42ea,2021-725929,BOTH,1,1,1,0,TRUE,TRUE
42647,/items/brasil/teams/atletico/collections/11-21-2/2021-c43f49,/items/brasil/teams/atletico/collections/02-22/2021-275d5a,2021-c43f49,2021-275d5a,BOTH,1,1,1,0,TRUE,TRUE
42648,/items/brasil/teams/atletico/collections/11-21-2/2021-89af58,/items/brasil/teams/atletico/collections/02-22/2021-ea82db,2021-89af58,2021-ea82db,BOTH,1,1,1,0,TRUE,TRUE
42649,/items/brasil/teams/atletico/collections/11-21-2/2021-89b299,/items/brasil/teams/atletico/collections/07-22/2021-bb016c,2021-89b299,2021-bb016c,BOTH,1,1,1,0,TRUE,TRUE
42650,/items/brasil/teams/atletico/collections/11-21-2/2021-23b2cc,/items/brasil/teams/atletico/collections/03-23/2021,2021-23b2cc,2021,BOTH,1,1,1,0,TRUE,TRUE
42651,/items/brasil/teams/atletico/collections/11-21-2/2021-4dc7ce,/items/brasil/teams/atletico/collections/08-23/2021,2021-4dc7ce,2021,BOTH,1,1,1,0,TRUE,TRUE
42657,/items/brasil/teams/atletico/collections/11-21-2/2021-f41313,/items/brasil/teams/atletico/collections/11-22/2021,2021-f41313,2021,BOTH,1,1,1,0,TRUE,TRUE
42660,/items/brasil/teams/atletico/collections/11-21-2/2021-c97760,/items/brasil/teams/atletico/collections/03-23/2021-c6cbe2,2021-c97760,2021-c6cbe2,BOTH,1,1,1,0,TRUE,TRUE
42661,/items/brasil/teams/atletico/collections/11-21-2/2021-e95c23,/items/brasil/teams/atletico/collections/08-23/2021-c19be0,2021-e95c23,2021-c19be0,BOTH,1,1,1,0,TRUE,TRUE
42664,/items/brasil/teams/atletico/collections/11-21-2/2021-4c06d1,/items/brasil/teams/atletico/collections/07-22/2021-fac4f5,2021-4c06d1,2021-fac4f5,BOTH,1,1,1,0,TRUE,TRUE
42665,/items/brasil/teams/atletico/collections/11-21-2/2021-a138e9,/items/brasil/teams/atletico/collections/02-22/2021-add786,2021-a138e9,2021-add786,BOTH,1,1,1,0,TRUE,TRUE
42666,/items/brasil/teams/atletico/collections/11-21-2/2021-322ccb,/items/brasil/teams/atletico/collections/08-23/2021-c6bad4,2021-322ccb,2021-c6bad4,BOTH,1,1,1,0,TRUE,TRUE
42675,/items/brasil/teams/atletico/collections/09-22/2022-38b199,/items/brasil/teams/atletico/collections/08-23/2022,2022-38b199,2022,BOTH,1,1,1,0,TRUE,TRUE
42678,/items/brasil/teams/atletico/collections/09-22/2022-5faff7,/items/brasil/teams/atletico/collections/03-23/2022,2022-5faff7,2022,BOTH,1,1,1,0,TRUE,TRUE
42681,/items/brasil/teams/atletico/collections/09-22/2022-bc7704,/items/brasil/teams/atletico/collections/03-23/2022-a8188e,2022-bc7704,2022-a8188e,BOTH,1,1,1,0,TRUE,TRUE
42682,/items/brasil/teams/atletico/collections/09-22/2022-fba0f7,/items/brasil/teams/atletico/collections/03-23/2022-d4ddeb,2022-fba0f7,2022-d4ddeb,BOTH,1,1,1,0,TRUE,TRUE
42683,/items/brasil/teams/atletico/collections/09-22/2022-aa81f4,/items/brasil/teams/atletico/collections/03-23/2022-da9db2,2022-aa81f4,2022-da9db2,BOTH,1,1,1,0,TRUE,TRUE
42684,/items/brasil/teams/atletico/collections/09-22/2022-504371,/items/brasil/teams/atletico/collections/03-23/2022-5eb9f7,2022-504371,2022-5eb9f7,BOTH,1,1,1,0,TRUE,TRUE
42685,/items/brasil/teams/atletico/collections/09-22/2022-8927d5,/items/brasil/teams/atletico/collections/03-23/2022-eefc05,2022-8927d5,2022-eefc05,BOTH,1,1,1,0,TRUE,TRUE
42686,/items/brasil/teams/atletico/collections/09-22/2022-8d714c,/items/brasil/teams/atletico/collections/09-24-2/2022,2022-8d714c,2022,BOTH,1,1,1,0,TRUE,TRUE
42687,/items/brasil/teams/atletico/collections/09-22/2022-b9c11d,/items/brasil/teams/atletico/collections/09-24-2/2022-2ea83a,2022-b9c11d,2022-2ea83a,BOTH,1,1,1,0,TRUE,TRUE
42688,/items/brasil/teams/atletico/collections/09-22/2022-4bc261,/items/brasil/teams/atletico/collections/03-25/2022,2022-4bc261,2022,BOTH,1,1,1,0,TRUE,TRUE
42690,/items/brasil/teams/atletico/collections/09-22/2022-356313,/items/brasil/teams/atletico/collections/09-24-2/2022-51ae53,2022-356313,2022-51ae53,BOTH,1,1,1,0,TRUE,TRUE
42693,/items/brasil/teams/atletico/collections/01-24/2023-e437a4,/items/brasil/teams/atletico/collections/08-23/2023,2023-e437a4,2023,BOTH,1,1,1,0,TRUE,TRUE
42694,/items/brasil/teams/atletico/collections/01-24/2023-f803c0,/items/brasil/teams/atletico/collections/08-23/2023-10ad7b,2023-f803c0,2023-10ad7b,BOTH,1,1,1,0,TRUE,TRUE
42695,/items/brasil/teams/atletico/collections/01-24/2023-0dbc35,/items/brasil/teams/atletico/collections/08-23/2023-07b1c4,2023-0dbc35,2023-07b1c4,BOTH,1,1,1,0,TRUE,TRUE
42696,/items/brasil/teams/atletico/collections/01-24/2023-48b450,/items/brasil/teams/atletico/collections/08-23/2023-06c9a5,2023-48b450,2023-06c9a5,BOTH,1,1,1,0,TRUE,TRUE
42699,/items/brasil/teams/atletico/collections/01-24/2023-078f5b,/items/brasil/teams/atletico/collections/05-24/2023,2023-078f5b,2023,BOTH,1,1,1,0,TRUE,TRUE
42700,/items/brasil/teams/atletico/collections/01-24/2023-5bb4e7,/items/brasil/teams/atletico/collections/03-25/2023,2023-5bb4e7,2023,BOTH,1,1,1,0,TRUE,TRUE
42701,/items/brasil/teams/atletico/collections/01-24/2023-2e6165,/items/brasil/teams/atletico/collections/03-25/2023-b168b1,2023-2e6165,2023-b168b1,BOTH,1,1,1,0,TRUE,TRUE
42702,/items/brasil/teams/atletico/collections/01-24/2023-3d66e3,/items/brasil/teams/atletico/collections/07-25-2/2023,2023-3d66e3,2023,BOTH,1,1,1,0,TRUE,TRUE
42703,/items/brasil/teams/atletico/collections/01-24/2023-d0e730,/items/brasil/teams/atletico/collections/03-25/2023-cdbec5,2023-d0e730,2023-cdbec5,BOTH,1,1,1,0,TRUE,TRUE
42704,/items/brasil/teams/atletico/collections/01-24/2023-1f902c,/items/brasil/teams/atletico/collections/03-25/2023-222bb6,2023-1f902c,2023-222bb6,BOTH,1,1,1,0,TRUE,TRUE
42706,/items/brasil/teams/atletico/collections/01-24/2023-0d89ce,/items/brasil/teams/atletico/collections/08-23/2023-dfb351,2023-0d89ce,2023-dfb351,BOTH,1,1,1,0,TRUE,TRUE
42714,/items/brasil/teams/atletico/collections/01-24/2023-f6d5ed,/items/brasil/teams/atletico/collections/05-24/2023-50c3bb,2023-f6d5ed,2023-50c3bb,BOTH,1,1,1,0,TRUE,TRUE
42715,/items/brasil/teams/atletico/collections/01-24/2023-060d29,/items/brasil/teams/atletico/collections/05-24/2023-c242e6,2023-060d29,2023-c242e6,BOTH,1,1,1,0,TRUE,TRUE
42719,/items/brasil/teams/atletico/collections/01-24/2023-d46bad,/items/brasil/teams/atletico/collections/08-23/2023-7f4729,2023-d46bad,2023-7f4729,BOTH,1,1,1,0,TRUE,TRUE
42720,/items/brasil/teams/atletico/collections/01-24/2023-75d417,/items/brasil/teams/atletico/collections/08-23/2023-a3dd74,2023-75d417,2023-a3dd74,BOTH,1,1,1,0,TRUE,TRUE
42721,/items/brasil/teams/atletico/collections/01-24/2023-8f245e,/items/brasil/teams/atletico/collections/09-24-2/2023,2023-8f245e,2023,BOTH,1,1,1,0,TRUE,TRUE
42722,/items/brasil/teams/atletico/collections/01-24/2023-66a141,/items/brasil/teams/atletico/collections/09-24-2/2023-01e15f,2023-66a141,2023-01e15f,BOTH,1,1,1,0,TRUE,TRUE
42723,/items/brasil/teams/atletico/collections/01-24/2023-ad1a1e,/items/brasil/teams/atletico/collections/09-24-2/2023-86833f,2023-ad1a1e,2023-86833f,BOTH,1,1,1,0,TRUE,TRUE
42724,/items/brasil/teams/atletico/collections/01-24/2023-abd758,/items/brasil/teams/atletico/collections/09-24-2/2023-27f0f7,2023-abd758,2023-27f0f7,BOTH,1,1,1,0,TRUE,TRUE
42727,/items/brasil/teams/atletico/collections/01-24/2023-311c2c,/items/brasil/teams/atletico/collections/08-23/2023-6e4699,2023-311c2c,2023-6e4699,BOTH,1,1,1,0,TRUE,TRUE
42728,/items/brasil/teams/atletico/collections/01-24/2023-05cfd9,/items/brasil/teams/atletico/collections/08-23/2023-492d3f,2023-05cfd9,2023-492d3f,BOTH,1,1,1,0,TRUE,TRUE
42729,/items/brasil/teams/atletico/collections/01-24/2023-9d7bda,/items/brasil/teams/atletico/collections/08-23/2023-2a7c2d,2023-9d7bda,2023-2a7c2d,BOTH,1,1,1,0,TRUE,TRUE
42730,/items/brasil/teams/atletico/collections/01-24/2023-663830,/items/brasil/teams/atletico/collections/08-23/2023-b0df89,2023-663830,2023-b0df89,BOTH,1,1,1,0,TRUE,TRUE
42733,/items/brasil/teams/atletico/collections/01-24/2023-a515f3,/items/brasil/teams/atletico/collections/05-24/2023-99d50b,2023-a515f3,2023-99d50b,BOTH,1,1,1,0,TRUE,TRUE
42735,/items/brasil/teams/atletico/collections/01-24/2023-6275c5,/items/brasil/teams/atletico/collections/08-23/2023-b42ef8,2023-6275c5,2023-b42ef8,BOTH,1,1,1,0,TRUE,TRUE
42743,/items/brasil/teams/atletico/collections/01-24/2023-af41b0,/items/brasil/teams/atletico/collections/05-24/2023-d11afc,2023-af41b0,2023-d11afc,BOTH,1,1,1,0,TRUE,TRUE
42744,/items/brasil/teams/atletico/collections/01-24/2023-38c3bb,/items/brasil/teams/atletico/collections/05-24/2023-ca59a9,2023-38c3bb,2023-ca59a9,BOTH,1,1,1,0,TRUE,TRUE
42748,/items/brasil/teams/atletico/collections/01-24/2023-bf50a6,/items/brasil/teams/atletico/collections/08-23/2023-c358a0,2023-bf50a6,2023-c358a0,BOTH,1,1,1,0,TRUE,TRUE
42749,/items/brasil/teams/atletico/collections/01-24/2023-9d7dad,/items/brasil/teams/atletico/collections/08-23/2023-1ff30d,2023-9d7dad,2023-1ff30d,BOTH,1,1,1,0,TRUE,TRUE
42752,/items/brasil/teams/atletico/collections/09-24-3/2024-7d8c76,/items/brasil/teams/atletico/collections/03-25/2024,2024-7d8c76,2024,BOTH,1,1,1,0,TRUE,TRUE
42753,/items/brasil/teams/atletico/collections/09-24-3/2024-b7eff9,/items/brasil/teams/atletico/collections/03-25/2024-8f761a,2024-b7eff9,2024-8f761a,BOTH,1,1,1,0,TRUE,TRUE
42755,/items/brasil/teams/atletico/collections/09-24-3/2024-05da64,/items/brasil/teams/atletico/collections/03-25/2024-35d383,2024-05da64,2024-35d383,BOTH,1,1,1,0,TRUE,TRUE
42758,/items/brasil/teams/atletico/collections/09-24-3/2024-26bceb,/items/brasil/teams/atletico/collections/03-25/2024-a0e6f6,2024-26bceb,2024-a0e6f6,BOTH,1,1,1,0,TRUE,TRUE
42759,/items/brasil/teams/atletico/collections/09-24-3/2024-1416d5,/items/brasil/teams/atletico/collections/03-25/2024-80f439,2024-1416d5,2024-80f439,BOTH,1,1,1,0,TRUE,TRUE
42760,/items/brasil/teams/atletico/collections/09-24-3/2024-dcea35,/items/brasil/teams/atletico/collections/03-25/2024-8aa7ec,2024-dcea35,2024-8aa7ec,BOTH,1,1,1,0,TRUE,TRUE
42761,/items/brasil/teams/atletico/collections/09-24-3/2024-8f4bb5,/items/brasil/teams/atletico/collections/03-25/2024-e8a016,2024-8f4bb5,2024-e8a016,BOTH,1,1,1,0,TRUE,TRUE
42763,/items/brasil/teams/atletico/collections/09-24-3/2024-258a3d,/items/brasil/teams/atletico/collections/03-25/2024-77ec13,2024-258a3d,2024-77ec13,BOTH,1,1,1,0,TRUE,TRUE
42764,/items/brasil/teams/atletico/collections/09-24-3/2024-daf272,/items/brasil/teams/atletico/collections/03-25/2024-1df718,2024-daf272,2024-1df718,BOTH,1,1,1,0,TRUE,TRUE
42765,/items/brasil/teams/atletico/collections/09-24-3/2024-4b5605,/items/brasil/teams/atletico/collections/03-25/2024-41d5bb,2024-4b5605,2024-41d5bb,BOTH,1,1,1,0,TRUE,TRUE
42766,/items/brasil/teams/atletico/collections/09-24-3/2024-6452cf,/items/brasil/teams/atletico/collections/03-25/2024-e8d33e,2024-6452cf,2024-e8d33e,BOTH,1,1,1,0,TRUE,TRUE
42767,/items/brasil/teams/atletico/collections/09-24-3/2024-3e0b22,/items/brasil/teams/atletico/collections/03-25/2024-967736,2024-3e0b22,2024-967736,BOTH,1,1,1,0,TRUE,TRUE
42769,/items/brasil/teams/atletico/collections/09-24-3/2024-f9a4d4,/items/brasil/teams/atletico/collections/03-25/2024-0cec7b,2024-f9a4d4,2024-0cec7b,BOTH,1,1,1,0,TRUE,TRUE
42772,/items/brasil/teams/atletico/collections/09-24-3/2024-298c97,/items/brasil/teams/atletico/collections/02-25/2024,2024-298c97,2024,BOTH,1,1,1,0,TRUE,TRUE
42773,/items/brasil/teams/atletico/collections/09-24-3/2024-a9db49,/items/brasil/teams/atletico/collections/02-25/2024-f95eb9,2024-a9db49,2024-f95eb9,BOTH,1,1,1,0,TRUE,TRUE
42782,/items/brasil/teams/atleticop/collections/03-19/2018-924aa9,/items/brasil/teams/atleticop/collections/11-21/2018,2018-924aa9,2018,BOTH,1,1,1,0,TRUE,TRUE
42830,/items/brasil/teams/botafogo/collections/11-17/2017-29134a,/items/brasil/teams/botafogo/collections/01-18/2017,2017-29134a,2017,BOTH,1,1,1,0,TRUE,TRUE
42832,/items/brasil/teams/botafogo/collections/11-18/2018-3ed6c8,/items/brasil/teams/botafogo/collections/03-19/2018,2018-3ed6c8,2018,BOTH,1,1,1,0,TRUE,TRUE
42833,/items/brasil/teams/botafogo/collections/11-18/2018-126ca3,/items/brasil/teams/botafogo/collections/11-21/2018,2018-126ca3,2018,BOTH,1,1,1,0,TRUE,TRUE
42858,/items/brasil/teams/chapecoense/collections/10-19/2019-41b0eb,/items/brasil/teams/chapecoense/collections/01-20/2019,2019-41b0eb,2019,BOTH,1,1,1,0,TRUE,TRUE
42920,/items/brasil/teams/corinthians/collections/06-14/2014-e88bbf,/items/brasil/teams/corinthians/collections/03-15/2014,2014-e88bbf,2014,BOTH,1,1,1,0,TRUE,TRUE
42925,/items/brasil/teams/corinthians/collections/04-15/2015-015a69,/items/brasil/teams/corinthians/collections/05-15/2015,2015-015a69,2015,BOTH,1,1,1,0,TRUE,TRUE
42926,/items/brasil/teams/corinthians/collections/04-15/2015-7c56bc,/items/brasil/teams/corinthians/collections/01-16/2015,2015-7c56bc,2015,BOTH,1,1,1,0,TRUE,TRUE
42927,/items/brasil/teams/corinthians/collections/04-15/2015-49f949,/items/brasil/teams/corinthians/collections/03-16/2015,2015-49f949,2015,BOTH,1,1,1,0,TRUE,TRUE
42928,/items/brasil/teams/corinthians/collections/04-15/2015-4a7cc6,/items/brasil/teams/corinthians/collections/04-16/2015,2015-4a7cc6,2015,BOTH,1,1,1,0,TRUE,TRUE
42929,/items/brasil/teams/corinthians/collections/04-15/2015-72778a,/items/brasil/teams/corinthians/collections/06-16/2015,2015-72778a,2015,BOTH,1,1,1,0,TRUE,TRUE
42930,/items/brasil/teams/corinthians/collections/04-15/2015-c380d1,/items/brasil/teams/corinthians/collections/06-16/2015-cd2cd1,2015-c380d1,2015-cd2cd1,BOTH,1,1,1,0,TRUE,TRUE
42932,/items/brasil/teams/corinthians/collections/04-15/2015-34cdab,/items/brasil/teams/corinthians/collections/01-16/2015-99bfd6,2015-34cdab,2015-99bfd6,BOTH,1,1,1,0,TRUE,TRUE
42933,/items/brasil/teams/corinthians/collections/04-15/2015-23fab3,/items/brasil/teams/corinthians/collections/01-16/2015-b14b4c,2015-23fab3,2015-b14b4c,BOTH,1,1,1,0,TRUE,TRUE
42934,/items/brasil/teams/corinthians/collections/04-15/2015-92f4ab,/items/brasil/teams/corinthians/collections/04-16/2015-0dbc63,2015-92f4ab,2015-0dbc63,BOTH,1,1,1,0,TRUE,TRUE
42935,/items/brasil/teams/corinthians/collections/04-15/2015-faa793,/items/brasil/teams/corinthians/collections/03-16/2015-d78247,2015-faa793,2015-d78247,BOTH,1,1,1,0,TRUE,TRUE
42937,/items/brasil/teams/corinthians/collections/07-17/2016-b567ee,/items/brasil/teams/corinthians/collections/06-16/2016,2016-b567ee,2016,BOTH,1,1,1,0,TRUE,TRUE
42940,/items/brasil/teams/corinthians/collections/07-17/2016-266811,/items/brasil/teams/corinthians/collections/02-17/2016,2016-266811,2016,BOTH,1,1,1,0,TRUE,TRUE
42941,/items/brasil/teams/corinthians/collections/07-17/2016-5c37fa,/items/brasil/teams/corinthians/collections/08-17/2016,2016-5c37fa,2016,BOTH,1,1,1,0,TRUE,TRUE
42958,/items/brasil/teams/corinthians/collections/07-17/2017-c00842,/items/brasil/teams/corinthians/collections/11-17/2017,2017-c00842,2017,BOTH,1,1,1,0,TRUE,TRUE
42959,/items/brasil/teams/corinthians/collections/07-17/2017-9030f5,/items/brasil/teams/corinthians/collections/01-18/2017,2017-9030f5,2017,BOTH,1,1,1,0,TRUE,TRUE
42962,/items/brasil/teams/corinthians/collections/07-17/2017-adcfd6,/items/brasil/teams/corinthians/collections/11-17/2017-7121b8,2017-adcfd6,2017-7121b8,BOTH,1,1,1,0,TRUE,TRUE
42963,/items/brasil/teams/corinthians/collections/07-17/2017-27b1ff,/items/brasil/teams/corinthians/collections/11-17/2017-ae89c1,2017-27b1ff,2017-ae89c1,BOTH,1,1,1,0,TRUE,TRUE
42964,/items/brasil/teams/corinthians/collections/07-17/2017-18859b,/items/brasil/teams/corinthians/collections/01-18/2017-a86532,2017-18859b,2017-a86532,BOTH,1,1,1,0,TRUE,TRUE
42965,/items/brasil/teams/corinthians/collections/07-17/2017-6d7e9d,/items/brasil/teams/corinthians/collections/01-18/2017-76771c,2017-6d7e9d,2017-76771c,BOTH,1,1,1,0,TRUE,TRUE
42966,/items/brasil/teams/corinthians/collections/07-17/2017-f19280,/items/brasil/teams/corinthians/collections/01-18/2017-5371b0,2017-f19280,2017-5371b0,BOTH,1,1,1,0,TRUE,TRUE
42968,/items/brasil/teams/corinthians/collections/07-17/2017-43d08e,/items/brasil/teams/corinthians/collections/11-17/2017-d82400,2017-43d08e,2017-d82400,BOTH,1,1,1,0,TRUE,TRUE
42969,/items/brasil/teams/corinthians/collections/07-17/2017-ec6438,/items/brasil/teams/corinthians/collections/11-17/2017-212443,2017-ec6438,2017-212443,BOTH,1,1,1,0,TRUE,TRUE
42971,/items/brasil/teams/corinthians/collections/06-18/2018-3425d9,/items/brasil/teams/corinthians/collections/07-18/2018,2018-3425d9,2018,BOTH,1,1,1,0,TRUE,TRUE
42972,/items/brasil/teams/corinthians/collections/06-18/2018-6e71d7,/items/brasil/teams/corinthians/collections/07-18/2018-57686e,2018-6e71d7,2018-57686e,BOTH,1,1,1,0,TRUE,TRUE
42973,/items/brasil/teams/corinthians/collections/06-18/2018-a1bc19,/items/brasil/teams/corinthians/collections/09-18/2018,2018-a1bc19,2018,BOTH,1,1,1,0,TRUE,TRUE
42974,/items/brasil/teams/corinthians/collections/06-18/2018-ce0e39,/items/brasil/teams/corinthians/collections/10-18/2018,2018-ce0e39,2018,BOTH,1,1,1,0,TRUE,TRUE
42975,/items/brasil/teams/corinthians/collections/06-18/2018-3754b4,/items/brasil/teams/corinthians/collections/07-18/2018-3b2add,2018-3754b4,2018-3b2add,BOTH,1,1,1,0,TRUE,TRUE
42976,/items/brasil/teams/corinthians/collections/06-18/2018-76d403,/items/brasil/teams/corinthians/collections/08-18/2018,2018-76d403,2018,BOTH,1,1,1,0,TRUE,TRUE
42977,/items/brasil/teams/corinthians/collections/06-18/2018-017d9c,/items/brasil/teams/corinthians/collections/10-18/2018-9f89f9,2018-017d9c,2018-9f89f9,BOTH,1,1,1,0,TRUE,TRUE
42978,/items/brasil/teams/corinthians/collections/06-18/2018-0b91b0,/items/brasil/teams/corinthians/collections/11-18/2018,2018-0b91b0,2018,BOTH,1,1,1,0,TRUE,TRUE
42979,/items/brasil/teams/corinthians/collections/06-18/2018-760ba5,/items/brasil/teams/corinthians/collections/11-21/2018,2018-760ba5,2018,BOTH,1,1,1,0,TRUE,TRUE
42980,/items/brasil/teams/corinthians/collections/06-18/2018-6143fa,/items/brasil/teams/corinthians/collections/01-20/2018,2018-6143fa,2018,BOTH,1,1,1,0,TRUE,TRUE
42981,/items/brasil/teams/corinthians/collections/06-18/2018-7058c4,/items/brasil/teams/corinthians/collections/01-20/2018-405562,2018-7058c4,2018-405562,BOTH,1,1,1,0,TRUE,TRUE
42982,/items/brasil/teams/corinthians/collections/06-18/2018-bb283f,/items/brasil/teams/corinthians/collections/01-20/2018-57c958,2018-bb283f,2018-57c958,BOTH,1,1,1,0,TRUE,TRUE
42985,/items/brasil/teams/corinthians/collections/07-19/2019-9c7b2f,/items/brasil/teams/corinthians/collections/01-20/2019,2019-9c7b2f,2019,BOTH,1,1,1,0,TRUE,TRUE
42986,/items/brasil/teams/corinthians/collections/07-19/2019-9c0cbe,/items/brasil/teams/corinthians/collections/01-20/2019-8317ba,2019-9c0cbe,2019-8317ba,BOTH,1,1,1,0,TRUE,TRUE
42987,/items/brasil/teams/corinthians/collections/07-19/2019-3f9aff,/items/brasil/teams/corinthians/collections/01-20/2019-49e7f7,2019-3f9aff,2019-49e7f7,BOTH,1,1,1,0,TRUE,TRUE
42990,/items/brasil/teams/corinthians/collections/07-19/2019-925378,/items/brasil/teams/corinthians/collections/01-20/2019-105dfb,2019-925378,2019-105dfb,BOTH,1,1,1,0,TRUE,TRUE
42992,/items/brasil/teams/corinthians/collections/07-19/2019-98428d,/items/brasil/teams/corinthians/collections/03-20/2019,2019-98428d,2019,BOTH,1,1,1,0,TRUE,TRUE
42993,/items/brasil/teams/corinthians/collections/07-19/2019-c6f2a7,/items/brasil/teams/corinthians/collections/01-20/2019-7c819d,2019-c6f2a7,2019-7c819d,BOTH,1,1,1,0,TRUE,TRUE
42994,/items/brasil/teams/corinthians/collections/07-19/2019-91bb6b,/items/brasil/teams/corinthians/collections/01-20/2019-22b0f4,2019-91bb6b,2019-22b0f4,BOTH,1,1,1,0,TRUE,TRUE
42995,/items/brasil/teams/corinthians/collections/07-19/2019-1ddb7f,/items/brasil/teams/corinthians/collections/01-20/2019-dd830a,2019-1ddb7f,2019-dd830a,BOTH,1,1,1,0,TRUE,TRUE
42996,/items/brasil/teams/corinthians/collections/07-19/2019-1fcb2d,/items/brasil/teams/corinthians/collections/03-20/2019-c7444f,2019-1fcb2d,2019-c7444f,BOTH,1,1,1,0,TRUE,TRUE
42997,/items/brasil/teams/corinthians/collections/07-19/2019-1b1097,/items/brasil/teams/corinthians/collections/01-20/2019-df1077,2019-1b1097,2019-df1077,BOTH,1,1,1,0,TRUE,TRUE
43001,/items/brasil/teams/corinthians/collections/04-21/2020-e6ab87,/items/brasil/teams/corinthians/collections/11-21-2/2020,2020-e6ab87,2020,BOTH,1,1,1,0,TRUE,TRUE
43066,/items/brasil/teams/cruzeiro/collections/05-15/2015-f3d249,/items/brasil/teams/cruzeiro/collections/03-16/2015,2015-f3d249,2015,BOTH,1,1,1,0,TRUE,TRUE
43067,/items/brasil/teams/cruzeiro/collections/05-15/2015-697f08,/items/brasil/teams/cruzeiro/collections/01-16/2015,2015-697f08,2015,BOTH,1,1,1,0,TRUE,TRUE
43068,/items/brasil/teams/cruzeiro/collections/05-15/2015-3cfed0,/items/brasil/teams/cruzeiro/collections/03-16/2015-80dbe3,2015-3cfed0,2015-80dbe3,BOTH,1,1,1,0,TRUE,TRUE
43069,/items/brasil/teams/cruzeiro/collections/05-15/2015-a7b218,/items/brasil/teams/cruzeiro/collections/01-16/2015-a2da5e,2015-a7b218,2015-a2da5e,BOTH,1,1,1,0,TRUE,TRUE
43070,/items/brasil/teams/cruzeiro/collections/05-15/2015-abd983,/items/brasil/teams/cruzeiro/collections/03-16/2015-05ddbb,2015-abd983,2015-05ddbb,BOTH,1,1,1,0,TRUE,TRUE
43072,/items/brasil/teams/cruzeiro/collections/02-17/2016-2a6264,/items/brasil/teams/cruzeiro/collections/07-17/2016,2016-2a6264,2016,BOTH,1,1,1,0,TRUE,TRUE
43073,/items/brasil/teams/cruzeiro/collections/02-17/2016-678641,/items/brasil/teams/cruzeiro/collections/07-17/2016-725863,2016-678641,2016-725863,BOTH,1,1,1,0,TRUE,TRUE
43074,/items/brasil/teams/cruzeiro/collections/02-17/2016-dd7d75,/items/brasil/teams/cruzeiro/collections/07-17/2016-2326c9,2016-dd7d75,2016-2326c9,BOTH,1,1,1,0,TRUE,TRUE
43075,/items/brasil/teams/cruzeiro/collections/02-17/2016-84bd19,/items/brasil/teams/cruzeiro/collections/07-17/2016-89ba90,2016-84bd19,2016-89ba90,BOTH,1,1,1,0,TRUE,TRUE
43076,/items/brasil/teams/cruzeiro/collections/02-17/2016-311eac,/items/brasil/teams/cruzeiro/collections/03-17/2016,2016-311eac,2016,BOTH,1,1,1,0,TRUE,TRUE
43078,/items/brasil/teams/cruzeiro/collections/01-18/2017-045a53,/items/brasil/teams/cruzeiro/collections/11-17/2017,2017-045a53,2017,BOTH,1,1,1,0,TRUE,TRUE
43082,/items/brasil/teams/cruzeiro/collections/01-18/2017-ec2545,/items/brasil/teams/cruzeiro/collections/11-17/2017-35e470,2017-ec2545,2017-35e470,BOTH,1,1,1,0,TRUE,TRUE
43085,/items/brasil/teams/cruzeiro/collections/06-18/2018-da552c,/items/brasil/teams/cruzeiro/collections/08-18/2018,2018-da552c,2018,BOTH,1,1,1,0,TRUE,TRUE
43086,/items/brasil/teams/cruzeiro/collections/06-18/2018-1f7c11,/items/brasil/teams/cruzeiro/collections/08-18/2018-015817,2018-1f7c11,2018-015817,BOTH,1,1,1,0,TRUE,TRUE
43089,/items/brasil/teams/cruzeiro/collections/06-18/2018-4626bd,/items/brasil/teams/cruzeiro/collections/09-18/2018,2018-4626bd,2018,BOTH,1,1,1,0,TRUE,TRUE
43148,/items/brasil/teams/flamengo/collections/03-15/2014-c68ff1,/items/brasil/teams/flamengo/collections/08-14/2014,2014-c68ff1,2014,BOTH,1,1,1,0,TRUE,TRUE
43151,/items/brasil/teams/flamengo/collections/01-16/2015-2f2a41,/items/brasil/teams/flamengo/collections/08-18/2015,2015-2f2a41,2015,BOTH,1,1,1,0,TRUE,TRUE
43155,/items/brasil/teams/flamengo/collections/07-17/2016-dd7d1a,/items/brasil/teams/flamengo/collections/08-18/2016,2016-dd7d1a,2016,BOTH,1,1,1,0,TRUE,TRUE
43159,/items/brasil/teams/flamengo/collections/01-18/2017-8116bd,/items/brasil/teams/flamengo/collections/08-18/2017,2017-8116bd,2017,BOTH,1,1,1,0,TRUE,TRUE
43163,/items/brasil/teams/flamengo/collections/04-21/2019-73618e,/items/brasil/teams/flamengo/collections/01-20/2019,2019-73618e,2019,BOTH,1,1,1,0,TRUE,TRUE
43168,/items/brasil/teams/flamengo/collections/11-21/2021-9d2c88,/items/brasil/teams/flamengo/collections/07-22/2021,2021-9d2c88,2021,BOTH,1,1,1,0,TRUE,TRUE
43169,/items/brasil/teams/flamengo/collections/11-21/2021-fca624,/items/brasil/teams/flamengo/collections/07-22/2021-6350c2,2021-fca624,2021-6350c2,BOTH,1,1,1,0,TRUE,TRUE
43170,/items/brasil/teams/flamengo/collections/11-21/2021-d8289b,/items/brasil/teams/flamengo/collections/07-22/2021-ed27b9,2021-d8289b,2021-ed27b9,BOTH,1,1,1,0,TRUE,TRUE
43171,/items/brasil/teams/flamengo/collections/11-21/2021-47cfa7,/items/brasil/teams/flamengo/collections/07-22/2021-e4541c,2021-47cfa7,2021-e4541c,BOTH,1,1,1,0,TRUE,TRUE
43172,/items/brasil/teams/flamengo/collections/11-21/2021-d1f02e,/items/brasil/teams/flamengo/collections/09-22/2021,2021-d1f02e,2021,BOTH,1,1,1,0,TRUE,TRUE
43173,/items/brasil/teams/flamengo/collections/11-21/2021-3f7375,/items/brasil/teams/flamengo/collections/07-22/2021-d8872f,2021-3f7375,2021-d8872f,BOTH,1,1,1,0,TRUE,TRUE
43202,/items/brasil/teams/fluminense/collections/01-16/2015-c35be2,/items/brasil/teams/fluminense/collections/06-16/2015,2015-c35be2,2015,BOTH,1,1,1,0,TRUE,TRUE
43209,/items/brasil/teams/fluminense/collections/07-17/2016-93e53b,/items/brasil/teams/fluminense/collections/11-17/2016,2016-93e53b,2016,BOTH,1,1,1,0,TRUE,TRUE
43212,/items/brasil/teams/fluminense/collections/02-22/2021-025e10,/items/brasil/teams/fluminense/collections/07-22/2021,2021-025e10,2021,BOTH,1,1,1,0,TRUE,TRUE
43214,/items/brasil/teams/fluminense/collections/01-24/2023-8c3ecf,/items/brasil/teams/fluminense/collections/09-24/2023,2023-8c3ecf,2023,BOTH,1,1,1,0,TRUE,TRUE
43246,/items/brasil/teams/gremio/collections/06-13/2013-e62a97,/items/brasil/teams/gremio/collections/08-14-2/2013,2013-e62a97,2013,BOTH,1,1,1,0,TRUE,TRUE
43250,/items/brasil/teams/gremio/collections/06-16/2015-49316b,/items/brasil/teams/gremio/collections/02-17/2015,2015-49316b,2015,BOTH,1,1,1,0,TRUE,TRUE
43251,/items/brasil/teams/gremio/collections/06-16/2015-3b84f7,/items/brasil/teams/gremio/collections/04-16/2015,2015-3b84f7,2015,BOTH,1,1,1,0,TRUE,TRUE
43262,/items/brasil/teams/gremio/collections/07-17/2017-c55121,/items/brasil/teams/gremio/collections/08-18/2017,2017-c55121,2017,BOTH,1,1,1,0,TRUE,TRUE
43263,/items/brasil/teams/gremio/collections/07-17/2017-df3303,/items/brasil/teams/gremio/collections/01-18/2017,2017-df3303,2017,BOTH,1,1,1,0,TRUE,TRUE
43264,/items/brasil/teams/gremio/collections/07-17/2017-6636d9,/items/brasil/teams/gremio/collections/01-18/2017-3954f8,2017-6636d9,2017-3954f8,BOTH,1,1,1,0,TRUE,TRUE
43265,/items/brasil/teams/gremio/collections/07-17/2017-33ccdc,/items/brasil/teams/gremio/collections/01-18/2017-f4b367,2017-33ccdc,2017-f4b367,BOTH,1,1,1,0,TRUE,TRUE
43267,/items/brasil/teams/gremio/collections/07-17/2017-c5b509,/items/brasil/teams/gremio/collections/11-17/2017,2017-c5b509,2017,BOTH,1,1,1,0,TRUE,TRUE
43268,/items/brasil/teams/gremio/collections/07-17/2017-931e34,/items/brasil/teams/gremio/collections/01-18/2017-a31a62,2017-931e34,2017-a31a62,BOTH,1,1,1,0,TRUE,TRUE
43269,/items/brasil/teams/gremio/collections/07-17/2017-e12a4d,/items/brasil/teams/gremio/collections/01-18/2017-0f5682,2017-e12a4d,2017-0f5682,BOTH,1,1,1,0,TRUE,TRUE
43273,/items/brasil/teams/gremio/collections/07-18/2018-b07e0b,/items/brasil/teams/gremio/collections/10-18/2018,2018-b07e0b,2018,BOTH,1,1,1,0,TRUE,TRUE
43274,/items/brasil/teams/gremio/collections/07-18/2018-cbf15a,/items/brasil/teams/gremio/collections/01-19/2018,2018-cbf15a,2018,BOTH,1,1,1,0,TRUE,TRUE
43275,/items/brasil/teams/gremio/collections/07-18/2018-e8fdf7,/items/brasil/teams/gremio/collections/01-19/2018-e00461,2018-e8fdf7,2018-e00461,BOTH,1,1,1,0,TRUE,TRUE
43276,/items/brasil/teams/gremio/collections/07-18/2018-50d0bb,/items/brasil/teams/gremio/collections/03-19/2018,2018-50d0bb,2018,BOTH,1,1,1,0,TRUE,TRUE
43277,/items/brasil/teams/gremio/collections/07-18/2018-d0375f,/items/brasil/teams/gremio/collections/08-18/2018,2018-d0375f,2018,BOTH,1,1,1,0,TRUE,TRUE
43278,/items/brasil/teams/gremio/collections/07-18/2018-90c0f1,/items/brasil/teams/gremio/collections/09-18/2018,2018-90c0f1,2018,BOTH,1,1,1,0,TRUE,TRUE
43279,/items/brasil/teams/gremio/collections/07-18/2018-2c28d9,/items/brasil/teams/gremio/collections/10-18/2018-6d0b13,2018-2c28d9,2018-6d0b13,BOTH,1,1,1,0,TRUE,TRUE
43280,/items/brasil/teams/gremio/collections/07-18/2018-ac667d,/items/brasil/teams/gremio/collections/01-19/2018-327971,2018-ac667d,2018-327971,BOTH,1,1,1,0,TRUE,TRUE
43282,/items/brasil/teams/gremio/collections/07-18/2018-88f0fd,/items/brasil/teams/gremio/collections/08-18/2018-d3f434,2018-88f0fd,2018-d3f434,BOTH,1,1,1,0,TRUE,TRUE
43283,/items/brasil/teams/gremio/collections/07-18/2018-13ced9,/items/brasil/teams/gremio/collections/10-18/2018-ef8199,2018-13ced9,2018-ef8199,BOTH,1,1,1,0,TRUE,TRUE
43284,/items/brasil/teams/gremio/collections/07-18/2018-eb2be1,/items/brasil/teams/gremio/collections/04-20/2018,2018-eb2be1,2018,BOTH,1,1,1,0,TRUE,TRUE
43285,/items/brasil/teams/gremio/collections/07-18/2018-34bf59,/items/brasil/teams/gremio/collections/11-21/2018,2018-34bf59,2018,BOTH,1,1,1,0,TRUE,TRUE
43286,/items/brasil/teams/gremio/collections/07-18/2018-829cdd,/items/brasil/teams/gremio/collections/11-21/2018-c2c1a5,2018-829cdd,2018-c2c1a5,BOTH,1,1,1,0,TRUE,TRUE
43289,/items/brasil/teams/gremio/collections/07-18/2018-17d03d,/items/brasil/teams/gremio/collections/10-18/2018-3c97bd,2018-17d03d,2018-3c97bd,BOTH,1,1,1,0,TRUE,TRUE
43290,/items/brasil/teams/gremio/collections/07-18/2018-281a22,/items/brasil/teams/gremio/collections/10-18/2018-90dc79,2018-281a22,2018-90dc79,BOTH,1,1,1,0,TRUE,TRUE
43291,/items/brasil/teams/gremio/collections/07-18/2018-0c4785,/items/brasil/teams/gremio/collections/01-19/2018-5ab36e,2018-0c4785,2018-5ab36e,BOTH,1,1,1,0,TRUE,TRUE
43292,/items/brasil/teams/gremio/collections/07-18/2018-aee669,/items/brasil/teams/gremio/collections/01-19/2018-8d6a2e,2018-aee669,2018-8d6a2e,BOTH,1,1,1,0,TRUE,TRUE
43293,/items/brasil/teams/gremio/collections/07-18/2018-1702cd,/items/brasil/teams/gremio/collections/09-18/2018-966a51,2018-1702cd,2018-966a51,BOTH,1,1,1,0,TRUE,TRUE
43294,/items/brasil/teams/gremio/collections/07-18/2018-7007af,/items/brasil/teams/gremio/collections/01-19/2018-06e7e1,2018-7007af,2018-06e7e1,BOTH,1,1,1,0,TRUE,TRUE
43297,/items/brasil/teams/gremio/collections/07-18/2018-20a474,/items/brasil/teams/gremio/collections/03-19/2018-4156b3,2018-20a474,2018-4156b3,BOTH,1,1,1,0,TRUE,TRUE
43298,/items/brasil/teams/gremio/collections/07-18/2018-9cdd5d,/items/brasil/teams/gremio/collections/08-18/2018-f7eb99,2018-9cdd5d,2018-f7eb99,BOTH,1,1,1,0,TRUE,TRUE
43301,/items/brasil/teams/gremio/collections/07-19/2019-01b45e,/items/brasil/teams/gremio/collections/01-20/2019,2019-01b45e,2019,BOTH,1,1,1,0,TRUE,TRUE
43302,/items/brasil/teams/gremio/collections/07-19/2019-fe85ce,/items/brasil/teams/gremio/collections/01-20/2019-a1eab0,2019-fe85ce,2019-a1eab0,BOTH,1,1,1,0,TRUE,TRUE
43303,/items/brasil/teams/gremio/collections/07-19/2019-31f211,/items/brasil/teams/gremio/collections/01-20/2019-aedd89,2019-31f211,2019-aedd89,BOTH,1,1,1,0,TRUE,TRUE
43304,/items/brasil/teams/gremio/collections/07-19/2019-284f18,/items/brasil/teams/gremio/collections/01-20/2019-f50c1c,2019-284f18,2019-f50c1c,BOTH,1,1,1,0,TRUE,TRUE
43305,/items/brasil/teams/gremio/collections/07-19/2019-e7d995,/items/brasil/teams/gremio/collections/01-20/2019-01eaf8,2019-e7d995,2019-01eaf8,BOTH,1,1,1,0,TRUE,TRUE
43306,/items/brasil/teams/gremio/collections/07-19/2019-1b454c,/items/brasil/teams/gremio/collections/01-20/2019-5b8f3c,2019-1b454c,2019-5b8f3c,BOTH,1,1,1,0,TRUE,TRUE
43307,/items/brasil/teams/gremio/collections/07-19/2019-4eb055,/items/brasil/teams/gremio/collections/01-20/2019-c36098,2019-4eb055,2019-c36098,BOTH,1,1,1,0,TRUE,TRUE
43308,/items/brasil/teams/gremio/collections/07-19/2019-175206,/items/brasil/teams/gremio/collections/01-20/2019-8d3b07,2019-175206,2019-8d3b07,BOTH,1,1,1,0,TRUE,TRUE
43309,/items/brasil/teams/gremio/collections/07-19/2019-541cf1,/items/brasil/teams/gremio/collections/01-20/2019-7b6a65,2019-541cf1,2019-7b6a65,BOTH,1,1,1,0,TRUE,TRUE
43311,/items/brasil/teams/gremio/collections/07-19/2019-2dbe7f,/items/brasil/teams/gremio/collections/01-20/2019-bb5ccc,2019-2dbe7f,2019-bb5ccc,BOTH,1,1,1,0,TRUE,TRUE
43312,/items/brasil/teams/gremio/collections/07-19/2019-7ed22f,/items/brasil/teams/gremio/collections/01-20/2019-9f29e8,2019-7ed22f,2019-9f29e8,BOTH,1,1,1,0,TRUE,TRUE
43313,/items/brasil/teams/gremio/collections/07-19/2019-51c6fd,/items/brasil/teams/gremio/collections/01-20/2019-e35025,2019-51c6fd,2019-e35025,BOTH,1,1,1,0,TRUE,TRUE
43314,/items/brasil/teams/gremio/collections/07-19/2019-4bb8d7,/items/brasil/teams/gremio/collections/03-20/2019,2019-4bb8d7,2019,BOTH,1,1,1,0,TRUE,TRUE
43315,/items/brasil/teams/gremio/collections/07-19/2019-6bda76,/items/brasil/teams/gremio/collections/01-20/2019-e3fe48,2019-6bda76,2019-e3fe48,BOTH,1,1,1,0,TRUE,TRUE
43321,/items/brasil/teams/gremio/collections/09-24/2023-7da4f9,/items/brasil/teams/gremio/collections/03-25/2023,2023-7da4f9,2023,BOTH,1,1,1,0,TRUE,TRUE
43322,/items/brasil/teams/gremio/collections/09-24/2023-4d75a4,/items/brasil/teams/gremio/collections/03-25/2023-b7c87f,2023-4d75a4,2023-b7c87f,BOTH,1,1,1,0,TRUE,TRUE
43352,/items/brasil/teams/internacional/collections/12-11/1987-27119a,/items/brasil/teams/internacional/collections/04-14/1987,1987-27119a,1987,BOTH,1,1,1,0,TRUE,TRUE
43366,/items/brasil/teams/internacional/collections/06-14/2014-69faf4,/items/brasil/teams/internacional/collections/03-15/2014,2014-69faf4,2014,BOTH,1,1,1,0,TRUE,TRUE
43367,/items/brasil/teams/internacional/collections/06-14/2014-6e5cc1,/items/brasil/teams/internacional/collections/03-15/2014-2f1de6,2014-6e5cc1,2014-2f1de6,BOTH,1,1,1,0,TRUE,TRUE
43369,/items/brasil/teams/internacional/collections/04-15/2015-39cbd9,/items/brasil/teams/internacional/collections/05-15/2015,2015-39cbd9,2015,BOTH,1,1,1,0,TRUE,TRUE
43370,/items/brasil/teams/internacional/collections/04-15/2015-8f516c,/items/brasil/teams/internacional/collections/03-16/2015,2015-8f516c,2015,BOTH,1,1,1,0,TRUE,TRUE
43371,/items/brasil/teams/internacional/collections/04-15/2015-c6da40,/items/brasil/teams/internacional/collections/03-16/2015-91f860,2015-c6da40,2015-91f860,BOTH,1,1,1,0,TRUE,TRUE
43373,/items/brasil/teams/internacional/collections/04-15/2015-091212,/items/brasil/teams/internacional/collections/03-16/2015-b8fd07,2015-091212,2015-b8fd07,BOTH,1,1,1,0,TRUE,TRUE
43377,/items/brasil/teams/internacional/collections/03-17/2016-69ed4b,/items/brasil/teams/internacional/collections/11-17/2016,2016-69ed4b,2016,BOTH,1,1,1,0,TRUE,TRUE
43380,/items/brasil/teams/internacional/collections/03-17/2016-6f8b6a,/items/brasil/teams/internacional/collections/11-17/2016-146f04,2016-6f8b6a,2016-146f04,BOTH,1,1,1,0,TRUE,TRUE
43385,/items/brasil/teams/internacional/collections/07-22/2021-721ba5,/items/brasil/teams/internacional/collections/01-24/2021,2021-721ba5,2021,BOTH,1,1,1,0,TRUE,TRUE
43392,/items/brasil/teams/londrina/collections/04-21/1977-ac24e7,/items/brasil/teams/londrina/collections/11-21/1977,1977-ac24e7,1977,BOTH,1,1,1,0,TRUE,TRUE
43451,/items/brasil/teams/palmeiras/collections/07-17/2013-583783,/items/brasil/teams/palmeiras/collections/04-16/2013,2013-583783,2013,BOTH,1,1,1,0,TRUE,TRUE
43455,/items/brasil/teams/palmeiras/collections/01-16/2015-9c05c5,/items/brasil/teams/palmeiras/collections/03-16/2015,2015-9c05c5,2015,BOTH,1,1,1,0,TRUE,TRUE
43456,/items/brasil/teams/palmeiras/collections/01-16/2015-0fb7e6,/items/brasil/teams/palmeiras/collections/04-16/2015,2015-0fb7e6,2015,BOTH,1,1,1,0,TRUE,TRUE
43457,/items/brasil/teams/palmeiras/collections/01-16/2015-9e405d,/items/brasil/teams/palmeiras/collections/03-16/2015-5ca745,2015-9e405d,2015-5ca745,BOTH,1,1,1,0,TRUE,TRUE
43458,/items/brasil/teams/palmeiras/collections/01-16/2015-349210,/items/brasil/teams/palmeiras/collections/03-16/2015-cf758b,2015-349210,2015-cf758b,BOTH,1,1,1,0,TRUE,TRUE
43462,/items/brasil/teams/palmeiras/collections/01-16/2015-3b9571,/items/brasil/teams/palmeiras/collections/05-15/2015,2015-3b9571,2015,BOTH,1,1,1,0,TRUE,TRUE
43463,/items/brasil/teams/palmeiras/collections/01-16/2015-f557d3,/items/brasil/teams/palmeiras/collections/04-16/2015-700d15,2015-f557d3,2015-700d15,BOTH,1,1,1,0,TRUE,TRUE
43470,/items/brasil/teams/palmeiras/collections/07-17/2016-933801,/items/brasil/teams/palmeiras/collections/02-17/2016,2016-933801,2016,BOTH,1,1,1,0,TRUE,TRUE
43471,/items/brasil/teams/palmeiras/collections/07-17/2016-2fe073,/items/brasil/teams/palmeiras/collections/02-17/2016-25cd08,2016-2fe073,2016-25cd08,BOTH,1,1,1,0,TRUE,TRUE
43472,/items/brasil/teams/palmeiras/collections/07-17/2016-4848c9,/items/brasil/teams/palmeiras/collections/03-17/2016,2016-4848c9,2016,BOTH,1,1,1,0,TRUE,TRUE
43473,/items/brasil/teams/palmeiras/collections/07-17/2016-472cae,/items/brasil/teams/palmeiras/collections/03-17/2016-7b59c1,2016-472cae,2016-7b59c1,BOTH,1,1,1,0,TRUE,TRUE
43474,/items/brasil/teams/palmeiras/collections/07-17/2016-a73dbe,/items/brasil/teams/palmeiras/collections/11-17/2016,2016-a73dbe,2016,BOTH,1,1,1,0,TRUE,TRUE
43477,/items/brasil/teams/palmeiras/collections/08-17/2017-ae7fd1,/items/brasil/teams/palmeiras/collections/11-17/2017,2017-ae7fd1,2017,BOTH,1,1,1,0,TRUE,TRUE
43478,/items/brasil/teams/palmeiras/collections/08-17/2017-d7d3a8,/items/brasil/teams/palmeiras/collections/01-20/2017,2017-d7d3a8,2017,BOTH,1,1,1,0,TRUE,TRUE
43479,/items/brasil/teams/palmeiras/collections/08-17/2017-fbf018,/items/brasil/teams/palmeiras/collections/11-17/2017-2d1e4c,2017-fbf018,2017-2d1e4c,BOTH,1,1,1,0,TRUE,TRUE
43481,/items/brasil/teams/palmeiras/collections/08-17/2017-7d144a,/items/brasil/teams/palmeiras/collections/01-18/2017,2017-7d144a,2017,BOTH,1,1,1,0,TRUE,TRUE
43484,/items/brasil/teams/palmeiras/collections/07-18/2018-acdcb7,/items/brasil/teams/palmeiras/collections/08-18/2018,2018-acdcb7,2018,BOTH,1,1,1,0,TRUE,TRUE
43485,/items/brasil/teams/palmeiras/collections/07-18/2018-97c32e,/items/brasil/teams/palmeiras/collections/08-18/2018-771228,2018-97c32e,2018-771228,BOTH,1,1,1,0,TRUE,TRUE
43486,/items/brasil/teams/palmeiras/collections/07-18/2018-fe94a9,/items/brasil/teams/palmeiras/collections/09-18/2018,2018-fe94a9,2018,BOTH,1,1,1,0,TRUE,TRUE
43488,/items/brasil/teams/palmeiras/collections/07-18/2018-856eaf,/items/brasil/teams/palmeiras/collections/01-19/2018,2018-856eaf,2018,BOTH,1,1,1,0,TRUE,TRUE
43489,/items/brasil/teams/palmeiras/collections/07-18/2018-b1bb05,/items/brasil/teams/palmeiras/collections/11-21/2018,2018-b1bb05,2018,BOTH,1,1,1,0,TRUE,TRUE
43492,/items/brasil/teams/palmeiras/collections/07-18/2018-e1a3be,/items/brasil/teams/palmeiras/collections/01-20/2018,2018-e1a3be,2018,BOTH,1,1,1,0,TRUE,TRUE
43493,/items/brasil/teams/palmeiras/collections/07-18/2018-6fcd3b,/items/brasil/teams/palmeiras/collections/03-19/2018,2018-6fcd3b,2018,BOTH,1,1,1,0,TRUE,TRUE
43498,/items/brasil/teams/palmeiras/collections/03-25/2024-76c2c9,/items/brasil/teams/palmeiras/collections/07-25/2024,2024-76c2c9,2024,BOTH,1,1,1,0,TRUE,TRUE
43572,/items/brasil/teams/santos/collections/02-13/2012-34ecfd,/items/brasil/teams/santos/collections/11-13/2012,2012-34ecfd,2012,BOTH,1,1,1,0,TRUE,TRUE
43578,/items/brasil/teams/santos/collections/06-13/2012-0d7995,/items/brasil/teams/santos/collections/11-14/2012,2012-0d7995,2012,BOTH,1,1,1,0,TRUE,TRUE
43580,/items/brasil/teams/santos/collections/06-13/2012-d1e53a,/items/brasil/teams/santos/collections/07-13/2012,2012-d1e53a,2012,BOTH,1,1,1,0,TRUE,TRUE
43587,/items/brasil/teams/santos/collections/06-14/2014-2aa1f5,/items/brasil/teams/santos/collections/03-15/2014,2014-2aa1f5,2014,BOTH,1,1,1,0,TRUE,TRUE
43588,/items/brasil/teams/santos/collections/06-14/2014-eec1a5,/items/brasil/teams/santos/collections/03-15/2014-d9d1ae,2014-eec1a5,2014-d9d1ae,BOTH,1,1,1,0,TRUE,TRUE
43589,/items/brasil/teams/santos/collections/06-14/2014-9a36f4,/items/brasil/teams/santos/collections/03-15/2014-cb72c3,2014-9a36f4,2014-cb72c3,BOTH,1,1,1,0,TRUE,TRUE
43590,/items/brasil/teams/santos/collections/06-14/2014-ace857,/items/brasil/teams/santos/collections/04-15/2014,2014-ace857,2014,BOTH,1,1,1,0,TRUE,TRUE
43592,/items/brasil/teams/santos/collections/06-14/2014-d904c1,/items/brasil/teams/santos/collections/08-14/2014,2014-d904c1,2014,BOTH,1,1,1,0,TRUE,TRUE
43593,/items/brasil/teams/santos/collections/06-14/2014-d81784,/items/brasil/teams/santos/collections/08-14/2014-df3fa7,2014-d81784,2014-df3fa7,BOTH,1,1,1,0,TRUE,TRUE
43594,/items/brasil/teams/santos/collections/06-14/2014-289404,/items/brasil/teams/santos/collections/08-14/2014-fab357,2014-289404,2014-fab357,BOTH,1,1,1,0,TRUE,TRUE
43595,/items/brasil/teams/santos/collections/06-14/2014-5de94e,/items/brasil/teams/santos/collections/08-14/2014-d5d1e6,2014-5de94e,2014-d5d1e6,BOTH,1,1,1,0,TRUE,TRUE
43599,/items/brasil/teams/santos/collections/05-15/2015-d01959,/items/brasil/teams/santos/collections/01-16/2015,2015-d01959,2015,BOTH,1,1,1,0,TRUE,TRUE
43600,/items/brasil/teams/santos/collections/05-15/2015-7a83ea,/items/brasil/teams/santos/collections/01-16/2015-9ecfbb,2015-7a83ea,2015-9ecfbb,BOTH,1,1,1,0,TRUE,TRUE
43619,/items/brasil/teams/santos/collections/05-15/2015-e77bf7,/items/brasil/teams/santos/collections/01-16/2015-874b1a,2015-e77bf7,2015-874b1a,BOTH,1,1,1,0,TRUE,TRUE
43620,/items/brasil/teams/santos/collections/05-15/2015-a1543a,/items/brasil/teams/santos/collections/01-16/2015-e6db7d,2015-a1543a,2015-e6db7d,BOTH,1,1,1,0,TRUE,TRUE
43636,/items/brasil/teams/santos/collections/04-16/2016-211ae8,/items/brasil/teams/santos/collections/03-17/2016,2016-211ae8,2016,BOTH,1,1,1,0,TRUE,TRUE
43637,/items/brasil/teams/santos/collections/04-16/2016-2f5806,/items/brasil/teams/santos/collections/03-17/2016-38c731,2016-2f5806,2016-38c731,BOTH,1,1,1,0,TRUE,TRUE
43643,/items/brasil/teams/santos/collections/07-17/2017-bb944c,/items/brasil/teams/santos/collections/11-17/2017,2017-bb944c,2017,BOTH,1,1,1,0,TRUE,TRUE
43646,/items/brasil/teams/santos/collections/07-17/2017-5dc03d,/items/brasil/teams/santos/collections/11-17-2/2017,2017-5dc03d,2017,BOTH,1,1,1,0,TRUE,TRUE
43647,/items/brasil/teams/santos/collections/07-17/2017-fd0ad9,/items/brasil/teams/santos/collections/01-18/2017,2017-fd0ad9,2017,BOTH,1,1,1,0,TRUE,TRUE
43649,/items/brasil/teams/santos/collections/06-18/2018-d83270,/items/brasil/teams/santos/collections/07-18/2018,2018-d83270,2018,BOTH,1,1,1,0,TRUE,TRUE
43650,/items/brasil/teams/santos/collections/06-18/2018-93ca60,/items/brasil/teams/santos/collections/10-18/2018,2018-93ca60,2018,BOTH,1,1,1,0,TRUE,TRUE
43651,/items/brasil/teams/santos/collections/06-18/2018-11e6e5,/items/brasil/teams/santos/collections/07-18/2018-248122,2018-11e6e5,2018-248122,BOTH,1,1,1,0,TRUE,TRUE
43652,/items/brasil/teams/santos/collections/06-18/2018-6c81c4,/items/brasil/teams/santos/collections/01-19/2018,2018-6c81c4,2018,BOTH,1,1,1,0,TRUE,TRUE
43653,/items/brasil/teams/santos/collections/06-18/2018-e6dc57,/items/brasil/teams/santos/collections/03-19/2018,2018-e6dc57,2018,BOTH,1,1,1,0,TRUE,TRUE
43654,/items/brasil/teams/santos/collections/06-18/2018-1b054d,/items/brasil/teams/santos/collections/10-18/2018-827530,2018-1b054d,2018-827530,BOTH,1,1,1,0,TRUE,TRUE
43657,/items/brasil/teams/santos/collections/07-19/2019-9e79ee,/items/brasil/teams/santos/collections/11-21/2019,2019-9e79ee,2019,BOTH,1,1,1,0,TRUE,TRUE
43658,/items/brasil/teams/santos/collections/07-19/2019-a61477,/items/brasil/teams/santos/collections/11-21/2019-f2b677,2019-a61477,2019-f2b677,BOTH,1,1,1,0,TRUE,TRUE
43661,/items/brasil/teams/santos/collections/07-19/2019-32dad5,/items/brasil/teams/santos/collections/10-19/2019,2019-32dad5,2019,BOTH,1,1,1,0,TRUE,TRUE
43662,/items/brasil/teams/santos/collections/07-19/2019-4f89e3,/items/brasil/teams/santos/collections/01-20/2019,2019-4f89e3,2019,BOTH,1,1,1,0,TRUE,TRUE
43670,/items/brasil/teams/santos/collections/11-21-2/2021-e8da3f,/items/brasil/teams/santos/collections/02-22/2021,2021-e8da3f,2021,BOTH,1,1,1,0,TRUE,TRUE
43671,/items/brasil/teams/santos/collections/11-21-2/2021-f993ab,/items/brasil/teams/santos/collections/02-22/2021-9df988,2021-f993ab,2021-9df988,BOTH,1,1,1,0,TRUE,TRUE
43672,/items/brasil/teams/santos/collections/11-21-2/2021-eb3d84,/items/brasil/teams/santos/collections/02-22/2021-332d0a,2021-eb3d84,2021-332d0a,BOTH,1,1,1,0,TRUE,TRUE
43716,/items/brasil/teams/saopaulo/collections/03-14-2/2013-e2b402,/items/brasil/teams/saopaulo/collections/11-13/2013,2013-e2b402,2013,BOTH,1,1,1,0,TRUE,TRUE
43717,/items/brasil/teams/saopaulo/collections/03-14-2/2013-9f128d,/items/brasil/teams/saopaulo/collections/04-14/2013,2013-9f128d,2013,BOTH,1,1,1,0,TRUE,TRUE
43722,/items/brasil/teams/saopaulo/collections/08-14-2/2014-03e74a,/items/brasil/teams/saopaulo/collections/03-15/2014,2014-03e74a,2014,BOTH,1,1,1,0,TRUE,TRUE
43723,/items/brasil/teams/saopaulo/collections/08-14-2/2014-8d46e1,/items/brasil/teams/saopaulo/collections/03-15/2014-27a662,2014-8d46e1,2014-27a662,BOTH,1,1,1,0,TRUE,TRUE
43724,/items/brasil/teams/saopaulo/collections/08-14-2/2014-01221d,/items/brasil/teams/saopaulo/collections/04-15/2014,2014-01221d,2014,BOTH,1,1,1,0,TRUE,TRUE
43726,/items/brasil/teams/saopaulo/collections/08-14-2/2014-bce5d7,/items/brasil/teams/saopaulo/collections/03-15/2014-a251af,2014-bce5d7,2014-a251af,BOTH,1,1,1,0,TRUE,TRUE
43727,/items/brasil/teams/saopaulo/collections/08-14-2/2014-6247b3,/items/brasil/teams/saopaulo/collections/03-15/2014-8a461f,2014-6247b3,2014-8a461f,BOTH,1,1,1,0,TRUE,TRUE
43728,/items/brasil/teams/saopaulo/collections/08-14-2/2014-4a2d55,/items/brasil/teams/saopaulo/collections/03-15/2014-1f6cae,2014-4a2d55,2014-1f6cae,BOTH,1,1,1,0,TRUE,TRUE
43729,/items/brasil/teams/saopaulo/collections/08-14-2/2014-a7b596,/items/brasil/teams/saopaulo/collections/03-15/2014-ef578d,2014-a7b596,2014-ef578d,BOTH,1,1,1,0,TRUE,TRUE
43733,/items/brasil/teams/saopaulo/collections/04-16/2015-cb78b4,/items/brasil/teams/saopaulo/collections/04-15/2015,2015-cb78b4,2015,BOTH,1,1,1,0,TRUE,TRUE
43734,/items/brasil/teams/saopaulo/collections/04-16/2015-e94215,/items/brasil/teams/saopaulo/collections/04-15/2015-050238,2015-e94215,2015-050238,BOTH,1,1,1,0,TRUE,TRUE
43740,/items/brasil/teams/saopaulo/collections/07-17/2017-60d244,/items/brasil/teams/saopaulo/collections/11-17/2017,2017-60d244,2017,BOTH,1,1,1,0,TRUE,TRUE
43741,/items/brasil/teams/saopaulo/collections/07-17/2017-413b37,/items/brasil/teams/saopaulo/collections/01-18/2017,2017-413b37,2017,BOTH,1,1,1,0,TRUE,TRUE
43742,/items/brasil/teams/saopaulo/collections/07-17/2017-3c78cb,/items/brasil/teams/saopaulo/collections/01-18/2017-3aba7c,2017-3c78cb,2017-3aba7c,BOTH,1,1,1,0,TRUE,TRUE
43743,/items/brasil/teams/saopaulo/collections/07-17/2017-6833e0,/items/brasil/teams/saopaulo/collections/01-18/2017-5b0a7a,2017-6833e0,2017-5b0a7a,BOTH,1,1,1,0,TRUE,TRUE
43745,/items/brasil/teams/saopaulo/collections/06-18/2018-fdf96c,/items/brasil/teams/saopaulo/collections/11-18/2018,2018-fdf96c,2018,BOTH,1,1,1,0,TRUE,TRUE
43746,/items/brasil/teams/saopaulo/collections/06-18/2018-f3950d,/items/brasil/teams/saopaulo/collections/11-18/2018-2af13a,2018-f3950d,2018-2af13a,BOTH,1,1,1,0,TRUE,TRUE
43747,/items/brasil/teams/saopaulo/collections/06-18/2018-c556f8,/items/brasil/teams/saopaulo/collections/11-18/2018-c70796,2018-c556f8,2018-c70796,BOTH,1,1,1,0,TRUE,TRUE
43748,/items/brasil/teams/saopaulo/collections/06-18/2018-45d5a0,/items/brasil/teams/saopaulo/collections/11-18/2018-b711dd,2018-45d5a0,2018-b711dd,BOTH,1,1,1,0,TRUE,TRUE
43755,/items/brasil/teams/saopaulo/collections/11-21/2021-45150f,/items/brasil/teams/saopaulo/collections/07-22/2021,2021-45150f,2021,BOTH,1,1,1,0,TRUE,TRUE
43758,/items/brasil/teams/saopaulo/collections/09-24/2024-120d7b,/items/brasil/teams/saopaulo/collections/03-25/2024,2024-120d7b,2024,BOTH,1,1,1,0,TRUE,TRUE
43759,/items/brasil/teams/saopaulo/collections/09-24/2024-065afa,/items/brasil/teams/saopaulo/collections/03-25/2024-2a1dbc,2024-065afa,2024-2a1dbc,BOTH,1,1,1,0,TRUE,TRUE
43884,/items/brasil/teams/sport/collections/07-17/2017-e5f3db,/items/brasil/teams/sport/collections/11-17/2017,2017-e5f3db,2017,BOTH,1,1,1,0,TRUE,TRUE
43938,/items/brasil/teams/xvpira/collections/07-17/2012-eecdaa,/items/brasil/teams/xvpira/collections/08-22/2012,2012-eecdaa,2012,BOTH,1,1,1,0,TRUE,TRUE
43939,/items/brasil/teams/xvpira/collections/07-17/2012-04b9b4,/items/brasil/teams/xvpira/collections/09-22/2012,2012-04b9b4,2012,BOTH,1,1,1,0,TRUE,TRUE
43948,/items/brasil/teams/xvpira/collections/07-17/2015-25b411,/items/brasil/teams/xvpira/collections/08-22/2015,2015-25b411,2015,BOTH,1,1,1,0,TRUE,TRUE
43950,/items/brasil/teams/xvpira/collections/07-17/2015-f30d6d,/items/brasil/teams/xvpira/collections/08-22/2015-139dc5,2015-f30d6d,2015-139dc5,BOTH,1,1,1,0,TRUE,TRUE
43951,/items/brasil/teams/xvpira/collections/07-17/2015-2f2642,/items/brasil/teams/xvpira/collections/08-22/2015-b467dc,2015-2f2642,2015-b467dc,BOTH,1,1,1,0,TRUE,TRUE
44018,/items/italia/teams/bologna/collections/03-20/1963-1964-ac60b2,/items/italia/teams/bologna/collections/04-20/1963-1964,1963-1964-ac60b2,1963-1964,BOTH,1,1,1,0,TRUE,TRUE
44129,/items/italia/teams/cagliari/collections/11-13/2012-2013-3cab71,/items/italia/teams/cagliari/collections/01-14/2012-2013,2012-2013-3cab71,2012-2013,BOTH,1,1,1,0,TRUE,TRUE
44152,/items/italia/teams/cagliari/collections/03-14-2/2013-2014-194cc9,/items/italia/teams/cagliari/collections/07-17/2013-2014,2013-2014-194cc9,2013-2014,BOTH,1,1,1,0,TRUE,TRUE
44156,/items/italia/teams/cagliari/collections/02-17/2014-2015-0599b2,/items/italia/teams/cagliari/collections/07-17/2014-2015,2014-2015-0599b2,2014-2015,BOTH,1,1,1,0,TRUE,TRUE
44157,/items/italia/teams/cagliari/collections/02-17/2014-2015-653029,/items/italia/teams/cagliari/collections/07-17/2014-2015-33a6e2,2014-2015-653029,2014-2015-33a6e2,BOTH,1,1,1,0,TRUE,TRUE
44158,/items/italia/teams/cagliari/collections/02-17/2014-2015-7ea559,/items/italia/teams/cagliari/collections/07-17/2014-2015-534f3e,2014-2015-7ea559,2014-2015-534f3e,BOTH,1,1,1,0,TRUE,TRUE
44159,/items/italia/teams/cagliari/collections/02-17/2014-2015-900e9d,/items/italia/teams/cagliari/collections/07-17/2014-2015-8965cc,2014-2015-900e9d,2014-2015-8965cc,BOTH,1,1,1,0,TRUE,TRUE
44160,/items/italia/teams/cagliari/collections/02-17/2014-2015-d037aa,/items/italia/teams/cagliari/collections/07-17/2014-2015-5b2b6f,2014-2015-d037aa,2014-2015-5b2b6f,BOTH,1,1,1,0,TRUE,TRUE
44161,/items/italia/teams/cagliari/collections/02-17/2014-2015-39583b,/items/italia/teams/cagliari/collections/07-17/2014-2015-145ed6,2014-2015-39583b,2014-2015-145ed6,BOTH,1,1,1,0,TRUE,TRUE
44163,/items/italia/teams/cagliari/collections/02-17/2014-2015-a7e52d,/items/italia/teams/cagliari/collections/07-17/2014-2015-4ec1b8,2014-2015-a7e52d,2014-2015-4ec1b8,BOTH,1,1,1,0,TRUE,TRUE
44164,/items/italia/teams/cagliari/collections/02-17/2014-2015-b87563,/items/italia/teams/cagliari/collections/07-17/2014-2015-57bd37,2014-2015-b87563,2014-2015-57bd37,BOTH,1,1,1,0,TRUE,TRUE
44165,/items/italia/teams/cagliari/collections/02-17/2014-2015-b11d1b,/items/italia/teams/cagliari/collections/07-17/2014-2015-464a30,2014-2015-b11d1b,2014-2015-464a30,BOTH,1,1,1,0,TRUE,TRUE
44166,/items/italia/teams/cagliari/collections/02-17/2014-2015-9561aa,/items/italia/teams/cagliari/collections/07-17/2014-2015-e56669,2014-2015-9561aa,2014-2015-e56669,BOTH,1,1,1,0,TRUE,TRUE
44167,/items/italia/teams/cagliari/collections/02-17/2014-2015-ebd9a1,/items/italia/teams/cagliari/collections/07-17/2014-2015-fc6c33,2014-2015-ebd9a1,2014-2015-fc6c33,BOTH,1,1,1,0,TRUE,TRUE
44168,/items/italia/teams/cagliari/collections/02-17/2014-2015-a56135,/items/italia/teams/cagliari/collections/07-17/2014-2015-1fd082,2014-2015-a56135,2014-2015-1fd082,BOTH,1,1,1,0,TRUE,TRUE
44169,/items/italia/teams/cagliari/collections/02-17/2014-2015-eff04f,/items/italia/teams/cagliari/collections/07-17/2014-2015-8587cb,2014-2015-eff04f,2014-2015-8587cb,BOTH,1,1,1,0,TRUE,TRUE
44170,/items/italia/teams/cagliari/collections/02-17/2014-2015-36b6fb,/items/italia/teams/cagliari/collections/07-17/2014-2015-5612d7,2014-2015-36b6fb,2014-2015-5612d7,BOTH,1,1,1,0,TRUE,TRUE
44173,/items/italia/teams/cagliari/collections/02-17/2015-2016-661bf2,/items/italia/teams/cagliari/collections/07-17/2015-2016,2015-2016-661bf2,2015-2016,BOTH,1,1,1,0,TRUE,TRUE
44178,/items/italia/teams/cagliari/collections/02-17/2016-2017-cd200f,/items/italia/teams/cagliari/collections/07-17/2016-2017,2016-2017-cd200f,2016-2017,BOTH,1,1,1,0,TRUE,TRUE
44186,/items/italia/teams/cagliari/collections/02-17/2016-2017-92e52c,/items/italia/teams/cagliari/collections/07-17/2016-2017-5702cc,2016-2017-92e52c,2016-2017-5702cc,BOTH,1,1,1,0,TRUE,TRUE
44225,/items/italia/teams/cagliari/collections/10-19/2018-2019-5d4b59,/items/italia/teams/cagliari/collections/09-24-2/2018-2019,2018-2019-5d4b59,2018-2019,BOTH,1,1,1,0,TRUE,TRUE
44247,/items/italia/teams/cagliari/collections/07-22/2020-2021-2d7d25,/items/italia/teams/cagliari/collections/03-23/2020-2021,2020-2021-2d7d25,2020-2021,BOTH,1,1,1,0,TRUE,TRUE
44268,/items/italia/teams/cagliari/collections/05-24/2023-2024-4c11d4,/items/italia/teams/cagliari/collections/09-24/2023-2024,2023-2024-4c11d4,2023-2024,BOTH,1,1,1,0,TRUE,TRUE
44269,/items/italia/teams/cagliari/collections/05-24/2023-2024-25a6f9,/items/italia/teams/cagliari/collections/09-24/2023-2024-cbd840,2023-2024-25a6f9,2023-2024-cbd840,BOTH,1,1,1,0,TRUE,TRUE
44270,/items/italia/teams/cagliari/collections/05-24/2023-2024-83b892,/items/italia/teams/cagliari/collections/09-24/2023-2024-7fe204,2023-2024-83b892,2023-2024-7fe204,BOTH,1,1,1,0,TRUE,TRUE
44274,/items/italia/teams/cagliari/collections/02-25/2024-2025-518e01,/items/italia/teams/cagliari/collections/07-25/2024-2025,2024-2025-518e01,2024-2025,BOTH,1,1,1,0,TRUE,TRUE
44275,/items/italia/teams/cagliari/collections/02-25/2024-2025-b72a7d,/items/italia/teams/cagliari/collections/07-25/2024-2025-fc5683,2024-2025-b72a7d,2024-2025-fc5683,BOTH,1,1,1,0,TRUE,TRUE
44276,/items/italia/teams/cagliari/collections/02-25/2024-2025-c235b4,/items/italia/teams/cagliari/collections/07-25/2024-2025-f8a32f,2024-2025-c235b4,2024-2025-f8a32f,BOTH,1,1,1,0,TRUE,TRUE
44277,/items/italia/teams/cagliari/collections/02-25/2024-2025-37669f,/items/italia/teams/cagliari/collections/07-25/2024-2025-8359d0,2024-2025-37669f,2024-2025-8359d0,BOTH,1,1,1,0,TRUE,TRUE
44278,/items/italia/teams/cagliari/collections/02-25/2024-2025-9844bf,/items/italia/teams/cagliari/collections/07-25/2024-2025-b8bb32,2024-2025-9844bf,2024-2025-b8bb32,BOTH,1,1,1,0,TRUE,TRUE
44279,/items/italia/teams/cagliari/collections/02-25/2024-2025-df7e90,/items/italia/teams/cagliari/collections/07-25/2024-2025-528a85,2024-2025-df7e90,2024-2025-528a85,BOTH,1,1,1,0,TRUE,TRUE
44280,/items/italia/teams/cagliari/collections/02-25/2024-2025-3e92f1,/items/italia/teams/cagliari/collections/07-25/2024-2025-78ce76,2024-2025-3e92f1,2024-2025-78ce76,BOTH,1,1,1,0,TRUE,TRUE
44296,/items/italia/teams/cagliari/collections/08-18-2/1972-1973-390800,/items/italia/teams/cagliari/collections/03-17/1972-1973,1972-1973-390800,1972-1973,BOTH,1,1,1,0,TRUE,TRUE
44298,/items/italia/teams/cagliari/collections/08-17-2/1973-1974-572267,/items/italia/teams/cagliari/collections/06-23/1973-1974,1973-1974-572267,1973-1974,BOTH,1,1,1,0,TRUE,TRUE
44299,/items/italia/teams/cagliari/collections/08-17-2/1973-1974-85f769,/items/italia/teams/cagliari/collections/03-17/1973-1974,1973-1974-85f769,1973-1974,BOTH,1,1,1,0,TRUE,TRUE
44304,/items/italia/teams/cagliari/collections/06-14/1974-1975-32fa7c,/items/italia/teams/cagliari/collections/03-17/1974-1975,1974-1975-32fa7c,1974-1975,BOTH,1,1,1,0,TRUE,TRUE
44306,/items/italia/teams/cagliari/collections/06-14/1974-1975-84837f,/items/italia/teams/cagliari/collections/08-22/1974-1975,1974-1975-84837f,1974-1975,BOTH,1,1,1,0,TRUE,TRUE
44358,/items/italia/teams/cagliari/collections/10-13/1994-1995-51f074,/items/italia/teams/cagliari/collections/09-24/1994-1995,1994-1995-51f074,1994-1995,BOTH,1,1,1,0,TRUE,TRUE
44378,/items/italia/teams/chievo/collections/01-14/2012-2013-f71de1,/items/italia/teams/chievo/collections/03-14/2012-2013,2012-2013-f71de1,2012-2013,BOTH,1,1,1,0,TRUE,TRUE
44380,/items/italia/teams/chievo/collections/01-14/2013-2014-11b4cf,/items/italia/teams/chievo/collections/03-14/2013-2014,2013-2014-11b4cf,2013-2014,BOTH,1,1,1,0,TRUE,TRUE
44381,/items/italia/teams/chievo/collections/01-14/2013-2014-34a366,/items/italia/teams/chievo/collections/06-14/2013-2014,2013-2014-34a366,2013-2014,BOTH,1,1,1,0,TRUE,TRUE
44382,/items/italia/teams/chievo/collections/01-14/2013-2014-c1c218,/items/italia/teams/chievo/collections/06-14/2013-2014-67a1be,2013-2014-c1c218,2013-2014-67a1be,BOTH,1,1,1,0,TRUE,TRUE
44383,/items/italia/teams/chievo/collections/01-14/2013-2014-0b018a,/items/italia/teams/chievo/collections/06-14/2013-2014-38dc51,2013-2014-0b018a,2013-2014-38dc51,BOTH,1,1,1,0,TRUE,TRUE
44384,/items/italia/teams/chievo/collections/01-14/2013-2014-b008b3,/items/italia/teams/chievo/collections/06-14/2013-2014-9cc706,2013-2014-b008b3,2013-2014-9cc706,BOTH,1,1,1,0,TRUE,TRUE
44385,/items/italia/teams/chievo/collections/01-14/2013-2014-8e7b0c,/items/italia/teams/chievo/collections/06-14-2/2013-2014,2013-2014-8e7b0c,2013-2014,BOTH,1,1,1,0,TRUE,TRUE
44386,/items/italia/teams/chievo/collections/01-14/2013-2014-848941,/items/italia/teams/chievo/collections/06-14/2013-2014-0df6fb,2013-2014-848941,2013-2014-0df6fb,BOTH,1,1,1,0,TRUE,TRUE
44396,/items/italia/teams/chievo/collections/07-17/2016-2017-dd794f,/items/italia/teams/chievo/collections/08-17/2016-2017,2016-2017-dd794f,2016-2017,BOTH,1,1,1,0,TRUE,TRUE
44398,/items/italia/teams/chievo/collections/07-17/2016-2017-414a5c,/items/italia/teams/chievo/collections/08-17/2016-2017-3fc440,2016-2017-414a5c,2016-2017-3fc440,BOTH,1,1,1,0,TRUE,TRUE
44400,/items/italia/teams/chievo/collections/11-17/2017-2018-be9484,/items/italia/teams/chievo/collections/06-18-2/2017-2018,2017-2018-be9484,2017-2018,BOTH,1,1,1,0,TRUE,TRUE
44401,/items/italia/teams/chievo/collections/11-17/2017-2018-6d8c43,/items/italia/teams/chievo/collections/06-18-2/2017-2018-446139,2017-2018-6d8c43,2017-2018-446139,BOTH,1,1,1,0,TRUE,TRUE
44402,/items/italia/teams/chievo/collections/11-17/2017-2018-e2e415,/items/italia/teams/chievo/collections/06-18-2/2017-2018-2ea3d4,2017-2018-e2e415,2017-2018-2ea3d4,BOTH,1,1,1,0,TRUE,TRUE
44403,/items/italia/teams/chievo/collections/11-17/2017-2018-8b8ff6,/items/italia/teams/chievo/collections/06-18-2/2017-2018-6c281d,2017-2018-8b8ff6,2017-2018-6c281d,BOTH,1,1,1,0,TRUE,TRUE
44405,/items/italia/teams/chievo/collections/11-17/2017-2018-ffddc6,/items/italia/teams/chievo/collections/06-18/2017-2018,2017-2018-ffddc6,2017-2018,BOTH,1,1,1,0,TRUE,TRUE
44406,/items/italia/teams/chievo/collections/11-17/2017-2018-bec66c,/items/italia/teams/chievo/collections/06-18-2/2017-2018-38ae10,2017-2018-bec66c,2017-2018-38ae10,BOTH,1,1,1,0,TRUE,TRUE
44407,/items/italia/teams/chievo/collections/11-17/2017-2018-6785a3,/items/italia/teams/chievo/collections/09-18/2017-2018,2017-2018-6785a3,2017-2018,BOTH,1,1,1,0,TRUE,TRUE
44409,/items/italia/teams/chievo/collections/03-19/2018-2019-29dea6,/items/italia/teams/chievo/collections/03-19-2/2018-2019,2018-2019-29dea6,2018-2019,BOTH,1,1,1,0,TRUE,TRUE
44410,/items/italia/teams/chievo/collections/03-19/2018-2019-8ce4c9,/items/italia/teams/chievo/collections/03-19-2/2018-2019-bf5da6,2018-2019-8ce4c9,2018-2019-bf5da6,BOTH,1,1,1,0,TRUE,TRUE
44411,/items/italia/teams/chievo/collections/03-19/2018-2019-35899a,/items/italia/teams/chievo/collections/10-19/2018-2019,2018-2019-35899a,2018-2019,BOTH,1,1,1,0,TRUE,TRUE
44412,/items/italia/teams/chievo/collections/03-19/2018-2019-56ca55,/items/italia/teams/chievo/collections/04-20/2018-2019,2018-2019-56ca55,2018-2019,BOTH,1,1,1,0,TRUE,TRUE
44475,/items/italia/teams/fiorentina/collections/02-16/2014-2015-eca886,/items/italia/teams/fiorentina/collections/02-17/2014-2015,2014-2015-eca886,2014-2015,BOTH,1,1,1,0,TRUE,TRUE
44476,/items/italia/teams/fiorentina/collections/02-16/2014-2015-273931,/items/italia/teams/fiorentina/collections/07-17/2014-2015,2014-2015-273931,2014-2015,BOTH,1,1,1,0,TRUE,TRUE
44477,/items/italia/teams/fiorentina/collections/02-16/2014-2015-f28ea6,/items/italia/teams/fiorentina/collections/02-17/2014-2015-441f69,2014-2015-f28ea6,2014-2015-441f69,BOTH,1,1,1,0,TRUE,TRUE
44480,/items/italia/teams/fiorentina/collections/02-16/2014-2015-ed4252,/items/italia/teams/fiorentina/collections/07-17/2014-2015-363957,2014-2015-ed4252,2014-2015-363957,BOTH,1,1,1,0,TRUE,TRUE
44483,/items/italia/teams/fiorentina/collections/02-16/2014-2015-a164ef,/items/italia/teams/fiorentina/collections/07-17/2014-2015-1ffe42,2014-2015-a164ef,2014-2015-1ffe42,BOTH,1,1,1,0,TRUE,TRUE
44498,/items/italia/teams/fiorentina/collections/07-19/1974-1975-eec9e6,/items/italia/teams/fiorentina/collections/04-16/1974-1975,1974-1975-eec9e6,1974-1975,BOTH,1,1,1,0,TRUE,TRUE
44502,/items/italia/teams/fiorentina/collections/07-19/1975-1976-bec207,/items/italia/teams/fiorentina/collections/02-25/1975-1976,1975-1976-bec207,1975-1976,BOTH,1,1,1,0,TRUE,TRUE
44503,/items/italia/teams/fiorentina/collections/07-19/1975-1976-274808,/items/italia/teams/fiorentina/collections/08-18/1975-1976,1975-1976-274808,1975-1976,BOTH,1,1,1,0,TRUE,TRUE
44504,/items/italia/teams/fiorentina/collections/07-19/1975-1976-d0b193,/items/italia/teams/fiorentina/collections/09-23/1975-1976,1975-1976-d0b193,1975-1976,BOTH,1,1,1,0,TRUE,TRUE
44505,/items/italia/teams/fiorentina/collections/07-19/1975-1976-750f22,/items/italia/teams/fiorentina/collections/01-26/1975-1976,1975-1976-750f22,1975-1976,BOTH,1,1,1,0,TRUE,TRUE
44509,/items/italia/teams/fiorentina/collections/01-14/1977-1978-ba24fb,/items/italia/teams/fiorentina/collections/09-18/1977-1978,1977-1978-ba24fb,1977-1978,BOTH,1,1,1,0,TRUE,TRUE
44516,/items/italia/teams/fiorentina/collections/11-10/1979-1980-efe365,/items/italia/teams/fiorentina/collections/04-20/1979-1980,1979-1980-efe365,1979-1980,BOTH,1,1,1,0,TRUE,TRUE
44518,/items/italia/teams/fiorentina/collections/11-10/1979-1980-1f7108,/items/italia/teams/fiorentina/collections/04-16/1979-1980,1979-1980-1f7108,1979-1980,BOTH,1,1,1,0,TRUE,TRUE
44522,/items/italia/teams/fiorentina/collections/09-15/1980-1981-22b764,/items/italia/teams/fiorentina/collections/02-17/1980-1981,1980-1981-22b764,1980-1981,BOTH,1,1,1,0,TRUE,TRUE
44542,/items/italia/teams/fiorentina/collections/09-11/1983-1984-e5527e,/items/italia/teams/fiorentina/collections/08-18/1983-1984,1983-1984-e5527e,1983-1984,BOTH,1,1,1,0,TRUE,TRUE
44545,/items/italia/teams/fiorentina/collections/06-13/1984-1985-eaf9be,/items/italia/teams/fiorentina/collections/07-17/1984-1985,1984-1985-eaf9be,1984-1985,BOTH,1,1,1,0,TRUE,TRUE
44549,/items/italia/teams/fiorentina/collections/01-14/1986-1987-8577c7,/items/italia/teams/fiorentina/collections/06-14/1986-1987,1986-1987-8577c7,1986-1987,BOTH,1,1,1,0,TRUE,TRUE
44550,/items/italia/teams/fiorentina/collections/01-14/1986-1987-9e4d7f,/items/italia/teams/fiorentina/collections/09-24/1986-1987,1986-1987-9e4d7f,1986-1987,BOTH,1,1,1,0,TRUE,TRUE
44554,/items/italia/teams/fiorentina/collections/02-15/1988-1989-f1010d,/items/italia/teams/fiorentina/collections/07-17/1988-1989,1988-1989-f1010d,1988-1989,BOTH,1,1,1,0,TRUE,TRUE
44608,/items/italia/teams/genoa/collections/02-15/2012-2013-6d22c9,/items/italia/teams/genoa/collections/09-24/2012-2013,2012-2013-6d22c9,2012-2013,BOTH,1,1,1,0,TRUE,TRUE
44613,/items/italia/teams/genoa/collections/06-18/2017-2018-7cef65,/items/italia/teams/genoa/collections/07-18/2017-2018,2017-2018-7cef65,2017-2018,BOTH,1,1,1,0,TRUE,TRUE
44620,/items/italia/teams/genoa/collections/08-18-2/1962-1963-610256,/items/italia/teams/genoa/collections/07-22/1962-1963,1962-1963-610256,1962-1963,BOTH,1,1,1,0,TRUE,TRUE
44679,/items/italia/teams/inter/collections/09-15/1974-1975-30fc29,/items/italia/teams/inter/collections/11-23/1974-1975,1974-1975-30fc29,1974-1975,BOTH,1,1,1,0,TRUE,TRUE
44682,/items/italia/teams/inter/collections/02-17/1976-1977-782418,/items/italia/teams/inter/collections/07-25/1976-1977,1976-1977-782418,1976-1977,BOTH,1,1,1,0,TRUE,TRUE
44730,/items/italia/teams/italy/collections/gio/1969-cc2fcb,/items/italia/teams/italy/collections/08-18/1969,1969-cc2fcb,1969,BOTH,1,1,1,0,TRUE,TRUE
44742,/items/italia/teams/italy/collections/03-09/1976-c2cea6,/items/italia/teams/italy/collections/09-15/1976,1976-c2cea6,1976,BOTH,1,1,1,0,TRUE,TRUE
44752,/items/italia/teams/italy/collections/08-08/1978-8261d4,/items/italia/teams/italy/collections/04-14/1978,1978-8261d4,1978,BOTH,1,1,1,0,TRUE,TRUE
44781,/items/italia/teams/italy/collections/08-08/1994-7ffa68,/items/italia/teams/italy/collections/07-18/1994,1994-7ffa68,1994,BOTH,1,1,1,0,TRUE,TRUE
44787,/items/italia/teams/italy/collections/08-08/1994-c16609,/items/italia/teams/italy/collections/07-18/1994-3d8fc9,1994-c16609,1994-3d8fc9,BOTH,1,1,1,0,TRUE,TRUE
44796,/items/italia/teams/italy/collections/03-09/2000-eab6c6,/items/italia/teams/italy/collections/01-14/2000,2000-eab6c6,2000,BOTH,1,1,1,0,TRUE,TRUE
44859,/items/italia/teams/italy/collections/02-17/2016-f3bf29,/items/italia/teams/italy/collections/08-17/2016,2016-f3bf29,2016,BOTH,1,1,1,0,TRUE,TRUE
44861,/items/italia/teams/italy/collections/02-17/2016-234768,/items/italia/teams/italy/collections/08-17/2016-2da526,2016-234768,2016-2da526,BOTH,1,1,1,0,TRUE,TRUE
44870,/items/italia/teams/italy/collections/06-18-2/2018-3d27fb,/items/italia/teams/italy/collections/03-19/2018,2018-3d27fb,2018,BOTH,1,1,1,0,TRUE,TRUE
44871,/items/italia/teams/italy/collections/06-18-2/2018-652d45,/items/italia/teams/italy/collections/03-19/2018-598836,2018-652d45,2018-598836,BOTH,1,1,1,0,TRUE,TRUE
44872,/items/italia/teams/italy/collections/06-18-2/2018-9f5a4c,/items/italia/teams/italy/collections/03-19-2/2018,2018-9f5a4c,2018,BOTH,1,1,1,0,TRUE,TRUE
44873,/items/italia/teams/italy/collections/06-18-2/2018-fd18cf,/items/italia/teams/italy/collections/10-19/2018,2018-fd18cf,2018,BOTH,1,1,1,0,TRUE,TRUE
44875,/items/italia/teams/italy/collections/06-18-2/2018-493db2,/items/italia/teams/italy/collections/03-19/2018-bbe39f,2018-493db2,2018-bbe39f,BOTH,1,1,1,0,TRUE,TRUE
44877,/items/italia/teams/italy/collections/06-18-2/2018-daafb9,/items/italia/teams/italy/collections/03-19/2018-a0c482,2018-daafb9,2018-a0c482,BOTH,1,1,1,0,TRUE,TRUE
44878,/items/italia/teams/italy/collections/06-18-2/2018-a9cada,/items/italia/teams/italy/collections/03-19-2/2018-23eb30,2018-a9cada,2018-23eb30,BOTH,1,1,1,0,TRUE,TRUE
44879,/items/italia/teams/italy/collections/06-18-2/2018-617c7a,/items/italia/teams/italy/collections/04-20/2018,2018-617c7a,2018,BOTH,1,1,1,0,TRUE,TRUE
44880,/items/italia/teams/italy/collections/06-18-2/2018-0caa0d,/items/italia/teams/italy/collections/10-19/2018-124041,2018-0caa0d,2018-124041,BOTH,1,1,1,0,TRUE,TRUE
44881,/items/italia/teams/italy/collections/06-18-2/2018-70f1bf,/items/italia/teams/italy/collections/04-20/2018-278789,2018-70f1bf,2018-278789,BOTH,1,1,1,0,TRUE,TRUE
45012,/items/italia/teams/juventus/collections/06-14/2013-2014-b74808,/items/italia/teams/juventus/collections/02-15/2013-2014,2013-2014-b74808,2013-2014,BOTH,1,1,1,0,TRUE,TRUE
45013,/items/italia/teams/juventus/collections/06-14/2013-2014-c0bad7,/items/italia/teams/juventus/collections/02-15/2013-2014-511ba2,2013-2014-c0bad7,2013-2014-511ba2,BOTH,1,1,1,0,TRUE,TRUE
45014,/items/italia/teams/juventus/collections/06-14/2013-2014-e533c2,/items/italia/teams/juventus/collections/08-14/2013-2014,2013-2014-e533c2,2013-2014,BOTH,1,1,1,0,TRUE,TRUE
45015,/items/italia/teams/juventus/collections/06-14/2013-2014-2375d6,/items/italia/teams/juventus/collections/02-15/2013-2014-21c9fb,2013-2014-2375d6,2013-2014-21c9fb,BOTH,1,1,1,0,TRUE,TRUE
45019,/items/italia/teams/juventus/collections/02-16/2014-2015-5d094c,/items/italia/teams/juventus/collections/03-17/2014-2015,2014-2015-5d094c,2014-2015,BOTH,1,1,1,0,TRUE,TRUE
45021,/items/italia/teams/juventus/collections/02-16/2014-2015-7555ad,/items/italia/teams/juventus/collections/03-17/2014-2015-5a0bd5,2014-2015-7555ad,2014-2015-5a0bd5,BOTH,1,1,1,0,TRUE,TRUE
45022,/items/italia/teams/juventus/collections/02-16/2014-2015-0d0bb8,/items/italia/teams/juventus/collections/03-17/2014-2015-7f5b4c,2014-2015-0d0bb8,2014-2015-7f5b4c,BOTH,1,1,1,0,TRUE,TRUE
45023,/items/italia/teams/juventus/collections/02-16/2014-2015-6e1e38,/items/italia/teams/juventus/collections/03-17/2014-2015-776b64,2014-2015-6e1e38,2014-2015-776b64,BOTH,1,1,1,0,TRUE,TRUE
45031,/items/italia/teams/juventus/collections/02-16/2014-2015-6f905d,/items/italia/teams/juventus/collections/02-15/2014-2015,2014-2015-6f905d,2014-2015,BOTH,1,1,1,0,TRUE,TRUE
45032,/items/italia/teams/juventus/collections/02-16/2014-2015-2b803d,/items/italia/teams/juventus/collections/02-15/2014-2015-e6a482,2014-2015-2b803d,2014-2015-e6a482,BOTH,1,1,1,0,TRUE,TRUE
45033,/items/italia/teams/juventus/collections/02-16/2014-2015-fbfb80,/items/italia/teams/juventus/collections/02-15/2014-2015-9a14b5,2014-2015-fbfb80,2014-2015-9a14b5,BOTH,1,1,1,0,TRUE,TRUE
45062,/items/italia/teams/juventus/collections/06-18/2017-2018-1389bc,/items/italia/teams/juventus/collections/06-18-2/2017-2018,2017-2018-1389bc,2017-2018,BOTH,1,1,1,0,TRUE,TRUE
45064,/items/italia/teams/juventus/collections/06-18/2017-2018-893627,/items/italia/teams/juventus/collections/06-18-2/2017-2018-b5f935,2017-2018-893627,2017-2018-b5f935,BOTH,1,1,1,0,TRUE,TRUE
45067,/items/italia/teams/juventus/collections/06-18/2017-2018-af0ec8,/items/italia/teams/juventus/collections/06-18-2/2017-2018-4ab911,2017-2018-af0ec8,2017-2018-4ab911,BOTH,1,1,1,0,TRUE,TRUE
45087,/items/italia/teams/juventus/collections/10-19/2019-2020-3da946,/items/italia/teams/juventus/collections/03-20/2019-2020,2019-2020-3da946,2019-2020,BOTH,1,1,1,0,TRUE,TRUE
45088,/items/italia/teams/juventus/collections/10-19/2019-2020-88c3ea,/items/italia/teams/juventus/collections/03-20/2019-2020-111326,2019-2020-88c3ea,2019-2020-111326,BOTH,1,1,1,0,TRUE,TRUE
45104,/items/italia/teams/juventus/collections/10-19/2019-2020-bb4497,/items/italia/teams/juventus/collections/03-20/2019-2020-7ed4e4,2019-2020-bb4497,2019-2020-7ed4e4,BOTH,1,1,1,0,TRUE,TRUE
45106,/items/italia/teams/juventus/collections/10-19/2019-2020-d2d77b,/items/italia/teams/juventus/collections/03-20/2019-2020-5cb4d0,2019-2020-d2d77b,2019-2020-5cb4d0,BOTH,1,1,1,0,TRUE,TRUE
45107,/items/italia/teams/juventus/collections/10-19/2019-2020-f1aa4e,/items/italia/teams/juventus/collections/03-20/2019-2020-a0a9aa,2019-2020-f1aa4e,2019-2020-a0a9aa,BOTH,1,1,1,0,TRUE,TRUE
45163,/items/italia/teams/juventus/collections/05-23/2022-2023-2dbad3,/items/italia/teams/juventus/collections/09-23/2022-2023,2022-2023-2dbad3,2022-2023,BOTH,1,1,1,0,TRUE,TRUE
45164,/items/italia/teams/juventus/collections/05-23/2022-2023-a9421e,/items/italia/teams/juventus/collections/09-23/2022-2023-138ed6,2022-2023-a9421e,2022-2023-138ed6,BOTH,1,1,1,0,TRUE,TRUE
45165,/items/italia/teams/juventus/collections/05-23/2022-2023-b8bfa0,/items/italia/teams/juventus/collections/09-23/2022-2023-e10711,2022-2023-b8bfa0,2022-2023-e10711,BOTH,1,1,1,0,TRUE,TRUE
45166,/items/italia/teams/juventus/collections/05-23/2022-2023-d38585,/items/italia/teams/juventus/collections/09-23/2022-2023-f4c196,2022-2023-d38585,2022-2023-f4c196,BOTH,1,1,1,0,TRUE,TRUE
45167,/items/italia/teams/juventus/collections/05-23/2022-2023-a22d30,/items/italia/teams/juventus/collections/09-23/2022-2023-3e7a88,2022-2023-a22d30,2022-2023-3e7a88,BOTH,1,1,1,0,TRUE,TRUE
45168,/items/italia/teams/juventus/collections/05-23/2022-2023-0a50be,/items/italia/teams/juventus/collections/09-23-2/2022-2023,2022-2023-0a50be,2022-2023,BOTH,1,1,1,0,TRUE,TRUE
45169,/items/italia/teams/juventus/collections/05-23/2022-2023-87f6ad,/items/italia/teams/juventus/collections/09-23-2/2022-2023-edec0e,2022-2023-87f6ad,2022-2023-edec0e,BOTH,1,1,1,0,TRUE,TRUE
45170,/items/italia/teams/juventus/collections/05-23/2022-2023-dcefc4,/items/italia/teams/juventus/collections/09-23/2022-2023-7e2250,2022-2023-dcefc4,2022-2023-7e2250,BOTH,1,1,1,0,TRUE,TRUE
45171,/items/italia/teams/juventus/collections/05-23/2022-2023-fbe8bd,/items/italia/teams/juventus/collections/09-23/2022-2023-ca1b1c,2022-2023-fbe8bd,2022-2023-ca1b1c,BOTH,1,1,1,0,TRUE,TRUE
45172,/items/italia/teams/juventus/collections/05-23/2022-2023-742798,/items/italia/teams/juventus/collections/09-23/2022-2023-03b704,2022-2023-742798,2022-2023-03b704,BOTH,1,1,1,0,TRUE,TRUE
45173,/items/italia/teams/juventus/collections/05-23/2022-2023-5a2ef6,/items/italia/teams/juventus/collections/09-23/2022-2023-9ead6a,2022-2023-5a2ef6,2022-2023-9ead6a,BOTH,1,1,1,0,TRUE,TRUE
45175,/items/italia/teams/juventus/collections/05-23/2022-2023-3abf35,/items/italia/teams/juventus/collections/11-23/2022-2023,2022-2023-3abf35,2022-2023,BOTH,1,1,1,0,TRUE,TRUE
45176,/items/italia/teams/juventus/collections/05-23/2022-2023-8e457a,/items/italia/teams/juventus/collections/11-23/2022-2023-40b1e2,2022-2023-8e457a,2022-2023-40b1e2,BOTH,1,1,1,0,TRUE,TRUE
45177,/items/italia/teams/juventus/collections/05-23/2022-2023-14d530,/items/italia/teams/juventus/collections/11-23/2022-2023-3334d3,2022-2023-14d530,2022-2023-3334d3,BOTH,1,1,1,0,TRUE,TRUE
45178,/items/italia/teams/juventus/collections/05-23/2022-2023-ce34fa,/items/italia/teams/juventus/collections/11-23/2022-2023-a841b7,2022-2023-ce34fa,2022-2023-a841b7,BOTH,1,1,1,0,TRUE,TRUE
45179,/items/italia/teams/juventus/collections/05-23/2022-2023-f4040b,/items/italia/teams/juventus/collections/11-23/2022-2023-26dc29,2022-2023-f4040b,2022-2023-26dc29,BOTH,1,1,1,0,TRUE,TRUE
45183,/items/italia/teams/juventus/collections/05-23/2022-2023-5d7cee,/items/italia/teams/juventus/collections/09-23/2022-2023-6a8b45,2022-2023-5d7cee,2022-2023-6a8b45,BOTH,1,1,1,0,TRUE,TRUE
45184,/items/italia/teams/juventus/collections/05-23/2022-2023-90b8e6,/items/italia/teams/juventus/collections/09-23/2022-2023-892182,2022-2023-90b8e6,2022-2023-892182,BOTH,1,1,1,0,TRUE,TRUE
45185,/items/italia/teams/juventus/collections/05-23/2022-2023-3145a5,/items/italia/teams/juventus/collections/09-23-2/2022-2023-389a57,2022-2023-3145a5,2022-2023-389a57,BOTH,1,1,1,0,TRUE,TRUE
45186,/items/italia/teams/juventus/collections/05-23/2022-2023-1eaa6d,/items/italia/teams/juventus/collections/09-23/2022-2023-51a227,2022-2023-1eaa6d,2022-2023-51a227,BOTH,1,1,1,0,TRUE,TRUE
45187,/items/italia/teams/juventus/collections/05-23/2022-2023-80e263,/items/italia/teams/juventus/collections/09-23/2022-2023-6036c2,2022-2023-80e263,2022-2023-6036c2,BOTH,1,1,1,0,TRUE,TRUE
45188,/items/italia/teams/juventus/collections/05-23/2022-2023-cd1d42,/items/italia/teams/juventus/collections/09-23-2/2022-2023-d97b2f,2022-2023-cd1d42,2022-2023-d97b2f,BOTH,1,1,1,0,TRUE,TRUE
45189,/items/italia/teams/juventus/collections/05-23/2022-2023-0a301b,/items/italia/teams/juventus/collections/09-23-2/2022-2023-a43528,2022-2023-0a301b,2022-2023-a43528,BOTH,1,1,1,0,TRUE,TRUE
45262,/items/italia/teams/juventus/collections/foto-juv/1941-1942-36bf8d,/items/italia/teams/juventus/collections/09-23-2/1941-1942,1941-1942-36bf8d,1941-1942,BOTH,1,1,1,0,TRUE,TRUE
45263,/items/italia/teams/juventus/collections/foto-juv/1941-1942-3ce22e,/items/italia/teams/juventus/collections/09-23-2/1941-1942-f2a5e9,1941-1942-3ce22e,1941-1942-f2a5e9,BOTH,1,1,1,0,TRUE,TRUE
45266,/items/italia/teams/juventus/collections/foto-juv/1941-1942-cf8719,/items/italia/teams/juventus/collections/09-23-2/1941-1942-66f0f0,1941-1942-cf8719,1941-1942-66f0f0,BOTH,1,1,1,0,TRUE,TRUE
45267,/items/italia/teams/juventus/collections/foto-juv/1941-1942-1bdea5,/items/italia/teams/juventus/collections/09-23-2/1941-1942-32e921,1941-1942-1bdea5,1941-1942-32e921,BOTH,1,1,1,0,TRUE,TRUE
45275,/items/italia/teams/juventus/collections/foto-juv/1946-1947-e0e9e8,/items/italia/teams/juventus/collections/04-14/1946-1947,1946-1947-e0e9e8,1946-1947,BOTH,1,1,1,0,TRUE,TRUE
45284,/items/italia/teams/juventus/collections/foto-juv/1949-1950-6bef31,/items/italia/teams/juventus/collections/07-13/1949-1950,1949-1950-6bef31,1949-1950,BOTH,1,1,1,0,TRUE,TRUE
45286,/items/italia/teams/juventus/collections/foto-juv/1949-1950-d8f442,/items/italia/teams/juventus/collections/07-13/1949-1950-ed0620,1949-1950-d8f442,1949-1950-ed0620,BOTH,1,1,1,0,TRUE,TRUE
45307,/items/italia/teams/juventus/collections/foto-juv/1958-1959-5da1ed,/items/italia/teams/juventus/collections/09-15/1958-1959,1958-1959-5da1ed,1958-1959,BOTH,1,1,1,0,TRUE,TRUE
45309,/items/italia/teams/juventus/collections/foto-juv/1959-1960-cde38a,/items/italia/teams/juventus/collections/08-18-3/1959-1960,1959-1960-cde38a,1959-1960,BOTH,1,1,1,0,TRUE,TRUE
45311,/items/italia/teams/juventus/collections/01-26-2/1959-1960-ad12aa,/items/italia/teams/juventus/collections/08-18-3/1959-1960-6c716b,1959-1960-ad12aa,1959-1960-6c716b,BOTH,1,1,1,0,TRUE,TRUE
45338,/items/italia/teams/juventus/collections/foto-juv/1967-1968-2acdb4,/items/italia/teams/juventus/collections/04-14/1967-1968,1967-1968-2acdb4,1967-1968,BOTH,1,1,1,0,TRUE,TRUE
45339,/items/italia/teams/juventus/collections/foto-juv/1967-1968-e8d99f,/items/italia/teams/juventus/collections/02-15/1967-1968,1967-1968-e8d99f,1967-1968,BOTH,1,1,1,0,TRUE,TRUE
45340,/items/italia/teams/juventus/collections/foto-juv/1967-1968-b94da7,/items/italia/teams/juventus/collections/03-17/1967-1968,1967-1968-b94da7,1967-1968,BOTH,1,1,1,0,TRUE,TRUE
45341,/items/italia/teams/juventus/collections/foto-juv/1967-1968-e6bd18,/items/italia/teams/juventus/collections/09-24-2/1967-1968,1967-1968-e6bd18,1967-1968,BOTH,1,1,1,0,TRUE,TRUE
45351,/items/italia/teams/juventus/collections/60-70/1969-1970-aad833,/items/italia/teams/juventus/collections/09-24-2/1969-1970,1969-1970-aad833,1969-1970,BOTH,1,1,1,0,TRUE,TRUE
45353,/items/italia/teams/juventus/collections/60-70/1969-1970-099fd4,/items/italia/teams/juventus/collections/50-60/1969-1970,1969-1970-099fd4,1969-1970,BOTH,1,1,1,0,TRUE,TRUE
45377,/items/italia/teams/juventus/collections/foto-juv/1981-1982-378dc4,/items/italia/teams/juventus/collections/02-15/1981-1982,1981-1982-378dc4,1981-1982,BOTH,1,1,1,0,TRUE,TRUE
45379,/items/italia/teams/juventus/collections/foto-juv/1981-1982-12cf99,/items/italia/teams/juventus/collections/08-17/1981-1982,1981-1982-12cf99,1981-1982,BOTH,1,1,1,0,TRUE,TRUE
45380,/items/italia/teams/juventus/collections/foto-juv/1981-1982-182bd1,/items/italia/teams/juventus/collections/08-17/1981-1982-3bc8f9,1981-1982-182bd1,1981-1982-3bc8f9,BOTH,1,1,1,0,TRUE,TRUE
45381,/items/italia/teams/juventus/collections/foto-juv/1981-1982-6f4405,/items/italia/teams/juventus/collections/12-17/1981-1982,1981-1982-6f4405,1981-1982,BOTH,1,1,1,0,TRUE,TRUE
45382,/items/italia/teams/juventus/collections/foto-juv/1981-1982-efdc89,/items/italia/teams/juventus/collections/02-22/1981-1982,1981-1982-efdc89,1981-1982,BOTH,1,1,1,0,TRUE,TRUE
45383,/items/italia/teams/juventus/collections/foto-juv/1981-1982-b0b6b0,/items/italia/teams/juventus/collections/04-16/1981-1982,1981-1982-b0b6b0,1981-1982,BOTH,1,1,1,0,TRUE,TRUE
45386,/items/italia/teams/juventus/collections/foto-juv/1981-1982-cd42b0,/items/italia/teams/juventus/collections/03-17/1981-1982,1981-1982-cd42b0,1981-1982,BOTH,1,1,1,0,TRUE,TRUE
45392,/items/italia/teams/juventus/collections/foto-juv/1981-1982-df77b9,/items/italia/teams/juventus/collections/07-17/1981-1982,1981-1982-df77b9,1981-1982,BOTH,1,1,1,0,TRUE,TRUE
45407,/items/italia/teams/juventus/collections/foto-juv/1989-1990-7f7146,/items/italia/teams/juventus/collections/11-22/1989-1990,1989-1990-7f7146,1989-1990,BOTH,1,1,1,0,TRUE,TRUE
45466,/items/italia/teams/lazio/collections/10-09/1980-1981-4cbe24,/items/italia/teams/lazio/collections/08-22/1980-1981,1980-1981-4cbe24,1980-1981,BOTH,1,1,1,0,TRUE,TRUE
45470,/items/italia/teams/lazio/collections/10-09/1983-1984-3a1bc9,/items/italia/teams/lazio/collections/02-13/1983-1984,1983-1984-3a1bc9,1983-1984,BOTH,1,1,1,0,TRUE,TRUE
45522,/items/italia/teams/milan/collections/08-18-2/1965-1966-4853bd,/items/italia/teams/milan/collections/09-23/1965-1966,1965-1966-4853bd,1965-1966,BOTH,1,1,1,0,TRUE,TRUE
45526,/items/italia/teams/milan/collections/08-18-2/1966-1967-4d1347,/items/italia/teams/milan/collections/09-23/1966-1967,1966-1967-4d1347,1966-1967,BOTH,1,1,1,0,TRUE,TRUE
45530,/items/italia/teams/milan/collections/04-20/1968-1969-dc5fa3,/items/italia/teams/milan/collections/09-23/1968-1969,1968-1969-dc5fa3,1968-1969,BOTH,1,1,1,0,TRUE,TRUE
45536,/items/italia/teams/milan/collections/02-17/1973-1974-681564,/items/italia/teams/milan/collections/09-23/1973-1974,1973-1974-681564,1973-1974,BOTH,1,1,1,0,TRUE,TRUE
45539,/items/italia/teams/milan/collections/09-15/1975-1976-172f2c,/items/italia/teams/milan/collections/07-19/1975-1976,1975-1976-172f2c,1975-1976,BOTH,1,1,1,0,TRUE,TRUE
45555,/items/italia/teams/milan/collections/01-10/1996-1997-0374b4,/items/italia/teams/milan/collections/07-18/1996-1997,1996-1997-0374b4,1996-1997,BOTH,1,1,1,0,TRUE,TRUE
45584,/items/italia/teams/napoli/collections/03-14/2010-2011-2a76e6,/items/italia/teams/napoli/collections/03-15/2010-2011,2010-2011-2a76e6,2010-2011,BOTH,1,1,1,0,TRUE,TRUE
45589,/items/italia/teams/napoli/collections/12-17/2016-2017-892fb1,/items/italia/teams/napoli/collections/06-18/2016-2017,2016-2017-892fb1,2016-2017,BOTH,1,1,1,0,TRUE,TRUE
45603,/items/italia/teams/napoli/collections/02-17/1982-1983-9a78d4,/items/italia/teams/napoli/collections/03-17/1982-1983,1982-1983-9a78d4,1982-1983,BOTH,1,1,1,0,TRUE,TRUE
45604,/items/italia/teams/napoli/collections/02-17/1982-1983-912b42,/items/italia/teams/napoli/collections/05-09/1982-1983,1982-1983-912b42,1982-1983,BOTH,1,1,1,0,TRUE,TRUE
45605,/items/italia/teams/napoli/collections/02-17/1982-1983-085027,/items/italia/teams/napoli/collections/03-25/1982-1983,1982-1983-085027,1982-1983,BOTH,1,1,1,0,TRUE,TRUE
45610,/items/italia/teams/napoli/collections/02-25/1984-1985-8315c9,/items/italia/teams/napoli/collections/09-24/1984-1985,1984-1985-8315c9,1984-1985,BOTH,1,1,1,0,TRUE,TRUE
45614,/items/italia/teams/napoli/collections/02-17/1985-1986-26eed7,/items/italia/teams/napoli/collections/10-13/1985-1986,1985-1986-26eed7,1985-1986,BOTH,1,1,1,0,TRUE,TRUE
45620,/items/italia/teams/napoli/collections/04-20/1986-1987-fd050d,/items/italia/teams/napoli/collections/03-25/1986-1987,1986-1987-fd050d,1986-1987,BOTH,1,1,1,0,TRUE,TRUE
45622,/items/italia/teams/napoli/collections/04-20/1986-1987-7401c8,/items/italia/teams/napoli/collections/10-13/1986-1987,1986-1987-7401c8,1986-1987,BOTH,1,1,1,0,TRUE,TRUE
45624,/items/italia/teams/napoli/collections/04-20/1986-1987-5f470e,/items/italia/teams/napoli/collections/05-24/1986-1987,1986-1987-5f470e,1986-1987,BOTH,1,1,1,0,TRUE,TRUE
45634,/items/italia/teams/napoli/collections/02-17/1988-1989-6de81d,/items/italia/teams/napoli/collections/10-13/1988-1989,1988-1989-6de81d,1988-1989,BOTH,1,1,1,0,TRUE,TRUE
45641,/items/italia/teams/napoli/collections/07-10/1989-1990-12435b,/items/italia/teams/napoli/collections/05-24/1989-1990,1989-1990-12435b,1989-1990,BOTH,1,1,1,0,TRUE,TRUE
45663,/items/italia/teams/novara/collections/06-18/2016-2017-9fad2e,/items/italia/teams/novara/collections/08-17/2016-2017,2016-2017-9fad2e,2016-2017,BOTH,1,1,1,0,TRUE,TRUE
45664,/items/italia/teams/novara/collections/06-18/2016-2017-87a05f,/items/italia/teams/novara/collections/08-17/2016-2017-901e18,2016-2017-87a05f,2016-2017-901e18,BOTH,1,1,1,0,TRUE,TRUE
45691,/items/italia/teams/parma/collections/02-16/2014-2015-dd70ac,/items/italia/teams/parma/collections/07-17/2014-2015,2014-2015-dd70ac,2014-2015,BOTH,1,1,1,0,TRUE,TRUE
45770,/items/italia/teams/roma/collections/09-24/1980-1981-ec4ad8,/items/italia/teams/roma/collections/02-25/1980-1981,1980-1981-ec4ad8,1980-1981,BOTH,1,1,1,0,TRUE,TRUE
45788,/items/italia/teams/roma/collections/06-14-2/1986-1987-acffde,/items/italia/teams/roma/collections/03-23/1986-1987,1986-1987-acffde,1986-1987,BOTH,1,1,1,0,TRUE,TRUE
45797,/items/italia/teams/roma/collections/02-15/1988-1989-c4117a,/items/italia/teams/roma/collections/02-17/1988-1989,1988-1989-c4117a,1988-1989,BOTH,1,1,1,0,TRUE,TRUE
45798,/items/italia/teams/roma/collections/02-15/1988-1989-dad084,/items/italia/teams/roma/collections/07-18/1988-1989,1988-1989-dad084,1988-1989,BOTH,1,1,1,0,TRUE,TRUE
45799,/items/italia/teams/roma/collections/02-15/1988-1989-f3b7ec,/items/italia/teams/roma/collections/07-18/1988-1989-60784f,1988-1989-f3b7ec,1988-1989-60784f,BOTH,1,1,1,0,TRUE,TRUE
45863,/items/italia/teams/sampdoria/collections/08-16/1982-1983-f1a5d0,/items/italia/teams/sampdoria/collections/05-24/1982-1983,1982-1983-f1a5d0,1982-1983,BOTH,1,1,1,0,TRUE,TRUE
45920,/items/italia/teams/torino/collections/00-10/2002-2003-69b2ce,/items/italia/teams/torino/collections/07-13-2/2002-2003,2002-2003-69b2ce,2002-2003,BOTH,1,1,1,0,TRUE,TRUE
45945,/items/italia/teams/torino/collections/00-10/2004-2005-2e9450,/items/italia/teams/torino/collections/07-13-2/2004-2005,2004-2005-2e9450,2004-2005,BOTH,1,1,1,0,TRUE,TRUE
45956,/items/italia/teams/torino/collections/00-10/2006-2007-88868c,/items/italia/teams/torino/collections/07-13-2/2006-2007,2006-2007-88868c,2006-2007,BOTH,1,1,1,0,TRUE,TRUE
45971,/items/italia/teams/torino/collections/foto-tor/2007-2008-c8f26e,/items/italia/teams/torino/collections/07-13-2/2007-2008,2007-2008-c8f26e,2007-2008,BOTH,1,1,1,0,TRUE,TRUE
45988,/items/italia/teams/torino/collections/foto-tor/2008-2009-4607db,/items/italia/teams/torino/collections/07-13-2/2008-2009,2008-2009-4607db,2008-2009,BOTH,1,1,1,0,TRUE,TRUE
46000,/items/italia/teams/torino/collections/foto-tor/2008-2009-7a8f13,/items/italia/teams/torino/collections/07-13-2/2008-2009-0e7366,2008-2009-7a8f13,2008-2009-0e7366,BOTH,1,1,1,0,TRUE,TRUE
46003,/items/italia/teams/torino/collections/foto-tor/2008-2009-c1b3fd,/items/italia/teams/torino/collections/07-13-2/2008-2009-e4cb30,2008-2009-c1b3fd,2008-2009-e4cb30,BOTH,1,1,1,0,TRUE,TRUE
46004,/items/italia/teams/torino/collections/foto-tor/2008-2009-14a631,/items/italia/teams/torino/collections/07-13-2/2008-2009-780569,2008-2009-14a631,2008-2009-780569,BOTH,1,1,1,0,TRUE,TRUE
46024,/items/italia/teams/torino/collections/00-10/2010-2011-175ba1,/items/italia/teams/torino/collections/07-13-2/2010-2011,2010-2011-175ba1,2010-2011,BOTH,1,1,1,0,TRUE,TRUE
46028,/items/italia/teams/torino/collections/00-10/2010-2011-fe58c4,/items/italia/teams/torino/collections/10-13/2010-2011,2010-2011-fe58c4,2010-2011,BOTH,1,1,1,0,TRUE,TRUE
46044,/items/italia/teams/torino/collections/10-20/2011-2012-738a42,/items/italia/teams/torino/collections/10-13/2011-2012,2011-2012-738a42,2011-2012,BOTH,1,1,1,0,TRUE,TRUE
46065,/items/italia/teams/torino/collections/03-15/2014-2015-25e569,/items/italia/teams/torino/collections/02-16/2014-2015,2014-2015-25e569,2014-2015,BOTH,1,1,1,0,TRUE,TRUE
46066,/items/italia/teams/torino/collections/03-15/2014-2015-36ccc9,/items/italia/teams/torino/collections/02-16/2014-2015-d54429,2014-2015-36ccc9,2014-2015-d54429,BOTH,1,1,1,0,TRUE,TRUE
46074,/items/italia/teams/torino/collections/03-15/2014-2015-fc6958,/items/italia/teams/torino/collections/02-16/2014-2015-c20055,2014-2015-fc6958,2014-2015-c20055,BOTH,1,1,1,0,TRUE,TRUE
46092,/items/italia/teams/torino/collections/03-17/2015-2016-bfef3a,/items/italia/teams/torino/collections/07-18/2015-2016,2015-2016-bfef3a,2015-2016,BOTH,1,1,1,0,TRUE,TRUE
46096,/items/italia/teams/torino/collections/03-17/2015-2016-67ca04,/items/italia/teams/torino/collections/07-17/2015-2016,2015-2016-67ca04,2015-2016,BOTH,1,1,1,0,TRUE,TRUE
46104,/items/italia/teams/torino/collections/08-17/2016-2017-fba0f5,/items/italia/teams/torino/collections/03-19/2016-2017,2016-2017-fba0f5,2016-2017,BOTH,1,1,1,0,TRUE,TRUE
46105,/items/italia/teams/torino/collections/08-17/2016-2017-f2feec,/items/italia/teams/torino/collections/03-19/2016-2017-b870d1,2016-2017-f2feec,2016-2017-b870d1,BOTH,1,1,1,0,TRUE,TRUE
46109,/items/italia/teams/torino/collections/08-17/2016-2017-703941,/items/italia/teams/torino/collections/03-19/2016-2017-65ab58,2016-2017-703941,2016-2017-65ab58,BOTH,1,1,1,0,TRUE,TRUE
46111,/items/italia/teams/torino/collections/06-18/2017-2018-84d227,/items/italia/teams/torino/collections/03-19-2/2017-2018,2017-2018-84d227,2017-2018,BOTH,1,1,1,0,TRUE,TRUE
46113,/items/italia/teams/torino/collections/06-18/2017-2018-69154c,/items/italia/teams/torino/collections/03-19-2/2017-2018-a78bea,2017-2018-69154c,2017-2018-a78bea,BOTH,1,1,1,0,TRUE,TRUE
46114,/items/italia/teams/torino/collections/06-18/2017-2018-eadaa0,/items/italia/teams/torino/collections/03-19/2017-2018,2017-2018-eadaa0,2017-2018,BOTH,1,1,1,0,TRUE,TRUE
46115,/items/italia/teams/torino/collections/06-18/2017-2018-3c2c1a,/items/italia/teams/torino/collections/03-19/2017-2018-6ac362,2017-2018-3c2c1a,2017-2018-6ac362,BOTH,1,1,1,0,TRUE,TRUE
46116,/items/italia/teams/torino/collections/06-18/2017-2018-aeabe6,/items/italia/teams/torino/collections/03-19/2017-2018-eac5fd,2017-2018-aeabe6,2017-2018-eac5fd,BOTH,1,1,1,0,TRUE,TRUE
46117,/items/italia/teams/torino/collections/06-18/2017-2018-d44501,/items/italia/teams/torino/collections/03-19-2/2017-2018-447cc4,2017-2018-d44501,2017-2018-447cc4,BOTH,1,1,1,0,TRUE,TRUE
46118,/items/italia/teams/torino/collections/06-18/2017-2018-64804a,/items/italia/teams/torino/collections/03-19-2/2017-2018-4b1ff6,2017-2018-64804a,2017-2018-4b1ff6,BOTH,1,1,1,0,TRUE,TRUE
46119,/items/italia/teams/torino/collections/06-18/2017-2018-805ad6,/items/italia/teams/torino/collections/03-19/2017-2018-2bf104,2017-2018-805ad6,2017-2018-2bf104,BOTH,1,1,1,0,TRUE,TRUE
46120,/items/italia/teams/torino/collections/06-18/2017-2018-23da72,/items/italia/teams/torino/collections/03-19-2/2017-2018-15edc6,2017-2018-23da72,2017-2018-15edc6,BOTH,1,1,1,0,TRUE,TRUE
46121,/items/italia/teams/torino/collections/06-18/2017-2018-a26e98,/items/italia/teams/torino/collections/03-19-2/2017-2018-62356e,2017-2018-a26e98,2017-2018-62356e,BOTH,1,1,1,0,TRUE,TRUE
46124,/items/italia/teams/torino/collections/07-19/2018-2019-3e2ec0,/items/italia/teams/torino/collections/03-19/2018-2019,2018-2019-3e2ec0,2018-2019,BOTH,1,1,1,0,TRUE,TRUE
46125,/items/italia/teams/torino/collections/07-19/2018-2019-9c402f,/items/italia/teams/torino/collections/03-19/2018-2019-762070,2018-2019-9c402f,2018-2019-762070,BOTH,1,1,1,0,TRUE,TRUE
46126,/items/italia/teams/torino/collections/07-19/2018-2019-7d8256,/items/italia/teams/torino/collections/03-19-2/2018-2019,2018-2019-7d8256,2018-2019,BOTH,1,1,1,0,TRUE,TRUE
46128,/items/italia/teams/torino/collections/07-19/2018-2019-d8fcab,/items/italia/teams/torino/collections/10-19/2018-2019,2018-2019-d8fcab,2018-2019,BOTH,1,1,1,0,TRUE,TRUE
46129,/items/italia/teams/torino/collections/07-19/2018-2019-ac8900,/items/italia/teams/torino/collections/03-19/2018-2019-c4249f,2018-2019-ac8900,2018-2019-c4249f,BOTH,1,1,1,0,TRUE,TRUE
46130,/items/italia/teams/torino/collections/07-19/2018-2019-22d5c0,/items/italia/teams/torino/collections/03-19-2/2018-2019-277f71,2018-2019-22d5c0,2018-2019-277f71,BOTH,1,1,1,0,TRUE,TRUE
46132,/items/italia/teams/torino/collections/07-19/2018-2019-a53820,/items/italia/teams/torino/collections/10-19/2018-2019-c24adb,2018-2019-a53820,2018-2019-c24adb,BOTH,1,1,1,0,TRUE,TRUE
46133,/items/italia/teams/torino/collections/07-19/2018-2019-27b8ae,/items/italia/teams/torino/collections/03-19/2018-2019-e1bb8e,2018-2019-27b8ae,2018-2019-e1bb8e,BOTH,1,1,1,0,TRUE,TRUE
46134,/items/italia/teams/torino/collections/07-19/2018-2019-9b5d67,/items/italia/teams/torino/collections/03-19/2018-2019-74cb98,2018-2019-9b5d67,2018-2019-74cb98,BOTH,1,1,1,0,TRUE,TRUE
46140,/items/italia/teams/torino/collections/08-22/2019-2020-e22fce,/items/italia/teams/torino/collections/05-23/2019-2020,2019-2020-e22fce,2019-2020,BOTH,1,1,1,0,TRUE,TRUE
46156,/items/italia/teams/torino/collections/08-22/2020-2021-8612bf,/items/italia/teams/torino/collections/06-23/2020-2021,2020-2021-8612bf,2020-2021,BOTH,1,1,1,0,TRUE,TRUE
46205,/items/italia/teams/torino/collections/foto-tor/1943-1944-c88a5a,/items/italia/teams/torino/collections/03-25/1943-1944,1943-1944-c88a5a,1943-1944,BOTH,1,1,1,0,TRUE,TRUE
46224,/items/italia/teams/torino/collections/foto-tor/1947-1948-0a9087,/items/italia/teams/torino/collections/05-23/1947-1948,1947-1948-0a9087,1947-1948,BOTH,1,1,1,0,TRUE,TRUE
46226,/items/italia/teams/torino/collections/foto-tor/1947-1948-217286,/items/italia/teams/torino/collections/05-23/1947-1948-d88ed8,1947-1948-217286,1947-1948-d88ed8,BOTH,1,1,1,0,TRUE,TRUE
46258,/items/italia/teams/torino/collections/foto-tor/1959-1960-4cde04,/items/italia/teams/torino/collections/03-20/1959-1960,1959-1960-4cde04,1959-1960,BOTH,1,1,1,0,TRUE,TRUE
46259,/items/italia/teams/torino/collections/foto-tor/1959-1960-e81c1a,/items/italia/teams/torino/collections/03-20/1959-1960-416ce4,1959-1960-e81c1a,1959-1960-416ce4,BOTH,1,1,1,0,TRUE,TRUE
46261,/items/italia/teams/torino/collections/foto-tor/1960-1961-18d7e3,/items/italia/teams/torino/collections/08-18-3/1960-1961,1960-1961-18d7e3,1960-1961,BOTH,1,1,1,0,TRUE,TRUE
46262,/items/italia/teams/torino/collections/foto-tor/1960-1961-61160b,/items/italia/teams/torino/collections/03-20/1960-1961,1960-1961-61160b,1960-1961,BOTH,1,1,1,0,TRUE,TRUE
46263,/items/italia/teams/torino/collections/foto-tor/1960-1961-eb5b93,/items/italia/teams/torino/collections/03-20/1960-1961-d12310,1960-1961-eb5b93,1960-1961-d12310,BOTH,1,1,1,0,TRUE,TRUE
46266,/items/italia/teams/torino/collections/foto-tor/1961-1962-7c9cd1,/items/italia/teams/torino/collections/08-18-3/1961-1962,1961-1962-7c9cd1,1961-1962,BOTH,1,1,1,0,TRUE,TRUE
46267,/items/italia/teams/torino/collections/foto-tor/1961-1962-b1f6fe,/items/italia/teams/torino/collections/03-20/1961-1962,1961-1962-b1f6fe,1961-1962,BOTH,1,1,1,0,TRUE,TRUE
46268,/items/italia/teams/torino/collections/foto-tor/1961-1962-ed3713,/items/italia/teams/torino/collections/03-20/1961-1962-32bc91,1961-1962-ed3713,1961-1962-32bc91,BOTH,1,1,1,0,TRUE,TRUE
46271,/items/italia/teams/torino/collections/foto-tor/1961-1962-804aa8,/items/italia/teams/torino/collections/08-18/1961-1962,1961-1962-804aa8,1961-1962,BOTH,1,1,1,0,TRUE,TRUE
46275,/items/italia/teams/torino/collections/foto-tor/1962-1963-3179ca,/items/italia/teams/torino/collections/03-20/1962-1963,1962-1963-3179ca,1962-1963,BOTH,1,1,1,0,TRUE,TRUE
46276,/items/italia/teams/torino/collections/foto-tor/1962-1963-e3e2b1,/items/italia/teams/torino/collections/03-20/1962-1963-5a9aee,1962-1963-e3e2b1,1962-1963-5a9aee,BOTH,1,1,1,0,TRUE,TRUE
46280,/items/italia/teams/torino/collections/foto-tor/1963-1964-4c75aa,/items/italia/teams/torino/collections/03-20/1963-1964,1963-1964-4c75aa,1963-1964,BOTH,1,1,1,0,TRUE,TRUE
46284,/items/italia/teams/torino/collections/foto-tor/1964-1965-a64fbf,/items/italia/teams/torino/collections/03-20/1964-1965,1964-1965-a64fbf,1964-1965,BOTH,1,1,1,0,TRUE,TRUE
46287,/items/italia/teams/torino/collections/foto-tor/1965-1966-b156b4,/items/italia/teams/torino/collections/08-18/1965-1966,1965-1966-b156b4,1965-1966,BOTH,1,1,1,0,TRUE,TRUE
46289,/items/italia/teams/torino/collections/foto-tor/1965-1966-48fc78,/items/italia/teams/torino/collections/08-18-2/1965-1966,1965-1966-48fc78,1965-1966,BOTH,1,1,1,0,TRUE,TRUE
46293,/items/italia/teams/torino/collections/foto-tor/1966-1967-c01c77,/items/italia/teams/torino/collections/09-15/1966-1967,1966-1967-c01c77,1966-1967,BOTH,1,1,1,0,TRUE,TRUE
46297,/items/italia/teams/torino/collections/foto-tor/1967-1968-3b8179,/items/italia/teams/torino/collections/11-21-2/1967-1968,1967-1968-3b8179,1967-1968,BOTH,1,1,1,0,TRUE,TRUE
46299,/items/italia/teams/torino/collections/foto-tor/1967-1968-d9370d,/items/italia/teams/torino/collections/70-80/1967-1968,1967-1968-d9370d,1967-1968,BOTH,1,1,1,0,TRUE,TRUE
46303,/items/italia/teams/torino/collections/foto-tor/1968-1969-30fc4b,/items/italia/teams/torino/collections/03-20/1968-1969,1968-1969-30fc4b,1968-1969,BOTH,1,1,1,0,TRUE,TRUE
46304,/items/italia/teams/torino/collections/foto-tor/1968-1969-ff1e2d,/items/italia/teams/torino/collections/11-21-2/1968-1969,1968-1969-ff1e2d,1968-1969,BOTH,1,1,1,0,TRUE,TRUE
46305,/items/italia/teams/torino/collections/foto-tor/1968-1969-c849c3,/items/italia/teams/torino/collections/11-21-2/1968-1969-872a0e,1968-1969-c849c3,1968-1969-872a0e,BOTH,1,1,1,0,TRUE,TRUE
46307,/items/italia/teams/torino/collections/foto-tor/1968-1969-343f06,/items/italia/teams/torino/collections/03-20/1968-1969-d04db1,1968-1969-343f06,1968-1969-d04db1,BOTH,1,1,1,0,TRUE,TRUE
46310,/items/italia/teams/torino/collections/foto-tor/1969-1970-721cfa,/items/italia/teams/torino/collections/07-13/1969-1970,1969-1970-721cfa,1969-1970,BOTH,1,1,1,0,TRUE,TRUE
46314,/items/italia/teams/torino/collections/foto-tor/1969-1970-c72399,/items/italia/teams/torino/collections/03-20/1969-1970,1969-1970-c72399,1969-1970,BOTH,1,1,1,0,TRUE,TRUE
46315,/items/italia/teams/torino/collections/foto-tor/1969-1970-6f344b,/items/italia/teams/torino/collections/06-23/1969-1970,1969-1970-6f344b,1969-1970,BOTH,1,1,1,0,TRUE,TRUE
46318,/items/italia/teams/torino/collections/foto-tor/1970-1971-4f0780,/items/italia/teams/torino/collections/12-17/1970-1971,1970-1971-4f0780,1970-1971,BOTH,1,1,1,0,TRUE,TRUE
46321,/items/italia/teams/torino/collections/foto-tor/1971-1972-1b4578,/items/italia/teams/torino/collections/11-21-2/1971-1972,1971-1972-1b4578,1971-1972,BOTH,1,1,1,0,TRUE,TRUE
46322,/items/italia/teams/torino/collections/foto-tor/1971-1972-582c1b,/items/italia/teams/torino/collections/07-13/1971-1972,1971-1972-582c1b,1971-1972,BOTH,1,1,1,0,TRUE,TRUE
46323,/items/italia/teams/torino/collections/foto-tor/1971-1972-ea9111,/items/italia/teams/torino/collections/11-21-2/1971-1972-d9a715,1971-1972-ea9111,1971-1972-d9a715,BOTH,1,1,1,0,TRUE,TRUE
46324,/items/italia/teams/torino/collections/foto-tor/1971-1972-323cdf,/items/italia/teams/torino/collections/08-18/1971-1972,1971-1972-323cdf,1971-1972,BOTH,1,1,1,0,TRUE,TRUE
46325,/items/italia/teams/torino/collections/foto-tor/1971-1972-58048a,/items/italia/teams/torino/collections/04-20/1971-1972,1971-1972-58048a,1971-1972,BOTH,1,1,1,0,TRUE,TRUE
46326,/items/italia/teams/torino/collections/foto-tor/1971-1972-84858e,/items/italia/teams/torino/collections/11-21-2/1971-1972-bfba72,1971-1972-84858e,1971-1972-bfba72,BOTH,1,1,1,0,TRUE,TRUE
46327,/items/italia/teams/torino/collections/foto-tor/1971-1972-654fe4,/items/italia/teams/torino/collections/05-23/1971-1972,1971-1972-654fe4,1971-1972,BOTH,1,1,1,0,TRUE,TRUE
46330,/items/italia/teams/torino/collections/foto-tor/1972-1973-f40414,/items/italia/teams/torino/collections/03-20/1972-1973,1972-1973-f40414,1972-1973,BOTH,1,1,1,0,TRUE,TRUE
46337,/items/italia/teams/torino/collections/foto-tor/1974-1975-421fd7,/items/italia/teams/torino/collections/07-13/1974-1975,1974-1975-421fd7,1974-1975,BOTH,1,1,1,0,TRUE,TRUE
46339,/items/italia/teams/torino/collections/foto-tor/1974-1975-b54a07,/items/italia/teams/torino/collections/70-80/1974-1975,1974-1975-b54a07,1974-1975,BOTH,1,1,1,0,TRUE,TRUE
46341,/items/italia/teams/torino/collections/foto-tor/1974-1975-85a3e1,/items/italia/teams/torino/collections/02-17/1974-1975,1974-1975-85a3e1,1974-1975,BOTH,1,1,1,0,TRUE,TRUE
46345,/items/italia/teams/torino/collections/foto-tor/1975-1976-98f9ac,/items/italia/teams/torino/collections/02-17/1975-1976,1975-1976-98f9ac,1975-1976,BOTH,1,1,1,0,TRUE,TRUE
46353,/items/italia/teams/torino/collections/foto-tor/1976-1977-30f5d6,/items/italia/teams/torino/collections/11-21-2/1976-1977,1976-1977-30f5d6,1976-1977,BOTH,1,1,1,0,TRUE,TRUE
46354,/items/italia/teams/torino/collections/foto-tor/1976-1977-afeb57,/items/italia/teams/torino/collections/09-15/1976-1977,1976-1977-afeb57,1976-1977,BOTH,1,1,1,0,TRUE,TRUE
46355,/items/italia/teams/torino/collections/foto-tor/1976-1977-0f8fd7,/items/italia/teams/torino/collections/09-24/1976-1977,1976-1977-0f8fd7,1976-1977,BOTH,1,1,1,0,TRUE,TRUE
46369,/items/italia/teams/torino/collections/foto-tor/1979-1980-005863,/items/italia/teams/torino/collections/07-13/1979-1980,1979-1980-005863,1979-1980,BOTH,1,1,1,0,TRUE,TRUE
46372,/items/italia/teams/torino/collections/foto-tor/1979-1980-2a161d,/items/italia/teams/torino/collections/07-13/1979-1980-ac1680,1979-1980-2a161d,1979-1980-ac1680,BOTH,1,1,1,0,TRUE,TRUE
46373,/items/italia/teams/torino/collections/foto-tor/1979-1980-3b2b58,/items/italia/teams/torino/collections/02-17/1979-1980,1979-1980-3b2b58,1979-1980,BOTH,1,1,1,0,TRUE,TRUE
46374,/items/italia/teams/torino/collections/foto-tor/1979-1980-edd459,/items/italia/teams/torino/collections/09-24/1979-1980,1979-1980-edd459,1979-1980,BOTH,1,1,1,0,TRUE,TRUE
46375,/items/italia/teams/torino/collections/foto-tor/1979-1980-1d0cc5,/items/italia/teams/torino/collections/02-17/1979-1980-db0bb3,1979-1980-1d0cc5,1979-1980-db0bb3,BOTH,1,1,1,0,TRUE,TRUE
46384,/items/italia/teams/torino/collections/foto-tor/1982-1983-84c24c,/items/italia/teams/torino/collections/05-23/1982-1983,1982-1983-84c24c,1982-1983,BOTH,1,1,1,0,TRUE,TRUE
46388,/items/italia/teams/torino/collections/foto-tor/1982-1983-edb14e,/items/italia/teams/torino/collections/03-20/1982-1983,1982-1983-edb14e,1982-1983,BOTH,1,1,1,0,TRUE,TRUE
46389,/items/italia/teams/torino/collections/foto-tor/1982-1983-6b267b,/items/italia/teams/torino/collections/05-23/1982-1983-c0c633,1982-1983-6b267b,1982-1983-c0c633,BOTH,1,1,1,0,TRUE,TRUE
46391,/items/italia/teams/torino/collections/foto-tor/1982-1983-a74838,/items/italia/teams/torino/collections/11-21-2/1982-1983,1982-1983-a74838,1982-1983,BOTH,1,1,1,0,TRUE,TRUE
46395,/items/italia/teams/torino/collections/foto-tor/1983-1984-cba048,/items/italia/teams/torino/collections/03-15-2/1983-1984,1983-1984-cba048,1983-1984,BOTH,1,1,1,0,TRUE,TRUE
46396,/items/italia/teams/torino/collections/foto-tor/1983-1984-1eb7d5,/items/italia/teams/torino/collections/02-17/1983-1984,1983-1984-1eb7d5,1983-1984,BOTH,1,1,1,0,TRUE,TRUE
46402,/items/italia/teams/torino/collections/foto-tor/1984-1985-eddee7,/items/italia/teams/torino/collections/08-18-2/1984-1985,1984-1985-eddee7,1984-1985,BOTH,1,1,1,0,TRUE,TRUE
46404,/items/italia/teams/torino/collections/foto-tor/1984-1985-90b440,/items/italia/teams/torino/collections/04-15/1984-1985,1984-1985-90b440,1984-1985,BOTH,1,1,1,0,TRUE,TRUE
46405,/items/italia/teams/torino/collections/foto-tor/1984-1985-385f7d,/items/italia/teams/torino/collections/80-90/1984-1985,1984-1985-385f7d,1984-1985,BOTH,1,1,1,0,TRUE,TRUE
46421,/items/italia/teams/torino/collections/foto-tor/1986-1987-bd17e1,/items/italia/teams/torino/collections/07-13-2/1986-1987,1986-1987-bd17e1,1986-1987,BOTH,1,1,1,0,TRUE,TRUE
46422,/items/italia/teams/torino/collections/foto-tor/1986-1987-179296,/items/italia/teams/torino/collections/07-13-2/1986-1987-554585,1986-1987-179296,1986-1987-554585,BOTH,1,1,1,0,TRUE,TRUE
46433,/items/italia/teams/torino/collections/foto-tor/1987-1988-1420d5,/items/italia/teams/torino/collections/09-15/1987-1988,1987-1988-1420d5,1987-1988,BOTH,1,1,1,0,TRUE,TRUE
46435,/items/italia/teams/torino/collections/foto-tor/1987-1988-fe5df9,/items/italia/teams/torino/collections/02-17/1987-1988,1987-1988-fe5df9,1987-1988,BOTH,1,1,1,0,TRUE,TRUE
46440,/items/italia/teams/torino/collections/foto-tor/1987-1988-540c6b,/items/italia/teams/torino/collections/02-22/1987-1988,1987-1988-540c6b,1987-1988,BOTH,1,1,1,0,TRUE,TRUE
46446,/items/italia/teams/torino/collections/foto-tor/1988-1989-716e7d,/items/italia/teams/torino/collections/02-17/1988-1989,1988-1989-716e7d,1988-1989,BOTH,1,1,1,0,TRUE,TRUE
46447,/items/italia/teams/torino/collections/foto-tor/1988-1989-c0cbe6,/items/italia/teams/torino/collections/11-21/1988-1989,1988-1989-c0cbe6,1988-1989,BOTH,1,1,1,0,TRUE,TRUE
46448,/items/italia/teams/torino/collections/foto-tor/1988-1989-fff606,/items/italia/teams/torino/collections/05-24/1988-1989,1988-1989-fff606,1988-1989,BOTH,1,1,1,0,TRUE,TRUE
46449,/items/italia/teams/torino/collections/foto-tor/1988-1989-f1866d,/items/italia/teams/torino/collections/05-24/1988-1989-944b6e,1988-1989-f1866d,1988-1989-944b6e,BOTH,1,1,1,0,TRUE,TRUE
46452,/items/italia/teams/torino/collections/foto-tor/1988-1989-6b9ff5,/items/italia/teams/torino/collections/07-13-2/1988-1989,1988-1989-6b9ff5,1988-1989,BOTH,1,1,1,0,TRUE,TRUE
46458,/items/italia/teams/torino/collections/foto-tor/1989-1990-b80006,/items/italia/teams/torino/collections/02-17/1989-1990,1989-1990-b80006,1989-1990,BOTH,1,1,1,0,TRUE,TRUE
46462,/items/italia/teams/torino/collections/foto-tor/1989-1990-8987fe,/items/italia/teams/torino/collections/80-90/1989-1990,1989-1990-8987fe,1989-1990,BOTH,1,1,1,0,TRUE,TRUE
46478,/items/italia/teams/torino/collections/foto-tor/1991-1992-a06344,/items/italia/teams/torino/collections/10-13/1991-1992,1991-1992-a06344,1991-1992,BOTH,1,1,1,0,TRUE,TRUE
46498,/items/italia/teams/torino/collections/foto-tor/1993-1994-8aa581,/items/italia/teams/torino/collections/10-13/1993-1994,1993-1994-8aa581,1993-1994,BOTH,1,1,1,0,TRUE,TRUE
46506,/items/italia/teams/torino/collections/foto-tor/1995-1996-8245a3,/items/italia/teams/torino/collections/07-13-2/1995-1996,1995-1996-8245a3,1995-1996,BOTH,1,1,1,0,TRUE,TRUE
46510,/items/italia/teams/torino/collections/foto-tor/1995-1996-857cde,/items/italia/teams/torino/collections/07-13-2/1995-1996-3c449b,1995-1996-857cde,1995-1996-3c449b,BOTH,1,1,1,0,TRUE,TRUE
46511,/items/italia/teams/torino/collections/foto-tor/1995-1996-c149a7,/items/italia/teams/torino/collections/10-19/1995-1996,1995-1996-c149a7,1995-1996,BOTH,1,1,1,0,TRUE,TRUE
46529,/items/italia/teams/torino/collections/foto-tor/1998-1999-0b104b,/items/italia/teams/torino/collections/08-16/1998-1999,1998-1999-0b104b,1998-1999,BOTH,1,1,1,0,TRUE,TRUE
46591,/items/italia/teams/udinese/collections/02-17/1992-1993-e207c3,/items/italia/teams/udinese/collections/10-19/1992-1993,1992-1993-e207c3,1992-1993,BOTH,1,1,1,0,TRUE,TRUE
46614,/items/italia/teams/verona/collections/02-17/1989-1990-491046,/items/italia/teams/verona/collections/10-19/1989-1990,1989-1990-491046,1989-1990,BOTH,1,1,1,0,TRUE,TRUE
46622,/items/italia/teams/vicenza/collections/02-17/1977-1978-d6e695,/items/italia/teams/vicenza/collections/04-20/1977-1978,1977-1978-d6e695,1977-1978,BOTH,1,1,1,0,TRUE,TRUE
46623,/items/italia/teams/vicenza/collections/02-17/1977-1978-f84784,/items/italia/teams/vicenza/collections/02-25/1977-1978,1977-1978-f84784,1977-1978,BOTH,1,1,1,0,TRUE,TRUE
46702,/items/outros/teams/cerro-uru/collections/09-18/2018-611b5e,/items/outros/teams/cerro-uru/collections/03-19/2018,2018-611b5e,2018,BOTH,1,1,1,0,TRUE,TRUE
46703,/items/outros/teams/cerro-uru/collections/09-18/2018-0d12a2,/items/outros/teams/cerro-uru/collections/03-19/2018-925be4,2018-0d12a2,2018-925be4,BOTH,1,1,1,0,TRUE,TRUE
46778,/items/outros/teams/mexico/collections/08-14-2/2014-493a77,/items/outros/teams/mexico/collections/08-14/2014,2014-493a77,2014,BOTH,1,1,1,0,TRUE,TRUE
46779,/items/outros/teams/mexico/collections/08-14-2/2014-cdb607,/items/outros/teams/mexico/collections/03-15/2014,2014-cdb607,2014,BOTH,1,1,1,0,TRUE,TRUE
46854,/items/outros/teams/venezuela/collections/01-16/2015-f701c8,/items/outros/teams/venezuela/collections/06-16/2015,2015-f701c8,2015,BOTH,1,1,1,0,TRUE,TRUE
