item_id,identity,team_path,collection_before,collection_target,stable_key,item_slug,public_slug,route_before,route_target_provisional,reason,authorization_class
42423,paises/brasil/atletico/1979.htm#editorial:hx001:table-65:description-table-74,paises/brasil/atletico,camisas/brasil/atletico/10_12,camisas/brasil/atletico/02_17,item:172eec4933820cf41e20d20a1fe7a1e31689b3bc04b0004868151828fdc8962a,1979,1979-c542a1,/items/brasil/teams/atletico/collections/10-12/1979-c542a1,/items/brasil/teams/atletico/collections/02-17/1979-c542a1,unique record references,ET028_EXCLUSIVE
42425,paises/brasil/atletico/1979.htm#editorial:hx001:table-101:description-table-108,paises/brasil/atletico,camisas/brasil/atletico/10_12,camisas/brasil/atletico/04_16,item:dfae688fcf5f60ccd5c6d50b85abab8329a07a5a91217f47afb1cec62a10758b,1979,1979-dd688f,/items/brasil/teams/atletico/collections/10-12/1979-dd688f,/items/brasil/teams/atletico/collections/04-16/1979-dd688f,unique record references,ET028_EXCLUSIVE
42432,paises/brasil/atletico/1981.htm#editorial:hx001:table-72:description-table-81,paises/brasil/atletico,camisas/brasil/atletico/10_12,camisas/brasil/atletico/03_16,item:6229389ac8a3324113fc45181f5fbbda5bc10901f130927c52ce106653b10bbc,1981,1981-69a8ca,/items/brasil/teams/atletico/collections/10-12/1981-69a8ca,/items/brasil/teams/atletico/collections/03-16/1981-69a8ca,unique record references,ET028_EXCLUSIVE
42434,paises/brasil/atletico/1981.htm#editorial:hx001:table-110:description-table-117,paises/brasil/atletico,camisas/brasil/atletico/10_12,camisas/brasil/atletico/01_20,item:acaeb7f72d351d02ceb9ee07a75d999b2029cd442563a495a076d5f805df4411,1981,1981-531786,/items/brasil/teams/atletico/collections/10-12/1981-531786,/items/brasil/teams/atletico/collections/01-20/1981-531786,unique record references,ET028_EXCLUSIVE
42439,paises/brasil/atletico/1981.htm#editorial:hx001:table-201:description-table-208,paises/brasil/atletico,camisas/brasil/atletico/10_12,camisas/brasil/atletico/03_16,item:f5e11575189c31b49963eb35bf80335ebaea67d05ccba5fabd7ac6386509dcf0,1981,1981-f17278,/items/brasil/teams/atletico/collections/10-12/1981-f17278,/items/brasil/teams/atletico/collections/03-16/1981-f17278,unique record references,ET028_EXCLUSIVE
42443,paises/brasil/atletico/1982.htm#editorial:hx001:table-69:description-table-76,paises/brasil/atletico,camisas/brasil/atletico/11_21_2,camisas/brasil/atletico/11_17,item:7dadf5069e72854479ad8bbe0839794314c062517139b9c1e95ca459f457e78d,1982,1982-c97b2e,/items/brasil/teams/atletico/collections/11-21-2/1982-c97b2e,/items/brasil/teams/atletico/collections/11-17/1982-c97b2e,unique record references,ET028_EXCLUSIVE
42444,paises/brasil/atletico/1982.htm#editorial:hx001:table-86:description-table-93,paises/brasil/atletico,camisas/brasil/atletico/11_21_2,camisas/brasil/atletico/11_17,item:1fad2503a485ea0283b4691470940b45208a5f05de0a802d179eef6b48ca3145,1982,1982-1e302c,/items/brasil/teams/atletico/collections/11-21-2/1982-1e302c,/items/brasil/teams/atletico/collections/11-17/1982-1e302c,unique record references,ET028_EXCLUSIVE
42445,paises/brasil/atletico/1982.htm#editorial:hx001:table-103:description-table-110,paises/brasil/atletico,camisas/brasil/atletico/11_21_2,camisas/brasil/atletico/03_16,item:23f06ed48d14fdf05a8877e552b3081d4f906138b967d63d5f9a52c440defea0,1982,1982-6c0060,/items/brasil/teams/atletico/collections/11-21-2/1982-6c0060,/items/brasil/teams/atletico/collections/03-16/1982-6c0060,unique record references,ET028_EXCLUSIVE
42454,paises/brasil/atletico/1987.htm#editorial:hx001:table-64:description-table-71,paises/brasil/atletico,camisas/brasil/atletico/05_15,camisas/brasil/atletico/03_16,item:408cd735cea2038018275b2a1d6a1d48aac4a1f80cde5fde9b35272b1b8def75,1987,1987-47591c,/items/brasil/teams/atletico/collections/05-15/1987-47591c,/items/brasil/teams/atletico/collections/03-16/1987-47591c,unique record references,ET028_EXCLUSIVE
42455,paises/brasil/atletico/1987.htm#editorial:hx001:table-80:description-table-87,paises/brasil/atletico,camisas/brasil/atletico/05_15,camisas/brasil/atletico/03_16,item:4805c0bdbb3addcb0f6cac590bc8740eb191206cf297783702edaf7c5e445e25,1987,1987-723304,/items/brasil/teams/atletico/collections/05-15/1987-723304,/items/brasil/teams/atletico/collections/03-16/1987-723304,unique record references,ET028_EXCLUSIVE
42469,paises/brasil/atletico/1994.htm#editorial:hx001:table-79:description-table-86,paises/brasil/atletico,camisas/brasil/atletico/10_09,camisas/brasil/atletico/07_13,item:01a7ef5782a1a6cbb5a1c39c5fed409857da0948bc7d51c986b3822ac6ca0990,1994,1994-5865f0,/items/brasil/teams/atletico/collections/10-09/1994-5865f0,/items/brasil/teams/atletico/collections/07-13/1994-5865f0,unique record references,ET028_EXCLUSIVE
42472,paises/brasil/atletico/1995.htm#editorial:hx001:table-45:description-table-52,paises/brasil/atletico,camisas/brasil/atletico/10_09,camisas/brasil/atletico/03_16,item:9b50fe0d9fab5997ec9af8cc874ef6284d9bd888791cd4b3279ff175dbc4a8c4,1995-e-1996,1995-e-1996-4278c5,/items/brasil/teams/atletico/collections/10-09/1995-e-1996-4278c5,/items/brasil/teams/atletico/collections/03-16/1995-e-1996-4278c5,unique record references,ET028_EXCLUSIVE
42520,paises/brasil/atletico/2014.htm#editorial:hx001:table-55:description-table-64,paises/brasil/atletico,camisas/brasil/atletico/04_14,camisas/brasil/atletico/03_16,item:20249e0713440fb07472dc34e0c41a32e598aa858ca6635ba73edc5137159cb4,2014,2014-fd5248,/items/brasil/teams/atletico/collections/04-14/2014-fd5248,/items/brasil/teams/atletico/collections/03-16/2014-fd5248,unique record references,ET028_EXCLUSIVE
42522,paises/brasil/atletico/2014.htm#editorial:hx001:table-99:description-table-108,paises/brasil/atletico,camisas/brasil/atletico/04_14,camisas/brasil/atletico/06_14,item:f6e232809eacefdb4a612d20305ca6692ca7eacc0ad8ccf0259614a111228d35,2014,2014-003537,/items/brasil/teams/atletico/collections/04-14/2014-003537,/items/brasil/teams/atletico/collections/06-14/2014-003537,unique record references,ET028_EXCLUSIVE
42524,paises/brasil/atletico/2014.htm#editorial:hx001:table-143:description-table-152,paises/brasil/atletico,camisas/brasil/atletico/04_14,camisas/brasil/atletico/03_16,item:5e0023838683c3f1f71d4d8ff90be91b456f37df37ee8984eda325b4569550dd,2014,2014-b263b8,/items/brasil/teams/atletico/collections/04-14/2014-b263b8,/items/brasil/teams/atletico/collections/03-16/2014-b263b8,unique record references,ET028_EXCLUSIVE
42525,paises/brasil/atletico/2014.htm#editorial:hx001:table-165:description-table-174,paises/brasil/atletico,camisas/brasil/atletico/04_14,camisas/brasil/atletico/06_14,item:e6eef1347ccf0dcc1f3b3ae8f4c69e70b650c7ad3bc2d00dfa81519d8c18eaf9,2014,2014-79a42a,/items/brasil/teams/atletico/collections/04-14/2014-79a42a,/items/brasil/teams/atletico/collections/06-14/2014-79a42a,unique record references,ET028_EXCLUSIVE
42526,paises/brasil/atletico/2014.htm#editorial:hx001:table-187:description-table-196,paises/brasil/atletico,camisas/brasil/atletico/04_14,camisas/brasil/atletico/08_14,item:419175ba00b4dae16a2fa4fa942e7cbb54980da3cf8b3bdeeeb8b4ef99fcc6c9,2014,2014-bae201,/items/brasil/teams/atletico/collections/04-14/2014-bae201,/items/brasil/teams/atletico/collections/08-14/2014-bae201,unique record references,ET028_EXCLUSIVE
42528,paises/brasil/atletico/2014.htm#editorial:hx001:table-231:description-table-238,paises/brasil/atletico,camisas/brasil/atletico/04_14,camisas/brasil/atletico/06_14,item:ea3f3bfcc4a34a6077f1aca1807d3464fba75552f8c3f10bc0d03e7818d7d893,2014,2014-5bfc83,/items/brasil/teams/atletico/collections/04-14/2014-5bfc83,/items/brasil/teams/atletico/collections/06-14/2014-5bfc83,unique record references,ET028_EXCLUSIVE
42530,paises/brasil/atletico/2014.htm#editorial:hx001:table-271:description-table-280,paises/brasil/atletico,camisas/brasil/atletico/04_14,camisas/brasil/atletico/03_16,item:084844580cfe4bf7269af7508ad4f81d19b2071c9d8a9189835a8563daf65315,2014,2014-2a2df2,/items/brasil/teams/atletico/collections/04-14/2014-2a2df2,/items/brasil/teams/atletico/collections/03-16/2014-2a2df2,unique record references,ET028_EXCLUSIVE
42531,paises/brasil/atletico/2014.htm#editorial:hx001:table-293:description-table-302,paises/brasil/atletico,camisas/brasil/atletico/04_14,camisas/brasil/atletico/03_16,item:46f7678a7f0535918c8d721a85b5e75aac37ec2f56a4af0634ed8a877d934942,2014,2014-25f2c4,/items/brasil/teams/atletico/collections/04-14/2014-25f2c4,/items/brasil/teams/atletico/collections/03-16/2014-25f2c4,unique record references,ET028_EXCLUSIVE
42532,paises/brasil/atletico/2014.htm#editorial:hx001:table-315:description-table-324,paises/brasil/atletico,camisas/brasil/atletico/04_14,camisas/brasil/atletico/08_14_2,item:73b586329febee3a7673da20af8deaae0f331204859a8b25bc82f409ba5cc43d,2014,2014-3b511e,/items/brasil/teams/atletico/collections/04-14/2014-3b511e,/items/brasil/teams/atletico/collections/08-14-2/2014-3b511e,unique record references,ET028_EXCLUSIVE
42537,paises/brasil/atletico/2015.htm#editorial:hx001:table-107:description-table-116,paises/brasil/atletico,camisas/brasil/atletico/04_15,camisas/brasil/atletico/03_16,item:22812046c7a3427411ef29210447d4b5cdd904110dacdee79793398c4fa923d2,2015,2015-993a9a,/items/brasil/teams/atletico/collections/04-15/2015-993a9a,/items/brasil/teams/atletico/collections/03-16/2015-993a9a,unique record references,ET028_EXCLUSIVE
42538,paises/brasil/atletico/2015.htm#editorial:hx001:table-132:description-table-141,paises/brasil/atletico,camisas/brasil/atletico/04_15,camisas/brasil/atletico/03_16,item:8729ca6d722505b079b1d5c91c552470b5f32049b73a465f43ca407a3617ba6c,2015,2015-d607e7,/items/brasil/teams/atletico/collections/04-15/2015-d607e7,/items/brasil/teams/atletico/collections/03-16/2015-d607e7,unique record references,ET028_EXCLUSIVE
42539,paises/brasil/atletico/2015.htm#editorial:hx001:table-158:description-table-167,paises/brasil/atletico,camisas/brasil/atletico/04_15,camisas/brasil/atletico/03_16,item:d2918dece17c472de8e32fc7d73f101a8e87cc51578497f0ea05a967abc919a2,2015,2015-25bda4,/items/brasil/teams/atletico/collections/04-15/2015-25bda4,/items/brasil/teams/atletico/collections/03-16/2015-25bda4,unique record references,ET028_EXCLUSIVE
42540,paises/brasil/atletico/2015.htm#editorial:hx001:table-183:description-table-192,paises/brasil/atletico,camisas/brasil/atletico/04_15,camisas/brasil/atletico/03_16,item:59a8232818e2f1471f7e903bf331f264abba61cf1933c96cfd2285cec49ee6e8,2015,2015-a32173,/items/brasil/teams/atletico/collections/04-15/2015-a32173,/items/brasil/teams/atletico/collections/03-16/2015-a32173,unique record references,ET028_EXCLUSIVE
42541,paises/brasil/atletico/2015.htm#editorial:hx001:table-208:description-table-217,paises/brasil/atletico,camisas/brasil/atletico/04_15,camisas/brasil/atletico/03_16,item:70141d5cb7d0a332408c9a34ed0e5012e68a1610c79cb51937f7d7ea0a3e0aac,2015,2015-a7139b,/items/brasil/teams/atletico/collections/04-15/2015-a7139b,/items/brasil/teams/atletico/collections/03-16/2015-a7139b,unique record references,ET028_EXCLUSIVE
42542,paises/brasil/atletico/2015.htm#editorial:hx001:table-233:description-table-242,paises/brasil/atletico,camisas/brasil/atletico/04_15,camisas/brasil/atletico/06_16,item:1c2829d3761834f9f3b8c68c7af5793107a00846fee1cd3fa8fd4d4b7c0b0f43,2015,2015-3702bf,/items/brasil/teams/atletico/collections/04-15/2015-3702bf,/items/brasil/teams/atletico/collections/06-16/2015-3702bf,unique record references,ET028_EXCLUSIVE
42543,paises/brasil/atletico/2015.htm#editorial:hx001:table-258:description-table-267,paises/brasil/atletico,camisas/brasil/atletico/04_15,camisas/brasil/atletico/06_16,item:b4ee5c87ada853a75b053bca143fe9f4576d3f609d1129109e6ee195f092b669,2015,2015-02bc13,/items/brasil/teams/atletico/collections/04-15/2015-02bc13,/items/brasil/teams/atletico/collections/06-16/2015-02bc13,unique record references,ET028_EXCLUSIVE
42544,paises/brasil/atletico/2015.htm#editorial:hx001:table-283:description-table-292,paises/brasil/atletico,camisas/brasil/atletico/04_15,camisas/brasil/atletico/06_16,item:9aee98b3831670e09821f03d36cb2b8c4a79ea7c43f3b12d49c45d00207e46be,2015,2015-9a7da0,/items/brasil/teams/atletico/collections/04-15/2015-9a7da0,/items/brasil/teams/atletico/collections/06-16/2015-9a7da0,unique record references,ET028_EXCLUSIVE
42547,paises/brasil/atletico/2015.htm#editorial:hx001:table-360:description-table-369,paises/brasil/atletico,camisas/brasil/atletico/04_15,camisas/brasil/atletico/03_16,item:d5968a393a8685f73f2bdf61bf373015034178a3c8f7a91fb1718893ecec14e2,2015,2015-9d5d99,/items/brasil/teams/atletico/collections/04-15/2015-9d5d99,/items/brasil/teams/atletico/collections/03-16/2015-9d5d99,unique record references,ET028_EXCLUSIVE
42548,paises/brasil/atletico/2015.htm#editorial:hx001:table-386:description-table-395,paises/brasil/atletico,camisas/brasil/atletico/04_15,camisas/brasil/atletico/03_16,item:5b73ceef2e618b338a3aa08cdc1bcc074c98f2ae1a8f6a48c54297d5bccd2d09,2015,2015-61d854,/items/brasil/teams/atletico/collections/04-15/2015-61d854,/items/brasil/teams/atletico/collections/03-16/2015-61d854,unique record references,ET028_EXCLUSIVE
42549,paises/brasil/atletico/2015.htm#editorial:hx001:table-412:description-table-421,paises/brasil/atletico,camisas/brasil/atletico/04_15,camisas/brasil/atletico/03_16,item:28127e57ea8d36c719f5b5557fcb0b9467dbf0fba51b44e1e5b5be53bc3e23e4,2015,2015-41c4c9,/items/brasil/teams/atletico/collections/04-15/2015-41c4c9,/items/brasil/teams/atletico/collections/03-16/2015-41c4c9,unique record references,ET028_EXCLUSIVE
42550,paises/brasil/atletico/2015.htm#editorial:hx001:table-438:description-table-447,paises/brasil/atletico,camisas/brasil/atletico/04_15,camisas/brasil/atletico/03_16,item:25caac4cc18b9c31de49171f2258cc66115b95c7f620b9d55f300668b0829d4f,2015,2015-25b390,/items/brasil/teams/atletico/collections/04-15/2015-25b390,/items/brasil/teams/atletico/collections/03-16/2015-25b390,unique record references,ET028_EXCLUSIVE
42551,paises/brasil/atletico/2015.htm#editorial:hx001:table-463:description-table-472,paises/brasil/atletico,camisas/brasil/atletico/04_15,camisas/brasil/atletico/03_16,item:656e3dad7882561cd985a787c22981c3c6234fdff963b54941907c44399c2886,2015,2015-a57db3,/items/brasil/teams/atletico/collections/04-15/2015-a57db3,/items/brasil/teams/atletico/collections/03-16/2015-a57db3,unique record references,ET028_EXCLUSIVE
42552,paises/brasil/atletico/2015.htm#editorial:hx001:table-488:description-table-497,paises/brasil/atletico,camisas/brasil/atletico/04_15,camisas/brasil/atletico/04_16,item:8a9a85a44333a4368a7e08aea8f87ec5f5e2839313b4e2fdf88bc35d0db934ca,2015,2015-733e5c,/items/brasil/teams/atletico/collections/04-15/2015-733e5c,/items/brasil/teams/atletico/collections/04-16/2015-733e5c,unique record references,ET028_EXCLUSIVE
42553,paises/brasil/atletico/2015.htm#editorial:hx001:table-513:description-table-522,paises/brasil/atletico,camisas/brasil/atletico/04_15,camisas/brasil/atletico/04_16,item:9d2f7075fbaea13bf3ea1c38d3994aeb3b83c2093f8c1e6565748e0811417f58,2015,2015-b4b757,/items/brasil/teams/atletico/collections/04-15/2015-b4b757,/items/brasil/teams/atletico/collections/04-16/2015-b4b757,unique record references,ET028_EXCLUSIVE
42554,paises/brasil/atletico/2015.htm#editorial:hx001:table-538:description-table-547,paises/brasil/atletico,camisas/brasil/atletico/04_15,camisas/brasil/atletico/04_16,item:1b036e02ae5a323f8ce447e656477efbc3ef9cd2928db09e5e0df2c1bf85d750,2015,2015-d0fe39,/items/brasil/teams/atletico/collections/04-15/2015-d0fe39,/items/brasil/teams/atletico/collections/04-16/2015-d0fe39,unique record references,ET028_EXCLUSIVE
42557,paises/brasil/atletico/2015.htm#editorial:hx001:table-613:description-table-622,paises/brasil/atletico,camisas/brasil/atletico/04_15,camisas/brasil/atletico/03_16,item:7fea1a660d651df35a9dc382cae13d5b42a82b36c29514427d41fa7c777a6c1a,2015,2015-055676,/items/brasil/teams/atletico/collections/04-15/2015-055676,/items/brasil/teams/atletico/collections/03-16/2015-055676,unique record references,ET028_EXCLUSIVE
42559,paises/brasil/atletico/2015.htm#editorial:hx001:table-663:description-table-672,paises/brasil/atletico,camisas/brasil/atletico/04_15,camisas/brasil/atletico/03_16,item:14657c3c0dd2a428e61926838ed572081224d8b14f8d31297e749c328af189ae,2015,2015-65418b,/items/brasil/teams/atletico/collections/04-15/2015-65418b,/items/brasil/teams/atletico/collections/03-16/2015-65418b,unique record references,ET028_EXCLUSIVE
42560,paises/brasil/atletico/2015.htm#editorial:hx001:table-688:description-table-695,paises/brasil/atletico,camisas/brasil/atletico/04_15,camisas/brasil/atletico/03_16,item:38f5c07aa5a36f5ca45e0d60f8215ac84c495aabaa9355679ec7eb0fe6ed2bae,2015,2015-33bc4f,/items/brasil/teams/atletico/collections/04-15/2015-33bc4f,/items/brasil/teams/atletico/collections/03-16/2015-33bc4f,unique record references,ET028_EXCLUSIVE
42568,paises/brasil/atletico/2016.htm#editorial:hx001:table-165:description-table-174,paises/brasil/atletico,camisas/brasil/atletico/03_17,camisas/brasil/atletico/04_20,item:55b869d85f4964088f50e5f0249346bac987884f00b7add834623f10178119ff,2016,2016-3e56d3,/items/brasil/teams/atletico/collections/03-17/2016-3e56d3,/items/brasil/teams/atletico/collections/04-20/2016-3e56d3,unique record references,ET028_EXCLUSIVE
42569,paises/brasil/atletico/2016.htm#editorial:hx001:table-188:description-table-197,paises/brasil/atletico,camisas/brasil/atletico/03_17,camisas/brasil/atletico/04_20,item:8fcc2758aeae379e1c3afeae63f1465158e6f11cb5cbfb757dbfbb0254e5fd68,2016,2016-016d26,/items/brasil/teams/atletico/collections/03-17/2016-016d26,/items/brasil/teams/atletico/collections/04-20/2016-016d26,unique record references,ET028_EXCLUSIVE
42570,paises/brasil/atletico/2016.htm#editorial:hx001:table-211:description-table-220,paises/brasil/atletico,camisas/brasil/atletico/03_17,camisas/brasil/atletico/04_20,item:c2b164b29c77f6eb7c5f115be9548cb16ba23ea8ddd9f2b4c87ae7acfe6017b0,2016,2016-e8d66a,/items/brasil/teams/atletico/collections/03-17/2016-e8d66a,/items/brasil/teams/atletico/collections/04-20/2016-e8d66a,unique record references,ET028_EXCLUSIVE
42583,paises/brasil/atletico/2017.htm#editorial:hx001:table-33:description-table-42,paises/brasil/atletico,camisas/brasil/atletico/07_17,camisas/brasil/atletico/03_20,item:befd897028411553c82029bd25d12f5f46a47ed2663252153f7b697f5cf9956c,2017,2017-21429e,/items/brasil/teams/atletico/collections/07-17/2017-21429e,/items/brasil/teams/atletico/collections/03-20/2017-21429e,unique record references,ET028_EXCLUSIVE
42584,paises/brasil/atletico/2017.htm#editorial:hx001:table-56:description-table-65,paises/brasil/atletico,camisas/brasil/atletico/07_17,camisas/brasil/atletico/03_20,item:ec57bf89bf4b8413776cdc3d7a05108fcaa67f4b3d9a30df3bcf2f91fcb33994,2017,2017-ada18c,/items/brasil/teams/atletico/collections/07-17/2017-ada18c,/items/brasil/teams/atletico/collections/03-20/2017-ada18c,unique record references,ET028_EXCLUSIVE
42586,paises/brasil/atletico/2017.htm#editorial:hx001:table-101:description-table-110,paises/brasil/atletico,camisas/brasil/atletico/07_17,camisas/brasil/atletico/11_17,item:984634383166c06adfbcea95de1d0ddbc96f43f1efaa7f3b6756ce96dda8e5f7,2017,2017-6d9b3c,/items/brasil/teams/atletico/collections/07-17/2017-6d9b3c,/items/brasil/teams/atletico/collections/11-17/2017-6d9b3c,unique record references,ET028_EXCLUSIVE
42587,paises/brasil/atletico/2017.htm#editorial:hx001:table-123:description-table-132,paises/brasil/atletico,camisas/brasil/atletico/07_17,camisas/brasil/atletico/11_17,item:0c69765ac7a981820bb48cb7cadd65212d50742646c42ce78f0e41e67290332e,2017,2017-75f716,/items/brasil/teams/atletico/collections/07-17/2017-75f716,/items/brasil/teams/atletico/collections/11-17/2017-75f716,unique record references,ET028_EXCLUSIVE
42589,paises/brasil/atletico/2017.htm#editorial:hx001:table-167:description-table-176,paises/brasil/atletico,camisas/brasil/atletico/07_17,camisas/brasil/atletico/02_22,item:b829da9360bb829a7c0f9e3f1d615a132d4b677dcfd53029db49b96db790b0fb,2017,2017-eb01a3,/items/brasil/teams/atletico/collections/07-17/2017-eb01a3,/items/brasil/teams/atletico/collections/02-22/2017-eb01a3,unique record references,ET028_EXCLUSIVE
42590,paises/brasil/atletico/2017.htm#editorial:hx001:table-190:description-table-199,paises/brasil/atletico,camisas/brasil/atletico/07_17,camisas/brasil/atletico/11_17,item:900db3f4fbbd2b48282f648e7a013fd8ecc89c4b471675c7b1fd5c1747db5427,2017,2017-a84e6f,/items/brasil/teams/atletico/collections/07-17/2017-a84e6f,/items/brasil/teams/atletico/collections/11-17/2017-a84e6f,unique record references,ET028_EXCLUSIVE
42592,paises/brasil/atletico/2017.htm#editorial:hx001:table-234:description-table-243,paises/brasil/atletico,camisas/brasil/atletico/07_17,camisas/brasil/atletico/01_18,item:d2404132952063dbd1731884e1255227ee8b9fbadc69ac456b49078afe9c4c57,2017,2017-4c3af5,/items/brasil/teams/atletico/collections/07-17/2017-4c3af5,/items/brasil/teams/atletico/collections/01-18/2017-4c3af5,unique record references,ET028_EXCLUSIVE
42593,paises/brasil/atletico/2017.htm#editorial:hx001:table-256:description-table-265,paises/brasil/atletico,camisas/brasil/atletico/07_17,camisas/brasil/atletico/11_17,item:cc7a39cbc912e94cef26cd05c5d847fc593a459c52081115cb4a03549d7833b9,2017,2017-31a182,/items/brasil/teams/atletico/collections/07-17/2017-31a182,/items/brasil/teams/atletico/collections/11-17/2017-31a182,unique record references,ET028_EXCLUSIVE
42595,paises/brasil/atletico/2017.htm#editorial:hx001:table-300:description-table-309,paises/brasil/atletico,camisas/brasil/atletico/07_17,camisas/brasil/atletico/11_17,item:b7bac5a6c83a76219ffa7652311cab4d19fe3621705c0ca13e9b671ead53424b,2017,2017-8a71e3,/items/brasil/teams/atletico/collections/07-17/2017-8a71e3,/items/brasil/teams/atletico/collections/11-17/2017-8a71e3,unique record references,ET028_EXCLUSIVE
42599,paises/brasil/atletico/2018.htm#editorial:hx001:table-80:description-table-89,paises/brasil/atletico,camisas/brasil/atletico/07_18,camisas/brasil/atletico/08_18,item:d0a13a6b88c3cd16bc53ab1f35574b0469f95d353766b723ced1f107d6be402c,2018,2018-3d96f0,/items/brasil/teams/atletico/collections/07-18/2018-3d96f0,/items/brasil/teams/atletico/collections/08-18/2018-3d96f0,unique record references,ET028_EXCLUSIVE
42600,paises/brasil/atletico/2018.htm#editorial:hx001:table-103:description-table-112,paises/brasil/atletico,camisas/brasil/atletico/07_18,camisas/brasil/atletico/08_18,item:71d263b584c25db7ecdc3cfebb380defe7883ff3f612c74e23a19ae59062a826,2018,2018-c910e0,/items/brasil/teams/atletico/collections/07-18/2018-c910e0,/items/brasil/teams/atletico/collections/08-18/2018-c910e0,unique record references,ET028_EXCLUSIVE
42602,paises/brasil/atletico/2018.htm#editorial:hx001:table-148:description-table-157,paises/brasil/atletico,camisas/brasil/atletico/07_18,camisas/brasil/atletico/10_18,item:b106f2d1397e14af6c8acec89d07d3d1528bf5077c7ddb2f36309ac796597bf2,2018,2018-52582b,/items/brasil/teams/atletico/collections/07-18/2018-52582b,/items/brasil/teams/atletico/collections/10-18/2018-52582b,unique record references,ET028_EXCLUSIVE
42603,paises/brasil/atletico/2018.htm#editorial:hx001:table-171:description-table-180,paises/brasil/atletico,camisas/brasil/atletico/07_18,camisas/brasil/atletico/10_18,item:78080d155a073193be9a35beb7e4307ba5893265a59e866666af6a42bc24ebff,2018,2018-f46ed7,/items/brasil/teams/atletico/collections/07-18/2018-f46ed7,/items/brasil/teams/atletico/collections/10-18/2018-f46ed7,unique record references,ET028_EXCLUSIVE
42604,paises/brasil/atletico/2018.htm#editorial:hx001:table-194:description-table-203,paises/brasil/atletico,camisas/brasil/atletico/07_18,camisas/brasil/atletico/10_18,item:4d0405220159af1e8c420cb150963f93a2c7d3e6f1e675d942a2fd98f00434d9,2018,2018-660773,/items/brasil/teams/atletico/collections/07-18/2018-660773,/items/brasil/teams/atletico/collections/10-18/2018-660773,unique record references,ET028_EXCLUSIVE
42605,paises/brasil/atletico/2018.htm#editorial:hx001:table-217:description-table-226,paises/brasil/atletico,camisas/brasil/atletico/07_18,camisas/brasil/atletico/03_19,item:d75e49a68a2e61489aac10a4631c12b7846f07158733a3b1a345c12072b27c8d,2018,2018-0337ca,/items/brasil/teams/atletico/collections/07-18/2018-0337ca,/items/brasil/teams/atletico/collections/03-19/2018-0337ca,unique record references,ET028_EXCLUSIVE
42606,paises/brasil/atletico/2018.htm#editorial:hx001:table-240:description-table-249,paises/brasil/atletico,camisas/brasil/atletico/07_18,camisas/brasil/atletico/01_19,item:ced9c564b625a79a7c86dc8953f3fc9d7f71a629f76e469763e8483fc696621a,2018,2018-cceb9f,/items/brasil/teams/atletico/collections/07-18/2018-cceb9f,/items/brasil/teams/atletico/collections/01-19/2018-cceb9f,unique record references,ET028_EXCLUSIVE
42607,paises/brasil/atletico/2018.htm#editorial:hx001:table-263:description-table-272,paises/brasil/atletico,camisas/brasil/atletico/07_18,camisas/brasil/atletico/01_19,item:469ab89c7e946992a01a687cbac5519ca23687ea5c098b5ed1c6490251a0b3b8,2018,2018-df03bb,/items/brasil/teams/atletico/collections/07-18/2018-df03bb,/items/brasil/teams/atletico/collections/01-19/2018-df03bb,unique record references,ET028_EXCLUSIVE
42608,paises/brasil/atletico/2018.htm#editorial:hx001:table-286:description-table-295,paises/brasil/atletico,camisas/brasil/atletico/07_18,camisas/brasil/atletico/03_19,item:c03a3ff7d022c0bebc0cd8e266d39b7512ee5122ddc30379054ffcfebd35fc2e,2018,2018-18048e,/items/brasil/teams/atletico/collections/07-18/2018-18048e,/items/brasil/teams/atletico/collections/03-19/2018-18048e,unique record references,ET028_EXCLUSIVE
42609,paises/brasil/atletico/2018.htm#editorial:hx001:table-310:description-table-319,paises/brasil/atletico,camisas/brasil/atletico/07_18,camisas/brasil/atletico/03_19,item:6190a8bb25075dd23d13c2f8470115bbadfb75b21b06e3a611ad1442beeda76f,2018,2018-aaace8,/items/brasil/teams/atletico/collections/07-18/2018-aaace8,/items/brasil/teams/atletico/collections/03-19/2018-aaace8,unique record references,ET028_EXCLUSIVE
42610,paises/brasil/atletico/2018.htm#editorial:hx001:table-334:description-table-343,paises/brasil/atletico,camisas/brasil/atletico/07_18,camisas/brasil/atletico/03_19,item:15d8a9c1583ffd42e6c3b268c2880bc8ebfa4ed5592810e731ca0056480a20bc,2018,2018-8c5c72,/items/brasil/teams/atletico/collections/07-18/2018-8c5c72,/items/brasil/teams/atletico/collections/03-19/2018-8c5c72,unique record references,ET028_EXCLUSIVE
42611,paises/brasil/atletico/2018.htm#editorial:hx001:table-358:description-table-367,paises/brasil/atletico,camisas/brasil/atletico/07_18,camisas/brasil/atletico/08_18,item:7bea5e021e144c26c53017547426b7ae0e664b8dd5d5742370b6fe8e170971ca,2018,2018-76add2,/items/brasil/teams/atletico/collections/07-18/2018-76add2,/items/brasil/teams/atletico/collections/08-18/2018-76add2,unique record references,ET028_EXCLUSIVE
42612,paises/brasil/atletico/2018.htm#editorial:hx001:table-381:description-table-390,paises/brasil/atletico,camisas/brasil/atletico/07_18,camisas/brasil/atletico/08_18,item:ed514403e734532fef78e2f3c4587196f7a3c52e2fb7bc6f0aab66b7424d5db5,2018,2018-e49ea3,/items/brasil/teams/atletico/collections/07-18/2018-e49ea3,/items/brasil/teams/atletico/collections/08-18/2018-e49ea3,unique record references,ET028_EXCLUSIVE
42613,paises/brasil/atletico/2018.htm#editorial:hx001:table-404:description-table-413,paises/brasil/atletico,camisas/brasil/atletico/07_18,camisas/brasil/atletico/08_18,item:da256aa859e14b84f43e09574f34ffb9c40c8f14974f4ef56ca0641d7e6892de,2018,2018-f03372,/items/brasil/teams/atletico/collections/07-18/2018-f03372,/items/brasil/teams/atletico/collections/08-18/2018-f03372,unique record references,ET028_EXCLUSIVE
42614,paises/brasil/atletico/2018.htm#editorial:hx001:table-427:description-table-436,paises/brasil/atletico,camisas/brasil/atletico/07_18,camisas/brasil/atletico/08_18,item:c098f89c38838db98c61d77dc49ec788d2b5b72e56d59c7ea62be12eeb14b3f5,2018,2018-de8040,/items/brasil/teams/atletico/collections/07-18/2018-de8040,/items/brasil/teams/atletico/collections/08-18/2018-de8040,unique record references,ET028_EXCLUSIVE
42615,paises/brasil/atletico/2018.htm#editorial:hx001:table-450:description-table-459,paises/brasil/atletico,camisas/brasil/atletico/07_18,camisas/brasil/atletico/09_18,item:2039d6a66e0099f1dc37365d33b522426e1d1e0faf004932e9a2ba80a0a31510,2018,2018-3b47e5,/items/brasil/teams/atletico/collections/07-18/2018-3b47e5,/items/brasil/teams/atletico/collections/09-18/2018-3b47e5,unique record references,ET028_EXCLUSIVE
42616,paises/brasil/atletico/2018.htm#editorial:hx001:table-473:description-table-482,paises/brasil/atletico,camisas/brasil/atletico/07_18,camisas/brasil/atletico/09_18,item:fd5ac79c6a9bc4a3f1076851351d7703b7e3c3e028a9a7f0ffeddb65aa6f8c38,2018,2018-18cb08,/items/brasil/teams/atletico/collections/07-18/2018-18cb08,/items/brasil/teams/atletico/collections/09-18/2018-18cb08,unique record references,ET028_EXCLUSIVE
42621,paises/brasil/atletico/2019.htm#editorial:hx001:table-103:description-table-112,paises/brasil/atletico,camisas/brasil/atletico/11_21,camisas/brasil/atletico/10_19,item:7c865fe2b9f9f02b5a77831f8ed803e9b9fa6682315ad38484ae672eafaac848,2019,2019-f43c1d,/items/brasil/teams/atletico/collections/11-21/2019-f43c1d,/items/brasil/teams/atletico/collections/10-19/2019-f43c1d,unique record references,ET028_EXCLUSIVE
42622,paises/brasil/atletico/2019.htm#editorial:hx001:table-126:description-table-135,paises/brasil/atletico,camisas/brasil/atletico/11_21,camisas/brasil/atletico/10_19,item:3edc7f438d6d22a6eceea5f335e366b7c9a7d80fd89388f6dbb1ee551eac518f,2019,2019-ab8073,/items/brasil/teams/atletico/collections/11-21/2019-ab8073,/items/brasil/teams/atletico/collections/10-19/2019-ab8073,unique record references,ET028_EXCLUSIVE
42623,paises/brasil/atletico/2019.htm#editorial:hx001:table-149:description-table-158,paises/brasil/atletico,camisas/brasil/atletico/11_21,camisas/brasil/atletico/01_20,item:8df218401be8ea30723a6b6316d3f13ab82ad780240dbd5a5614343562735c81,2019,2019-609642,/items/brasil/teams/atletico/collections/11-21/2019-609642,/items/brasil/teams/atletico/collections/01-20/2019-609642,unique record references,ET028_EXCLUSIVE
42624,paises/brasil/atletico/2019.htm#editorial:hx001:table-172:description-table-181,paises/brasil/atletico,camisas/brasil/atletico/11_21,camisas/brasil/atletico/01_20,item:0ebe5c3e917b681710d04d097251530fb107609ca8856c247815f5e9cf9dbf4b,2019,2019-3b07d8,/items/brasil/teams/atletico/collections/11-21/2019-3b07d8,/items/brasil/teams/atletico/collections/01-20/2019-3b07d8,unique record references,ET028_EXCLUSIVE
42625,paises/brasil/atletico/2019.htm#editorial:hx001:table-195:description-table-204,paises/brasil/atletico,camisas/brasil/atletico/11_21,camisas/brasil/atletico/03_20,item:a040fb1415f0e3d34f6d670e4d4dd3699e81405b03cc84e061723c402fa5a395,2019,2019-64812d,/items/brasil/teams/atletico/collections/11-21/2019-64812d,/items/brasil/teams/atletico/collections/03-20/2019-64812d,unique record references,ET028_EXCLUSIVE
42626,paises/brasil/atletico/2019.htm#editorial:hx001:table-218:description-table-227,paises/brasil/atletico,camisas/brasil/atletico/11_21,camisas/brasil/atletico/01_20,item:807e721e41fbcbad8cea82940e52da15f1cf4ab683042ee0a615571edb395ccc,2019,2019-fd46b1,/items/brasil/teams/atletico/collections/11-21/2019-fd46b1,/items/brasil/teams/atletico/collections/01-20/2019-fd46b1,unique record references,ET028_EXCLUSIVE
42628,paises/brasil/atletico/2019.htm#editorial:hx001:table-264:description-table-273,paises/brasil/atletico,camisas/brasil/atletico/11_21,camisas/brasil/atletico/01_20,item:f3978e7d7d33f60897b55cfdc69b0ecdba4c78cda6d9089d511a5b2e4cc0fc95,2019,2019-23279b,/items/brasil/teams/atletico/collections/11-21/2019-23279b,/items/brasil/teams/atletico/collections/01-20/2019-23279b,unique record references,ET028_EXCLUSIVE
42629,paises/brasil/atletico/2019.htm#editorial:hx001:table-287:description-table-296,paises/brasil/atletico,camisas/brasil/atletico/11_21,camisas/brasil/atletico/01_20,item:35f553bbcf3a1406042e81f60c658a21e859f31f596ac9d1a7144bdd89b3ff29,2019,2019-e184dc,/items/brasil/teams/atletico/collections/11-21/2019-e184dc,/items/brasil/teams/atletico/collections/01-20/2019-e184dc,unique record references,ET028_EXCLUSIVE
42630,paises/brasil/atletico/2019.htm#editorial:hx001:table-310:description-table-319,paises/brasil/atletico,camisas/brasil/atletico/11_21,camisas/brasil/atletico/01_20,item:27b8af8a1a250a03fa9490baa1175d9439ced57b13d342f2facbaa50cdb3e80b,2019,2019-d1eda4,/items/brasil/teams/atletico/collections/11-21/2019-d1eda4,/items/brasil/teams/atletico/collections/01-20/2019-d1eda4,unique record references,ET028_EXCLUSIVE
42631,paises/brasil/atletico/2019.htm#editorial:hx001:table-333:description-table-342,paises/brasil/atletico,camisas/brasil/atletico/11_21,camisas/brasil/atletico/01_20,item:1ba3d8bd45365cec12d0870641f62287666d01a0c5c7853e13fb8f75de368d6a,2019,2019-7bb645,/items/brasil/teams/atletico/collections/11-21/2019-7bb645,/items/brasil/teams/atletico/collections/01-20/2019-7bb645,unique record references,ET028_EXCLUSIVE
42632,paises/brasil/atletico/2019.htm#editorial:hx001:table-356:description-table-365,paises/brasil/atletico,camisas/brasil/atletico/11_21,camisas/brasil/atletico/03_20,item:25df89cbe26587621c08c19cd963d73325a54e811331a9b2a9fd843f90081e79,2019,2019-401c6f,/items/brasil/teams/atletico/collections/11-21/2019-401c6f,/items/brasil/teams/atletico/collections/03-20/2019-401c6f,unique record references,ET028_EXCLUSIVE
42634,paises/brasil/atletico/2019.htm#editorial:hx001:table-402:description-table-411,paises/brasil/atletico,camisas/brasil/atletico/11_21,camisas/brasil/atletico/01_20,item:f5e514c741214bb371a379ca8d73fbb411be60a32155df55c59b54b571aa20a8,2019,2019-689047,/items/brasil/teams/atletico/collections/11-21/2019-689047,/items/brasil/teams/atletico/collections/01-20/2019-689047,unique record references,ET028_EXCLUSIVE
42635,paises/brasil/atletico/2019.htm#editorial:hx001:table-425:description-table-434,paises/brasil/atletico,camisas/brasil/atletico/11_21,camisas/brasil/atletico/03_20,item:a84407ded8158739152b11f82aec1ad472122a13e736a173baf93101cf9c6c43,2019,2019-b676a0,/items/brasil/teams/atletico/collections/11-21/2019-b676a0,/items/brasil/teams/atletico/collections/03-20/2019-b676a0,unique record references,ET028_EXCLUSIVE
42636,paises/brasil/atletico/2019.htm#editorial:hx001:table-448:description-table-455,paises/brasil/atletico,camisas/brasil/atletico/11_21,camisas/brasil/atletico/03_20,item:65cedbd7e707556a2d0556c3f505ada24a2fe8f087f7dfd77c3baec07902d1c9,2019,2019-d0fb98,/items/brasil/teams/atletico/collections/11-21/2019-d0fb98,/items/brasil/teams/atletico/collections/03-20/2019-d0fb98,unique record references,ET028_EXCLUSIVE
42642,paises/brasil/atletico/2021.htm#editorial:hx001:table-57:description-table-66,paises/brasil/atletico,camisas/brasil/atletico/11_21_2,camisas/brasil/atletico/02_22,item:0bd021f6fd40c7586818b7cc7e02ed8d1135f823dd59d4ce96c6725d23a9ee65,2021,2021-1888a6,/items/brasil/teams/atletico/collections/11-21-2/2021-1888a6,/items/brasil/teams/atletico/collections/02-22/2021-1888a6,unique record references,ET028_EXCLUSIVE
42643,paises/brasil/atletico/2021.htm#editorial:hx001:table-80:description-table-89,paises/brasil/atletico,camisas/brasil/atletico/11_21_2,camisas/brasil/atletico/07_22,item:e67fd90e70c99e3552b57f9d4851b0cc098b819fb21e610ae8544480475b3594,2021,2021-77300c,/items/brasil/teams/atletico/collections/11-21-2/2021-77300c,/items/brasil/teams/atletico/collections/07-22/2021-77300c,unique record references,ET028_EXCLUSIVE
42644,paises/brasil/atletico/2021.htm#editorial:hx001:table-103:description-table-112,paises/brasil/atletico,camisas/brasil/atletico/11_21_2,camisas/brasil/atletico/07_22,item:76b8e1436c1dd87d5668d8e03791ad1535fc3f83bdcbeb7bcb7c025ad6f0f630,2021,2021-4f42ea,/items/brasil/teams/atletico/collections/11-21-2/2021-4f42ea,/items/brasil/teams/atletico/collections/07-22/2021-4f42ea,unique record references,ET028_EXCLUSIVE
42647,paises/brasil/atletico/2021.htm#editorial:hx001:table-180:description-table-189,paises/brasil/atletico,camisas/brasil/atletico/11_21_2,camisas/brasil/atletico/02_22,item:3100a4744ed577a0144ec5203e5b895c872947e592d28ada3f9d0796a5a4b171,2021,2021-c43f49,/items/brasil/teams/atletico/collections/11-21-2/2021-c43f49,/items/brasil/teams/atletico/collections/02-22/2021-c43f49,unique record references,ET028_EXCLUSIVE
42648,paises/brasil/atletico/2021.htm#editorial:hx001:table-203:description-table-212,paises/brasil/atletico,camisas/brasil/atletico/11_21_2,camisas/brasil/atletico/02_22,item:f5b24fdd6986c8aa7a267ae467840172b4a59809108aa49c2dc37ef6b0d5649a,2021,2021-89af58,/items/brasil/teams/atletico/collections/11-21-2/2021-89af58,/items/brasil/teams/atletico/collections/02-22/2021-89af58,unique record references,ET028_EXCLUSIVE
42649,paises/brasil/atletico/2021.htm#editorial:hx001:table-226:description-table-235,paises/brasil/atletico,camisas/brasil/atletico/11_21_2,camisas/brasil/atletico/07_22,item:19756aacc49c743ed05768286d4c0a542a617bb6a7e5f898100e98ca007c49aa,2021,2021-89b299,/items/brasil/teams/atletico/collections/11-21-2/2021-89b299,/items/brasil/teams/atletico/collections/07-22/2021-89b299,unique record references,ET028_EXCLUSIVE
42650,paises/brasil/atletico/2021.htm#editorial:hx001:table-250:description-table-259,paises/brasil/atletico,camisas/brasil/atletico/11_21_2,camisas/brasil/atletico/03_23,item:b1936c7117a18f35c59e80aed5059649e38829995d1930ecbebf3e7534445ea6,2021,2021-23b2cc,/items/brasil/teams/atletico/collections/11-21-2/2021-23b2cc,/items/brasil/teams/atletico/collections/03-23/2021-23b2cc,unique record references,ET028_EXCLUSIVE
42651,paises/brasil/atletico/2021.htm#editorial:hx001:table-273:description-table-282,paises/brasil/atletico,camisas/brasil/atletico/11_21_2,camisas/brasil/atletico/08_23,item:353a9ec1bd9ab9231eaeb307fbe38a619a3d5a99018161d219d862d871992ddf,2021,2021-4dc7ce,/items/brasil/teams/atletico/collections/11-21-2/2021-4dc7ce,/items/brasil/teams/atletico/collections/08-23/2021-4dc7ce,unique record references,ET028_EXCLUSIVE
42657,paises/brasil/atletico/2021.htm#editorial:hx001:table-423:description-table-432,paises/brasil/atletico,camisas/brasil/atletico/11_21_2,camisas/brasil/atletico/11_22,item:14568264d8e4679a34440840be69d2bab4bd5af7112ed62e9f46af17e69d0172,2021,2021-f41313,/items/brasil/teams/atletico/collections/11-21-2/2021-f41313,/items/brasil/teams/atletico/collections/11-22/2021-f41313,unique record references,ET028_EXCLUSIVE
42660,paises/brasil/atletico/2021.htm#editorial:hx001:table-504:description-table-511,paises/brasil/atletico,camisas/brasil/atletico/11_21_2,camisas/brasil/atletico/03_23,item:c4fb91aa23b22668cd969826bb61320b3ca42994ab4565fff68348da283eb1e3,2021,2021-c97760,/items/brasil/teams/atletico/collections/11-21-2/2021-c97760,/items/brasil/teams/atletico/collections/03-23/2021-c97760,unique record references,ET028_EXCLUSIVE
42661,paises/brasil/atletico/2021.htm#editorial:hx001:table-529:description-table-536,paises/brasil/atletico,camisas/brasil/atletico/11_21_2,camisas/brasil/atletico/08_23,item:b69ffe7db5874c30dadbee6f78626b4b9b38143cb62c22317757c6f5db1cba89,2021,2021-e95c23,/items/brasil/teams/atletico/collections/11-21-2/2021-e95c23,/items/brasil/teams/atletico/collections/08-23/2021-e95c23,unique record references,ET028_EXCLUSIVE
42664,paises/brasil/atletico/2021.htm#editorial:hx001:table-600:description-table-609,paises/brasil/atletico,camisas/brasil/atletico/11_21_2,camisas/brasil/atletico/07_22,item:2221ebc45630380071889b948c34981fd673aaa589b32d2b4590c9d2b9acb8f5,2021,2021-4c06d1,/items/brasil/teams/atletico/collections/11-21-2/2021-4c06d1,/items/brasil/teams/atletico/collections/07-22/2021-4c06d1,unique record references,ET028_EXCLUSIVE
42665,paises/brasil/atletico/2021.htm#editorial:hx001:table-623:description-table-632,paises/brasil/atletico,camisas/brasil/atletico/11_21_2,camisas/brasil/atletico/02_22,item:16544ae3d7a082f67ba4afdc251919ae2984cd861694a2ed1286ccd45a9a1ae7,2021,2021-a138e9,/items/brasil/teams/atletico/collections/11-21-2/2021-a138e9,/items/brasil/teams/atletico/collections/02-22/2021-a138e9,unique record references,ET028_EXCLUSIVE
42666,paises/brasil/atletico/2021.htm#editorial:hx001:table-646:description-table-655,paises/brasil/atletico,camisas/brasil/atletico/11_21_2,camisas/brasil/atletico/08_23,item:a8a6f69fc2291ac7523b81ff3be206cf401aa2d1f0e4d37e8e037e0ec8fc10d4,2021,2021-322ccb,/items/brasil/teams/atletico/collections/11-21-2/2021-322ccb,/items/brasil/teams/atletico/collections/08-23/2021-322ccb,unique record references,ET028_EXCLUSIVE
42675,paises/brasil/atletico/2022.htm#editorial:hx001:table-172:description-table-181,paises/brasil/atletico,camisas/brasil/atletico/09_22,camisas/brasil/atletico/08_23,item:371236627d10304daa0553c55b425bfe0a37b1b04e2d741c8d43faa662a70f2f,2022,2022-38b199,/items/brasil/teams/atletico/collections/09-22/2022-38b199,/items/brasil/teams/atletico/collections/08-23/2022-38b199,unique record references,ET028_EXCLUSIVE
42678,paises/brasil/atletico/2022.htm#editorial:hx001:table-249:description-table-258,paises/brasil/atletico,camisas/brasil/atletico/09_22,camisas/brasil/atletico/03_23,item:b651aa78c74e6a1c503dbda8a144afe8accf9af2916b169e8de42cc8c5f401f2,2022,2022-5faff7,/items/brasil/teams/atletico/collections/09-22/2022-5faff7,/items/brasil/teams/atletico/collections/03-23/2022-5faff7,unique record references,ET028_EXCLUSIVE
42681,paises/brasil/atletico/2022.htm#editorial:hx001:table-322:description-table-331,paises/brasil/atletico,camisas/brasil/atletico/09_22,camisas/brasil/atletico/03_23,item:eeac1f790cf730f50d485a03c046eac98f86348c9a0e1ad99d998f2f985a9261,2022,2022-bc7704,/items/brasil/teams/atletico/collections/09-22/2022-bc7704,/items/brasil/teams/atletico/collections/03-23/2022-bc7704,unique record references,ET028_EXCLUSIVE
42682,paises/brasil/atletico/2022.htm#editorial:hx001:table-345:description-table-354,paises/brasil/atletico,camisas/brasil/atletico/09_22,camisas/brasil/atletico/03_23,item:f66d91e0d9ef91bb9b26037c278802b0daa8774a4f3607270b14aacf3730267b,2022,2022-fba0f7,/items/brasil/teams/atletico/collections/09-22/2022-fba0f7,/items/brasil/teams/atletico/collections/03-23/2022-fba0f7,unique record references,ET028_EXCLUSIVE
42683,paises/brasil/atletico/2022.htm#editorial:hx001:table-368:description-table-377,paises/brasil/atletico,camisas/brasil/atletico/09_22,camisas/brasil/atletico/03_23,item:645252ccfecdaeade6fdebe5c221f31cd4183e372f723c1067f852b479628b4a,2022,2022-aa81f4,/items/brasil/teams/atletico/collections/09-22/2022-aa81f4,/items/brasil/teams/atletico/collections/03-23/2022-aa81f4,unique record references,ET028_EXCLUSIVE
42684,paises/brasil/atletico/2022.htm#editorial:hx001:table-391:description-table-400,paises/brasil/atletico,camisas/brasil/atletico/09_22,camisas/brasil/atletico/03_23,item:0b2b2ec868bfedbb0e881343b65a7528337185ae28a07ea4635e350a73d29c3d,2022,2022-504371,/items/brasil/teams/atletico/collections/09-22/2022-504371,/items/brasil/teams/atletico/collections/03-23/2022-504371,unique record references,ET028_EXCLUSIVE
42685,paises/brasil/atletico/2022.htm#editorial:hx001:table-414:description-table-423,paises/brasil/atletico,camisas/brasil/atletico/09_22,camisas/brasil/atletico/03_23,item:67cb6d3595974eab0a1fb6cf1b5940eabf2c9ccbc9908eb8701a5ecb118c7950,2022,2022-8927d5,/items/brasil/teams/atletico/collections/09-22/2022-8927d5,/items/brasil/teams/atletico/collections/03-23/2022-8927d5,unique record references,ET028_EXCLUSIVE
42686,paises/brasil/atletico/2022.htm#editorial:hx001:table-437:description-table-444,paises/brasil/atletico,camisas/brasil/atletico/09_22,camisas/brasil/atletico/09_24_2,item:274945f7b873aa3efead124675abdb6aa062c0e956fb53f8d51792552c0b2734,2022,2022-8d714c,/items/brasil/teams/atletico/collections/09-22/2022-8d714c,/items/brasil/teams/atletico/collections/09-24-2/2022-8d714c,unique record references,ET028_EXCLUSIVE
42687,paises/brasil/atletico/2022.htm#editorial:hx001:table-458:description-table-465,paises/brasil/atletico,camisas/brasil/atletico/09_22,camisas/brasil/atletico/09_24_2,item:a5dd5baf5458d2e243c67394c71c8f2bb6fa7d6c6d56912aca310c8080e5ea5a,2022,2022-b9c11d,/items/brasil/teams/atletico/collections/09-22/2022-b9c11d,/items/brasil/teams/atletico/collections/09-24-2/2022-b9c11d,unique record references,ET028_EXCLUSIVE
42688,paises/brasil/atletico/2022.htm#editorial:hx001:table-479:description-table-486,paises/brasil/atletico,camisas/brasil/atletico/09_22,camisas/brasil/atletico/03_25,item:c3fc73cd0fb142ba0e8e40eff2c9f4a3d9edba6fa52eb768c8dc4b0bb75a47bd,2022,2022-4bc261,/items/brasil/teams/atletico/collections/09-22/2022-4bc261,/items/brasil/teams/atletico/collections/03-25/2022-4bc261,unique record references,ET028_EXCLUSIVE
42690,paises/brasil/atletico/2022.htm#editorial:hx001:table-527:description-table-534,paises/brasil/atletico,camisas/brasil/atletico/09_22,camisas/brasil/atletico/09_24_2,item:149ea530f78e202ede7a81fcb3c8c36f70f81253084a43a442307d839ec15a61,2022,2022-356313,/items/brasil/teams/atletico/collections/09-22/2022-356313,/items/brasil/teams/atletico/collections/09-24-2/2022-356313,unique record references,ET028_EXCLUSIVE
42693,paises/brasil/atletico/2023.htm#editorial:hx001:table-65:description-table-74,paises/brasil/atletico,camisas/brasil/atletico/01_24,camisas/brasil/atletico/08_23,item:b75d97ff5f55ec13c8eaaae0b95a248e44611f2c6d9d165f8469338adc96491d,2023,2023-e437a4,/items/brasil/teams/atletico/collections/01-24/2023-e437a4,/items/brasil/teams/atletico/collections/08-23/2023-e437a4,unique record references,ET028_EXCLUSIVE
42694,paises/brasil/atletico/2023.htm#editorial:hx001:table-89:description-table-98,paises/brasil/atletico,camisas/brasil/atletico/01_24,camisas/brasil/atletico/08_23,item:0c039e90789ffa092c1bb5add280a2eb82a7f8c92d81875f3cb42bbcac683e2b,2023,2023-f803c0,/items/brasil/teams/atletico/collections/01-24/2023-f803c0,/items/brasil/teams/atletico/collections/08-23/2023-f803c0,unique record references,ET028_EXCLUSIVE
42695,paises/brasil/atletico/2023.htm#editorial:hx001:table-113:description-table-122,paises/brasil/atletico,camisas/brasil/atletico/01_24,camisas/brasil/atletico/08_23,item:219a416efcb6bb52d997d1482b0de81eb5d41bfc79eec5d4658e035322f2a3bd,2023,2023-0dbc35,/items/brasil/teams/atletico/collections/01-24/2023-0dbc35,/items/brasil/teams/atletico/collections/08-23/2023-0dbc35,unique record references,ET028_EXCLUSIVE
42696,paises/brasil/atletico/2023.htm#editorial:hx001:table-137:description-table-146,paises/brasil/atletico,camisas/brasil/atletico/01_24,camisas/brasil/atletico/08_23,item:a0e7981bc53bc65d87753288908b786ed0302c79cb709bf00bf848fa2757284c,2023,2023-48b450,/items/brasil/teams/atletico/collections/01-24/2023-48b450,/items/brasil/teams/atletico/collections/08-23/2023-48b450,unique record references,ET028_EXCLUSIVE
42699,paises/brasil/atletico/2023.htm#editorial:hx001:table-215:description-table-224,paises/brasil/atletico,camisas/brasil/atletico/01_24,camisas/brasil/atletico/05_24,item:7f3099d514fc996b2b8e05128387c95ae5c88abe12bafd653e1e4968b4001cd9,2023,2023-078f5b,/items/brasil/teams/atletico/collections/01-24/2023-078f5b,/items/brasil/teams/atletico/collections/05-24/2023-078f5b,unique record references,ET028_EXCLUSIVE
42700,paises/brasil/atletico/2023.htm#editorial:hx001:table-242:description-table-251,paises/brasil/atletico,camisas/brasil/atletico/01_24,camisas/brasil/atletico/03_25,item:76daab7937d7b05d9d17ce7eb444945f7c717b74567719592d4c4cffa921db31,2023,2023-5bb4e7,/items/brasil/teams/atletico/collections/01-24/2023-5bb4e7,/items/brasil/teams/atletico/collections/03-25/2023-5bb4e7,unique record references,ET028_EXCLUSIVE
42701,paises/brasil/atletico/2023.htm#editorial:hx001:table-270:description-table-279,paises/brasil/atletico,camisas/brasil/atletico/01_24,camisas/brasil/atletico/03_25,item:1fdea06bdc17e6f3222935e1efefc245cc2db0bd5f2a041601ad860be50e69b5,2023,2023-2e6165,/items/brasil/teams/atletico/collections/01-24/2023-2e6165,/items/brasil/teams/atletico/collections/03-25/2023-2e6165,unique record references,ET028_EXCLUSIVE
42702,paises/brasil/atletico/2023.htm#editorial:hx001:table-304:description-table-313,paises/brasil/atletico,camisas/brasil/atletico/01_24,camisas/brasil/atletico/07_25_2,item:45b698938164a1a040bce2b0776a5adda36805adf96639e26351f8f9b9fef6b0,2023,2023-3d66e3,/items/brasil/teams/atletico/collections/01-24/2023-3d66e3,/items/brasil/teams/atletico/collections/07-25-2/2023-3d66e3,unique record references,ET028_EXCLUSIVE
42703,paises/brasil/atletico/2023.htm#editorial:hx001:table-338:description-table-347,paises/brasil/atletico,camisas/brasil/atletico/01_24,camisas/brasil/atletico/03_25,item:0d8b7527cf1c18ce88f9242a053a791a7ad18db24ff26ccd58a2d2a262e7e2ce,2023,2023-d0e730,/items/brasil/teams/atletico/collections/01-24/2023-d0e730,/items/brasil/teams/atletico/collections/03-25/2023-d0e730,unique record references,ET028_EXCLUSIVE
42704,paises/brasil/atletico/2023.htm#editorial:hx001:table-366:description-table-375,paises/brasil/atletico,camisas/brasil/atletico/01_24,camisas/brasil/atletico/03_25,item:063f7fd1bf0e9ea86d2daf4fd1ce8d584f63dc5192ebaf7b44f424e6dcd6c898,2023,2023-1f902c,/items/brasil/teams/atletico/collections/01-24/2023-1f902c,/items/brasil/teams/atletico/collections/03-25/2023-1f902c,unique record references,ET028_EXCLUSIVE
42706,paises/brasil/atletico/2023.htm#editorial:hx001:table-421:description-table-430,paises/brasil/atletico,camisas/brasil/atletico/01_24,camisas/brasil/atletico/08_23,item:22e568d3a5a9016a85088008adfd8541b03d70a1b3ce98901de13dfa642d28ec,2023,2023-0d89ce,/items/brasil/teams/atletico/collections/01-24/2023-0d89ce,/items/brasil/teams/atletico/collections/08-23/2023-0d89ce,unique record references,ET028_EXCLUSIVE
42714,paises/brasil/atletico/2023.htm#editorial:hx001:table-605:description-table-614,paises/brasil/atletico,camisas/brasil/atletico/01_24,camisas/brasil/atletico/05_24,item:4fd84179a4c53472e9c42c56c5fdfa1d93c3e0fc284255576bdb427eb9600d75,2023,2023-f6d5ed,/items/brasil/teams/atletico/collections/01-24/2023-f6d5ed,/items/brasil/teams/atletico/collections/05-24/2023-f6d5ed,unique record references,ET028_EXCLUSIVE
42715,paises/brasil/atletico/2023.htm#editorial:hx001:table-632:description-table-641,paises/brasil/atletico,camisas/brasil/atletico/01_24,camisas/brasil/atletico/05_24,item:906fd918430e5481a123606d87fbec49c71a7e0dede601455611122f4393e6ec,2023,2023-060d29,/items/brasil/teams/atletico/collections/01-24/2023-060d29,/items/brasil/teams/atletico/collections/05-24/2023-060d29,unique record references,ET028_EXCLUSIVE
42719,paises/brasil/atletico/2023.htm#editorial:hx001:table-732:description-table-739,paises/brasil/atletico,camisas/brasil/atletico/01_24,camisas/brasil/atletico/08_23,item:60d0db7e8c3e7e5b4c4319874b3f352c035c7b1267222d69657896ca0bc34188,2023,2023-d46bad,/items/brasil/teams/atletico/collections/01-24/2023-d46bad,/items/brasil/teams/atletico/collections/08-23/2023-d46bad,unique record references,ET028_EXCLUSIVE
42720,paises/brasil/atletico/2023.htm#editorial:hx001:table-753:description-table-760,paises/brasil/atletico,camisas/brasil/atletico/01_24,camisas/brasil/atletico/08_23,item:1c84983249929c0e28d6a90cca4ce683931b7dde09c298d338539d10296eaff9,2023,2023-75d417,/items/brasil/teams/atletico/collections/01-24/2023-75d417,/items/brasil/teams/atletico/collections/08-23/2023-75d417,unique record references,ET028_EXCLUSIVE
42721,paises/brasil/atletico/2023.htm#editorial:hx001:table-774:description-table-783,paises/brasil/atletico,camisas/brasil/atletico/01_24,camisas/brasil/atletico/09_24_2,item:2a29e98c0ee71ad7ef8641d103f26ab5563f03b2551a350ab6202a78d106d631,2023,2023-8f245e,/items/brasil/teams/atletico/collections/01-24/2023-8f245e,/items/brasil/teams/atletico/collections/09-24-2/2023-8f245e,unique record references,ET028_EXCLUSIVE
42722,paises/brasil/atletico/2023.htm#editorial:hx001:table-797:description-table-806,paises/brasil/atletico,camisas/brasil/atletico/01_24,camisas/brasil/atletico/09_24_2,item:3906aa8140ee0870b07faadc117dfe6b3af150948e59575c4083b7cba2b6b2d6,2023,2023-66a141,/items/brasil/teams/atletico/collections/01-24/2023-66a141,/items/brasil/teams/atletico/collections/09-24-2/2023-66a141,unique record references,ET028_EXCLUSIVE
42723,paises/brasil/atletico/2023.htm#editorial:hx001:table-820:description-table-829,paises/brasil/atletico,camisas/brasil/atletico/01_24,camisas/brasil/atletico/09_24_2,item:87cb09a8c7d1bbd1f979859abbe8e403d861af5b1ccf1c07578dce5e95dd965d,2023,2023-ad1a1e,/items/brasil/teams/atletico/collections/01-24/2023-ad1a1e,/items/brasil/teams/atletico/collections/09-24-2/2023-ad1a1e,unique record references,ET028_EXCLUSIVE
42724,paises/brasil/atletico/2023.htm#editorial:hx001:table-843:description-table-850,paises/brasil/atletico,camisas/brasil/atletico/01_24,camisas/brasil/atletico/09_24_2,item:c3081866c4d69d53ff72f7ce23309afbd89b7ba1d4eb2c76494e0477d49f7248,2023,2023-abd758,/items/brasil/teams/atletico/collections/01-24/2023-abd758,/items/brasil/teams/atletico/collections/09-24-2/2023-abd758,unique record references,ET028_EXCLUSIVE
42727,paises/brasil/atletico/2023_.htm#editorial:hx001:table-65:description-table-74,paises/brasil/atletico,camisas/brasil/atletico/01_24,camisas/brasil/atletico/08_23,item:0cee3b23657aa1b86411acf64a9e66522751e04f07adea9261faa47c42f302d4,2023,2023-311c2c,/items/brasil/teams/atletico/collections/01-24/2023-311c2c,/items/brasil/teams/atletico/collections/08-23/2023-311c2c,unique record references,ET028_EXCLUSIVE
42728,paises/brasil/atletico/2023_.htm#editorial:hx001:table-89:description-table-98,paises/brasil/atletico,camisas/brasil/atletico/01_24,camisas/brasil/atletico/08_23,item:dce6c5c98a74ecec55df7552dc5e700dfa0906137ea8ee04ab4e618983f0746f,2023,2023-05cfd9,/items/brasil/teams/atletico/collections/01-24/2023-05cfd9,/items/brasil/teams/atletico/collections/08-23/2023-05cfd9,unique record references,ET028_EXCLUSIVE
42729,paises/brasil/atletico/2023_.htm#editorial:hx001:table-113:description-table-122,paises/brasil/atletico,camisas/brasil/atletico/01_24,camisas/brasil/atletico/08_23,item:c7c509a6c8d36b0710b3a18bee762e644508a89cf6f955ff78487dd4021d6372,2023,2023-9d7bda,/items/brasil/teams/atletico/collections/01-24/2023-9d7bda,/items/brasil/teams/atletico/collections/08-23/2023-9d7bda,unique record references,ET028_EXCLUSIVE
42730,paises/brasil/atletico/2023_.htm#editorial:hx001:table-137:description-table-146,paises/brasil/atletico,camisas/brasil/atletico/01_24,camisas/brasil/atletico/08_23,item:aa728c18dff6e60fb3399f6eb3110e5e3e2d8c0429eb0603c87ff991efae3f9c,2023,2023-663830,/items/brasil/teams/atletico/collections/01-24/2023-663830,/items/brasil/teams/atletico/collections/08-23/2023-663830,unique record references,ET028_EXCLUSIVE
42733,paises/brasil/atletico/2023_.htm#editorial:hx001:table-215:description-table-224,paises/brasil/atletico,camisas/brasil/atletico/01_24,camisas/brasil/atletico/05_24,item:7a62464a28e4fb794c36229d163ee048140034fb48e73e80c1f6af4f0d2a429e,2023,2023-a515f3,/items/brasil/teams/atletico/collections/01-24/2023-a515f3,/items/brasil/teams/atletico/collections/05-24/2023-a515f3,unique record references,ET028_EXCLUSIVE
42735,paises/brasil/atletico/2023_.htm#editorial:hx001:table-269:description-table-278,paises/brasil/atletico,camisas/brasil/atletico/01_24,camisas/brasil/atletico/08_23,item:6354931e2e9be57284f448a8b3319ab27850ae4a27d4fd9bee35bde5545684d5,2023,2023-6275c5,/items/brasil/teams/atletico/collections/01-24/2023-6275c5,/items/brasil/teams/atletico/collections/08-23/2023-6275c5,unique record references,ET028_EXCLUSIVE
42743,paises/brasil/atletico/2023_.htm#editorial:hx001:table-453:description-table-462,paises/brasil/atletico,camisas/brasil/atletico/01_24,camisas/brasil/atletico/05_24,item:885afe22617c045563bed8630e63aa209046bbb79952565044eb5967f276f6f3,2023,2023-af41b0,/items/brasil/teams/atletico/collections/01-24/2023-af41b0,/items/brasil/teams/atletico/collections/05-24/2023-af41b0,unique record references,ET028_EXCLUSIVE
42744,paises/brasil/atletico/2023_.htm#editorial:hx001:table-480:description-table-489,paises/brasil/atletico,camisas/brasil/atletico/01_24,camisas/brasil/atletico/05_24,item:3cd72278262e41e44ac6368eb16e89b40496a6562050e85b6a62bcbe93921076,2023,2023-38c3bb,/items/brasil/teams/atletico/collections/01-24/2023-38c3bb,/items/brasil/teams/atletico/collections/05-24/2023-38c3bb,unique record references,ET028_EXCLUSIVE
42748,paises/brasil/atletico/2023_.htm#editorial:hx001:table-580:description-table-587,paises/brasil/atletico,camisas/brasil/atletico/01_24,camisas/brasil/atletico/08_23,item:f2020422a6c2c18c39bf3e2b5de769b16e62de6f4ca4ca324f17eccaaecdf6b5,2023,2023-bf50a6,/items/brasil/teams/atletico/collections/01-24/2023-bf50a6,/items/brasil/teams/atletico/collections/08-23/2023-bf50a6,unique record references,ET028_EXCLUSIVE
42749,paises/brasil/atletico/2023_.htm#editorial:hx001:table-601:description-table-608,paises/brasil/atletico,camisas/brasil/atletico/01_24,camisas/brasil/atletico/08_23,item:e7fa94736b6fa03f0a55783ca061f746d328752b99fb159af787ec291ddbcbb2,2023,2023-9d7dad,/items/brasil/teams/atletico/collections/01-24/2023-9d7dad,/items/brasil/teams/atletico/collections/08-23/2023-9d7dad,unique record references,ET028_EXCLUSIVE
42752,paises/brasil/atletico/2024.htm#editorial:hx001:table-65:description-table-74,paises/brasil/atletico,camisas/brasil/atletico/09_24_3,camisas/brasil/atletico/03_25,item:e6d131fcda944d8aa31984eacd899bb48782aec0aaca1721d6f98e741ba7d2b7,2024,2024-7d8c76,/items/brasil/teams/atletico/collections/09-24-3/2024-7d8c76,/items/brasil/teams/atletico/collections/03-25/2024-7d8c76,unique record references,ET028_EXCLUSIVE
42753,paises/brasil/atletico/2024.htm#editorial:hx001:table-93:description-table-102,paises/brasil/atletico,camisas/brasil/atletico/09_24_3,camisas/brasil/atletico/03_25,item:ff9ba43951d22c736c901904773c04542c869daadf4c8a70353eeb59ef68b6a4,2024,2024-b7eff9,/items/brasil/teams/atletico/collections/09-24-3/2024-b7eff9,/items/brasil/teams/atletico/collections/03-25/2024-b7eff9,unique record references,ET028_EXCLUSIVE
42755,paises/brasil/atletico/2024.htm#editorial:hx001:table-148:description-table-157,paises/brasil/atletico,camisas/brasil/atletico/09_24_3,camisas/brasil/atletico/03_25,item:f987916888456a2e3813b59c4c6a12148893b1b101106b32ee846b46e06f8cd7,2024,2024-05da64,/items/brasil/teams/atletico/collections/09-24-3/2024-05da64,/items/brasil/teams/atletico/collections/03-25/2024-05da64,unique record references,ET028_EXCLUSIVE
42758,paises/brasil/atletico/2024.htm#editorial:hx001:table-243:description-table-250,paises/brasil/atletico,camisas/brasil/atletico/09_24_3,camisas/brasil/atletico/03_25,item:9af29161c8f81d04757cd90b26b7eff610be0553df8c9e3a691f8ec1bf218b9a,2024,2024-26bceb,/items/brasil/teams/atletico/collections/09-24-3/2024-26bceb,/items/brasil/teams/atletico/collections/03-25/2024-26bceb,unique record references,ET028_EXCLUSIVE
42759,paises/brasil/atletico/2024.htm#editorial:hx001:table-269:description-table-278,paises/brasil/atletico,camisas/brasil/atletico/09_24_3,camisas/brasil/atletico/03_25,item:dc5716b6b847444468b810847b7575ea6041dd633ef4ac3d7adf53ca615367b5,2024,2024-1416d5,/items/brasil/teams/atletico/collections/09-24-3/2024-1416d5,/items/brasil/teams/atletico/collections/03-25/2024-1416d5,unique record references,ET028_EXCLUSIVE
42760,paises/brasil/atletico/2024.htm#editorial:hx001:table-296:description-table-305,paises/brasil/atletico,camisas/brasil/atletico/09_24_3,camisas/brasil/atletico/03_25,item:c1d5fec179798509346bbc0a3f8393658c67f615b1b2ebb208258ef4dd04e31e,2024,2024-dcea35,/items/brasil/teams/atletico/collections/09-24-3/2024-dcea35,/items/brasil/teams/atletico/collections/03-25/2024-dcea35,unique record references,ET028_EXCLUSIVE
42761,paises/brasil/atletico/2024.htm#editorial:hx001:table-323:description-table-332,paises/brasil/atletico,camisas/brasil/atletico/09_24_3,camisas/brasil/atletico/03_25,item:84bbc2c9e752fe396a36c6db0dea2a77db61eae91c9265a8c53d002b7890b52f,2024,2024-8f4bb5,/items/brasil/teams/atletico/collections/09-24-3/2024-8f4bb5,/items/brasil/teams/atletico/collections/03-25/2024-8f4bb5,unique record references,ET028_EXCLUSIVE
42763,paises/brasil/atletico/2024.htm#editorial:hx001:table-377:description-table-386,paises/brasil/atletico,camisas/brasil/atletico/09_24_3,camisas/brasil/atletico/03_25,item:d892cbd63e239a783224bb347dfe349608e9d1a07aac0355c2e06e63ef3b32a4,2024,2024-258a3d,/items/brasil/teams/atletico/collections/09-24-3/2024-258a3d,/items/brasil/teams/atletico/collections/03-25/2024-258a3d,unique record references,ET028_EXCLUSIVE
42764,paises/brasil/atletico/2024.htm#editorial:hx001:table-404:description-table-413,paises/brasil/atletico,camisas/brasil/atletico/09_24_3,camisas/brasil/atletico/03_25,item:b4e4e27efcbe657868fd06fdd3b869590e176f0a45b78c1a450e2700d8575410,2024,2024-daf272,/items/brasil/teams/atletico/collections/09-24-3/2024-daf272,/items/brasil/teams/atletico/collections/03-25/2024-daf272,unique record references,ET028_EXCLUSIVE
42765,paises/brasil/atletico/2024.htm#editorial:hx001:table-432:description-table-441,paises/brasil/atletico,camisas/brasil/atletico/09_24_3,camisas/brasil/atletico/03_25,item:3f34569287e5e945ba467aac701185d2687ac08fd44bf226022506873557cf5c,2024,2024-4b5605,/items/brasil/teams/atletico/collections/09-24-3/2024-4b5605,/items/brasil/teams/atletico/collections/03-25/2024-4b5605,unique record references,ET028_EXCLUSIVE
42766,paises/brasil/atletico/2024.htm#editorial:hx001:table-460:description-table-469,paises/brasil/atletico,camisas/brasil/atletico/09_24_3,camisas/brasil/atletico/03_25,item:9eb07eb76134ceb8641f681807302bdcf12188af61eda0e3126d8fc55a16bc50,2024,2024-6452cf,/items/brasil/teams/atletico/collections/09-24-3/2024-6452cf,/items/brasil/teams/atletico/collections/03-25/2024-6452cf,unique record references,ET028_EXCLUSIVE
42767,paises/brasil/atletico/2024.htm#editorial:hx001:table-488:description-table-497,paises/brasil/atletico,camisas/brasil/atletico/09_24_3,camisas/brasil/atletico/03_25,item:e6b037a8a7ae9715faa1df984d5dbc9b494091de91fd9d7d17b7c41533ce5b47,2024,2024-3e0b22,/items/brasil/teams/atletico/collections/09-24-3/2024-3e0b22,/items/brasil/teams/atletico/collections/03-25/2024-3e0b22,unique record references,ET028_EXCLUSIVE
42769,paises/brasil/atletico/2024.htm#editorial:hx001:table-542:description-table-549,paises/brasil/atletico,camisas/brasil/atletico/09_24_3,camisas/brasil/atletico/03_25,item:9ee60911f401ee1f63ac9ed7bc3b26b71be180ca5e5f3b1917f02ff4ef86556d,2024,2024-f9a4d4,/items/brasil/teams/atletico/collections/09-24-3/2024-f9a4d4,/items/brasil/teams/atletico/collections/03-25/2024-f9a4d4,unique record references,ET028_EXCLUSIVE
42772,paises/brasil/atletico/2024.htm#editorial:hx001:table-617:description-table-626,paises/brasil/atletico,camisas/brasil/atletico/09_24_3,camisas/brasil/atletico/02_25,item:ca1bee45f5c869a36f9f1f148169a0b11146c85bf0ed45166ffb10470bb3166e,2024,2024-298c97,/items/brasil/teams/atletico/collections/09-24-3/2024-298c97,/items/brasil/teams/atletico/collections/02-25/2024-298c97,unique record references,ET028_EXCLUSIVE
42773,paises/brasil/atletico/2024.htm#editorial:hx001:table-644:description-table-653,paises/brasil/atletico,camisas/brasil/atletico/09_24_3,camisas/brasil/atletico/02_25,item:805429c79c1d6d4ca4046d89d494107cb5b9d1f7c8aedb5e43a8870a921aa558,2024,2024-a9db49,/items/brasil/teams/atletico/collections/09-24-3/2024-a9db49,/items/brasil/teams/atletico/collections/02-25/2024-a9db49,unique record references,ET028_EXCLUSIVE
42782,paises/brasil/atleticop/2018.htm#editorial:hx001:table-31:description-table-40,paises/brasil/atleticop,camisas/brasil/atleticop/03_19,camisas/brasil/atleticop/11_21,item:c94179b7c1bb893a56857227a9422d4ebad265e423552b86fdecefa996a3a24c,2018,2018-924aa9,/items/brasil/teams/atleticop/collections/03-19/2018-924aa9,/items/brasil/teams/atleticop/collections/11-21/2018-924aa9,unique record references,ET028_EXCLUSIVE
42830,paises/brasil/botafogo/2017.htm#editorial:hx001:table-29:description-table-38,paises/brasil/botafogo,camisas/brasil/botafogo/11_17,camisas/brasil/botafogo/01_18,item:bcf21535e3d036d21be5e829088f8f9c847cb1c51030cd89350e15aceb39dc8e,2017,2017-29134a,/items/brasil/teams/botafogo/collections/11-17/2017-29134a,/items/brasil/teams/botafogo/collections/01-18/2017-29134a,unique record references,ET028_EXCLUSIVE
42832,paises/brasil/botafogo/2018.htm#editorial:hx001:table-29:description-table-38,paises/brasil/botafogo,camisas/brasil/botafogo/11_18,camisas/brasil/botafogo/03_19,item:820de28af76e5549d0aa821f8d34b025a43c81a8637741db30d3e20f99db7cf1,2018,2018-3ed6c8,/items/brasil/teams/botafogo/collections/11-18/2018-3ed6c8,/items/brasil/teams/botafogo/collections/03-19/2018-3ed6c8,unique record references,ET028_EXCLUSIVE
42833,paises/brasil/botafogo/2018.htm#editorial:hx001:table-47:description-table-56,paises/brasil/botafogo,camisas/brasil/botafogo/11_18,camisas/brasil/botafogo/11_21,item:6f482165ddddd440bc87cf5958773783cb73042c4b365024bae5f4db777344c9,2018,2018-126ca3,/items/brasil/teams/botafogo/collections/11-18/2018-126ca3,/items/brasil/teams/botafogo/collections/11-21/2018-126ca3,unique record references,ET028_EXCLUSIVE
42858,paises/brasil/chapecoense/2019.html#editorial:hx001:table-56:description-table-65,paises/brasil/chapecoense,camisas/brasil/chapecoense/10_19,camisas/brasil/chapecoense/01_20,item:98421a2ce9eb2fee2df465afbcbac3edf85661a8a6b7b78bdbbcf2cf1d8958fd,2019,2019-41b0eb,/items/brasil/teams/chapecoense/collections/10-19/2019-41b0eb,/items/brasil/teams/chapecoense/collections/01-20/2019-41b0eb,unique record references,ET028_EXCLUSIVE
42920,paises/brasil/corinthians/2014.htm#editorial:hx001:table-56:description-table-65,paises/brasil/corinthians,camisas/brasil/corinthians/06_14,camisas/brasil/corinthians/03_15,item:3267822409426b680d20a60f28660f1cfe009d3ecaeda1651d475fd5c1ab9730,2014,2014-e88bbf,/items/brasil/teams/corinthians/collections/06-14/2014-e88bbf,/items/brasil/teams/corinthians/collections/03-15/2014-e88bbf,unique record references,ET028_EXCLUSIVE
42925,paises/brasil/corinthians/2015.htm#editorial:hx001:table-56:description-table-65,paises/brasil/corinthians,camisas/brasil/corinthians/04_15,camisas/brasil/corinthians/05_15,item:ceee071e9467f5b9a6b2c9156b33e17b9ca93f4a171db5ce02a1dc4433c2163f,2015,2015-015a69,/items/brasil/teams/corinthians/collections/04-15/2015-015a69,/items/brasil/teams/corinthians/collections/05-15/2015-015a69,unique record references,ET028_EXCLUSIVE
42926,paises/brasil/corinthians/2015.htm#editorial:hx001:table-75:description-table-84,paises/brasil/corinthians,camisas/brasil/corinthians/04_15,camisas/brasil/corinthians/01_16,item:5738f244ad26624ff584bc73bb53dae14a84b546b689fa69120a9bce27dc2f1c,2015,2015-7c56bc,/items/brasil/teams/corinthians/collections/04-15/2015-7c56bc,/items/brasil/teams/corinthians/collections/01-16/2015-7c56bc,unique record references,ET028_EXCLUSIVE
42927,paises/brasil/corinthians/2015.htm#editorial:hx001:table-94:description-table-103,paises/brasil/corinthians,camisas/brasil/corinthians/04_15,camisas/brasil/corinthians/03_16,item:2b054ec7b8dcd0885fbcc183c0d90545b97bfc7203440dc41ab362ae9b122ce5,2015,2015-49f949,/items/brasil/teams/corinthians/collections/04-15/2015-49f949,/items/brasil/teams/corinthians/collections/03-16/2015-49f949,unique record references,ET028_EXCLUSIVE
42928,paises/brasil/corinthians/2015.htm#editorial:hx001:table-113:description-table-122,paises/brasil/corinthians,camisas/brasil/corinthians/04_15,camisas/brasil/corinthians/04_16,item:52e0203384a9724a6548374a79991b4fc37769c43b0035bbcb2935d885efb519,2015,2015-4a7cc6,/items/brasil/teams/corinthians/collections/04-15/2015-4a7cc6,/items/brasil/teams/corinthians/collections/04-16/2015-4a7cc6,unique record references,ET028_EXCLUSIVE
42929,paises/brasil/corinthians/2015.htm#editorial:hx001:table-132:description-table-141,paises/brasil/corinthians,camisas/brasil/corinthians/04_15,camisas/brasil/corinthians/06_16,item:1e73cf8e8485ab7e9a086cec7ca94a897d265c6a407ec783cb6dda4d9022f2ba,2015,2015-72778a,/items/brasil/teams/corinthians/collections/04-15/2015-72778a,/items/brasil/teams/corinthians/collections/06-16/2015-72778a,unique record references,ET028_EXCLUSIVE
42930,paises/brasil/corinthians/2015.htm#editorial:hx001:table-151:description-table-160,paises/brasil/corinthians,camisas/brasil/corinthians/04_15,camisas/brasil/corinthians/06_16,item:f9b1399ff9df242c4523c5321eb0828139673a0877ba3d1506895723d13adb04,2015,2015-c380d1,/items/brasil/teams/corinthians/collections/04-15/2015-c380d1,/items/brasil/teams/corinthians/collections/06-16/2015-c380d1,unique record references,ET028_EXCLUSIVE
42932,paises/brasil/corinthians/2015.htm#editorial:hx001:table-193:description-table-202,paises/brasil/corinthians,camisas/brasil/corinthians/04_15,camisas/brasil/corinthians/01_16,item:69eb7d5f0b8d26172116b06c7cb637074ca01e076432d2a7d257418e145ee725,2015,2015-34cdab,/items/brasil/teams/corinthians/collections/04-15/2015-34cdab,/items/brasil/teams/corinthians/collections/01-16/2015-34cdab,unique record references,ET028_EXCLUSIVE
42933,paises/brasil/corinthians/2015.htm#editorial:hx001:table-212:description-table-221,paises/brasil/corinthians,camisas/brasil/corinthians/04_15,camisas/brasil/corinthians/01_16,item:35cca3c79155190addda3c1c0d7240e728a5caa96133719d7eaaab2c820b80eb,2015,2015-23fab3,/items/brasil/teams/corinthians/collections/04-15/2015-23fab3,/items/brasil/teams/corinthians/collections/01-16/2015-23fab3,unique record references,ET028_EXCLUSIVE
42934,paises/brasil/corinthians/2015.htm#editorial:hx001:table-231:description-table-240,paises/brasil/corinthians,camisas/brasil/corinthians/04_15,camisas/brasil/corinthians/04_16,item:de7d17fbdcc7a1b87c3c8a588ef73c77bdc3eff989ad7374beee9ae86f9db2d8,2015,2015-92f4ab,/items/brasil/teams/corinthians/collections/04-15/2015-92f4ab,/items/brasil/teams/corinthians/collections/04-16/2015-92f4ab,unique record references,ET028_EXCLUSIVE
42935,paises/brasil/corinthians/2015.htm#editorial:hx001:table-250:description-table-257,paises/brasil/corinthians,camisas/brasil/corinthians/04_15,camisas/brasil/corinthians/03_16,item:d801e92af1f8690cc004cf5a9e98321c5ab5f686862cd37eb848efe5d1a19830,2015,2015-faa793,/items/brasil/teams/corinthians/collections/04-15/2015-faa793,/items/brasil/teams/corinthians/collections/03-16/2015-faa793,unique record references,ET028_EXCLUSIVE
42937,paises/brasil/corinthians/2016.htm#editorial:hx001:table-31:description-table-40,paises/brasil/corinthians,camisas/brasil/corinthians/07_17,camisas/brasil/corinthians/06_16,item:2ad665ec07145870e0f34bd8f757a5731454a5236dafb02452abd7ddf1cbc8ef,2016,2016-b567ee,/items/brasil/teams/corinthians/collections/07-17/2016-b567ee,/items/brasil/teams/corinthians/collections/06-16/2016-b567ee,unique record references,ET028_EXCLUSIVE
42940,paises/brasil/corinthians/2016.htm#editorial:hx001:table-88:description-table-97,paises/brasil/corinthians,camisas/brasil/corinthians/07_17,camisas/brasil/corinthians/02_17,item:3089dd2bf458b777da3e59a331b961bff00f403d6ea2099558c8517c26f6e449,2016,2016-266811,/items/brasil/teams/corinthians/collections/07-17/2016-266811,/items/brasil/teams/corinthians/collections/02-17/2016-266811,unique record references,ET028_EXCLUSIVE
42941,paises/brasil/corinthians/2016.htm#editorial:hx001:table-107:description-table-116,paises/brasil/corinthians,camisas/brasil/corinthians/07_17,camisas/brasil/corinthians/08_17,item:0c46d9d57d7715c11ba3e7b6b5ce5d60454e9475af4358e6d62ba15b345d9d15,2016,2016-5c37fa,/items/brasil/teams/corinthians/collections/07-17/2016-5c37fa,/items/brasil/teams/corinthians/collections/08-17/2016-5c37fa,unique record references,ET028_EXCLUSIVE
42958,paises/brasil/corinthians/2017.htm#editorial:hx001:table-30:description-table-39,paises/brasil/corinthians,camisas/brasil/corinthians/07_17,camisas/brasil/corinthians/11_17,item:f0d58547ec8ad0ea02052d46e6082b2f49d374f70adaeb49ce718a19096286d4,2017,2017-c00842,/items/brasil/teams/corinthians/collections/07-17/2017-c00842,/items/brasil/teams/corinthians/collections/11-17/2017-c00842,unique record references,ET028_EXCLUSIVE
42959,paises/brasil/corinthians/2017.htm#editorial:hx001:table-49:description-table-58,paises/brasil/corinthians,camisas/brasil/corinthians/07_17,camisas/brasil/corinthians/01_18,item:3c672a49ce5b7628c57ff5084dad29ea46033a01f0d41e2cf71577caf331d586,2017,2017-9030f5,/items/brasil/teams/corinthians/collections/07-17/2017-9030f5,/items/brasil/teams/corinthians/collections/01-18/2017-9030f5,unique record references,ET028_EXCLUSIVE
42962,paises/brasil/corinthians/2017.htm#editorial:hx001:table-106:description-table-115,paises/brasil/corinthians,camisas/brasil/corinthians/07_17,camisas/brasil/corinthians/11_17,item:005a9553adfc3c54bd1a735b1dee00f4bb6fdae92c5898e8de2e7a206775c56d,2017,2017-adcfd6,/items/brasil/teams/corinthians/collections/07-17/2017-adcfd6,/items/brasil/teams/corinthians/collections/11-17/2017-adcfd6,unique record references,ET028_EXCLUSIVE
42963,paises/brasil/corinthians/2017.htm#editorial:hx001:table-125:description-table-134,paises/brasil/corinthians,camisas/brasil/corinthians/07_17,camisas/brasil/corinthians/11_17,item:f9351c5fbff72773ede09acf6de03825216f693d50ce3bce73c8d17d943f465c,2017,2017-27b1ff,/items/brasil/teams/corinthians/collections/07-17/2017-27b1ff,/items/brasil/teams/corinthians/collections/11-17/2017-27b1ff,unique record references,ET028_EXCLUSIVE
42964,paises/brasil/corinthians/2017.htm#editorial:hx001:table-144:description-table-153,paises/brasil/corinthians,camisas/brasil/corinthians/07_17,camisas/brasil/corinthians/01_18,item:ca29d09a4422e7a608e5b4d52e41272d8dcfa2daf69a4c8aff67bb890f0c7fad,2017,2017-18859b,/items/brasil/teams/corinthians/collections/07-17/2017-18859b,/items/brasil/teams/corinthians/collections/01-18/2017-18859b,unique record references,ET028_EXCLUSIVE
42965,paises/brasil/corinthians/2017.htm#editorial:hx001:table-163:description-table-172,paises/brasil/corinthians,camisas/brasil/corinthians/07_17,camisas/brasil/corinthians/01_18,item:21d55c93a3581589b673e567949c144c13549cd8810d79ae13746871d0e1318c,2017,2017-6d7e9d,/items/brasil/teams/corinthians/collections/07-17/2017-6d7e9d,/items/brasil/teams/corinthians/collections/01-18/2017-6d7e9d,unique record references,ET028_EXCLUSIVE
42966,paises/brasil/corinthians/2017.htm#editorial:hx001:table-182:description-table-191,paises/brasil/corinthians,camisas/brasil/corinthians/07_17,camisas/brasil/corinthians/01_18,item:5e56d042da639d80b28d04c034ab0ecea5da780ff0f848f0b619953c6b711964,2017,2017-f19280,/items/brasil/teams/corinthians/collections/07-17/2017-f19280,/items/brasil/teams/corinthians/collections/01-18/2017-f19280,unique record references,ET028_EXCLUSIVE
42968,paises/brasil/corinthians/2017.htm#editorial:hx001:table-220:description-table-229,paises/brasil/corinthians,camisas/brasil/corinthians/07_17,camisas/brasil/corinthians/11_17,item:5bed468eb77bb22c41c36542a223c32394d204a9d5b94f379bb5052924447d01,2017,2017-43d08e,/items/brasil/teams/corinthians/collections/07-17/2017-43d08e,/items/brasil/teams/corinthians/collections/11-17/2017-43d08e,unique record references,ET028_EXCLUSIVE
42969,paises/brasil/corinthians/2017.htm#editorial:hx001:table-239:description-table-248,paises/brasil/corinthians,camisas/brasil/corinthians/07_17,camisas/brasil/corinthians/11_17,item:4f25bdb3fb7ef5d8b1ed718462cdd15e44a957378c2236696a993e679ae0f1a9,2017,2017-ec6438,/items/brasil/teams/corinthians/collections/07-17/2017-ec6438,/items/brasil/teams/corinthians/collections/11-17/2017-ec6438,unique record references,ET028_EXCLUSIVE
42971,paises/brasil/corinthians/2018.htm#editorial:hx001:table-31:description-table-40,paises/brasil/corinthians,camisas/brasil/corinthians/06_18,camisas/brasil/corinthians/07_18,item:0aefcd0f383eec569f48b85ceb8091c804b233b5826aa31dfeffb6cfe3610546,2018,2018-3425d9,/items/brasil/teams/corinthians/collections/06-18/2018-3425d9,/items/brasil/teams/corinthians/collections/07-18/2018-3425d9,unique record references,ET028_EXCLUSIVE
42972,paises/brasil/corinthians/2018.htm#editorial:hx001:table-52:description-table-61,paises/brasil/corinthians,camisas/brasil/corinthians/06_18,camisas/brasil/corinthians/07_18,item:f19918d974fe1e432f1361000b36cc7570d333c4e138df06ca9c2dff9caecd3a,2018,2018-6e71d7,/items/brasil/teams/corinthians/collections/06-18/2018-6e71d7,/items/brasil/teams/corinthians/collections/07-18/2018-6e71d7,unique record references,ET028_EXCLUSIVE
42973,paises/brasil/corinthians/2018.htm#editorial:hx001:table-73:description-table-82,paises/brasil/corinthians,camisas/brasil/corinthians/06_18,camisas/brasil/corinthians/09_18,item:85db2033f6e63f68ed0882d32153182a44ffa3d7dfaa65b5067d94c9108dd612,2018,2018-a1bc19,/items/brasil/teams/corinthians/collections/06-18/2018-a1bc19,/items/brasil/teams/corinthians/collections/09-18/2018-a1bc19,unique record references,ET028_EXCLUSIVE
42974,paises/brasil/corinthians/2018.htm#editorial:hx001:table-94:description-table-103,paises/brasil/corinthians,camisas/brasil/corinthians/06_18,camisas/brasil/corinthians/10_18,item:567b5ed5b5f63c95a86246dfd7e7153674f12ee4ce5813b87bb0db2fc18d1b94,2018,2018-ce0e39,/items/brasil/teams/corinthians/collections/06-18/2018-ce0e39,/items/brasil/teams/corinthians/collections/10-18/2018-ce0e39,unique record references,ET028_EXCLUSIVE
42975,paises/brasil/corinthians/2018.htm#editorial:hx001:table-115:description-table-124,paises/brasil/corinthians,camisas/brasil/corinthians/06_18,camisas/brasil/corinthians/07_18,item:52a9ddc9e95fb281ed5ebd53de9d4878c178a51147a605522e555937b2a5ef13,2018,2018-3754b4,/items/brasil/teams/corinthians/collections/06-18/2018-3754b4,/items/brasil/teams/corinthians/collections/07-18/2018-3754b4,unique record references,ET028_EXCLUSIVE
42976,paises/brasil/corinthians/2018.htm#editorial:hx001:table-135:description-table-144,paises/brasil/corinthians,camisas/brasil/corinthians/06_18,camisas/brasil/corinthians/08_18,item:92a2259619d797561d60e9a7c952482301ce04d3ca24f6144dfd199c34097d65,2018,2018-76d403,/items/brasil/teams/corinthians/collections/06-18/2018-76d403,/items/brasil/teams/corinthians/collections/08-18/2018-76d403,unique record references,ET028_EXCLUSIVE
42977,paises/brasil/corinthians/2018.htm#editorial:hx001:table-156:description-table-165,paises/brasil/corinthians,camisas/brasil/corinthians/06_18,camisas/brasil/corinthians/10_18,item:e5d3abbcb3ee34d93a8c30f9b79e5d7b9d97b55ee46f781e0fa524ed324052a0,2018,2018-017d9c,/items/brasil/teams/corinthians/collections/06-18/2018-017d9c,/items/brasil/teams/corinthians/collections/10-18/2018-017d9c,unique record references,ET028_EXCLUSIVE
42978,paises/brasil/corinthians/2018.htm#editorial:hx001:table-177:description-table-186,paises/brasil/corinthians,camisas/brasil/corinthians/06_18,camisas/brasil/corinthians/11_18,item:ccdfad6b8888e5889b4311bdaf87ddd3334c94f7322b1535dd29c79ff365f5e6,2018,2018-0b91b0,/items/brasil/teams/corinthians/collections/06-18/2018-0b91b0,/items/brasil/teams/corinthians/collections/11-18/2018-0b91b0,unique record references,ET028_EXCLUSIVE
42979,paises/brasil/corinthians/2018.htm#editorial:hx001:table-199:description-table-208,paises/brasil/corinthians,camisas/brasil/corinthians/06_18,camisas/brasil/corinthians/11_21,item:da24bfa414a429149b51f9a7602cc2313abea3850db6e15abc1a8c54a638ad1c,2018,2018-760ba5,/items/brasil/teams/corinthians/collections/06-18/2018-760ba5,/items/brasil/teams/corinthians/collections/11-21/2018-760ba5,unique record references,ET028_EXCLUSIVE
42980,paises/brasil/corinthians/2018.htm#editorial:hx001:table-220:description-table-229,paises/brasil/corinthians,camisas/brasil/corinthians/06_18,camisas/brasil/corinthians/01_20,item:65666f685bb6875835e39b0183201359b9909f8123af5fbd08fc96aa114657c2,2018,2018-6143fa,/items/brasil/teams/corinthians/collections/06-18/2018-6143fa,/items/brasil/teams/corinthians/collections/01-20/2018-6143fa,unique record references,ET028_EXCLUSIVE
42981,paises/brasil/corinthians/2018.htm#editorial:hx001:table-241:description-table-250,paises/brasil/corinthians,camisas/brasil/corinthians/06_18,camisas/brasil/corinthians/01_20,item:d2a5ebc9d7b5ca5630a580ed5e4758d760dd9003140ed2cd5e0a4dfaddec0cc7,2018,2018-7058c4,/items/brasil/teams/corinthians/collections/06-18/2018-7058c4,/items/brasil/teams/corinthians/collections/01-20/2018-7058c4,unique record references,ET028_EXCLUSIVE
42982,paises/brasil/corinthians/2018.htm#editorial:hx001:table-263:description-table-272,paises/brasil/corinthians,camisas/brasil/corinthians/06_18,camisas/brasil/corinthians/01_20,item:632cadc583e8d3c74679fd56250e6ace2b49fc3a0b3dfc1a6e2bcee265220bd4,2018,2018-bb283f,/items/brasil/teams/corinthians/collections/06-18/2018-bb283f,/items/brasil/teams/corinthians/collections/01-20/2018-bb283f,unique record references,ET028_EXCLUSIVE
42985,paises/brasil/corinthians/2019.htm#editorial:hx001:table-53:description-table-62,paises/brasil/corinthians,camisas/brasil/corinthians/07_19,camisas/brasil/corinthians/01_20,item:ac4b88d945e5661b8ea7f56f3da2b432391e96c7565aaaca66d3c4cc6e74d2d5,2019,2019-9c7b2f,/items/brasil/teams/corinthians/collections/07-19/2019-9c7b2f,/items/brasil/teams/corinthians/collections/01-20/2019-9c7b2f,unique record references,ET028_EXCLUSIVE
42986,paises/brasil/corinthians/2019.htm#editorial:hx001:table-74:description-table-83,paises/brasil/corinthians,camisas/brasil/corinthians/07_19,camisas/brasil/corinthians/01_20,item:832fd61f02e0fdc433410b732bafe67a4c7dc1c9aa52630e24716657eec9d8e2,2019,2019-9c0cbe,/items/brasil/teams/corinthians/collections/07-19/2019-9c0cbe,/items/brasil/teams/corinthians/collections/01-20/2019-9c0cbe,unique record references,ET028_EXCLUSIVE
42987,paises/brasil/corinthians/2019.htm#editorial:hx001:table-95:description-table-104,paises/brasil/corinthians,camisas/brasil/corinthians/07_19,camisas/brasil/corinthians/01_20,item:3215c35b96d259a5b579181eeff11447bb58b8a0a0dd5f9aea3ee47cf079c6c1,2019,2019-3f9aff,/items/brasil/teams/corinthians/collections/07-19/2019-3f9aff,/items/brasil/teams/corinthians/collections/01-20/2019-3f9aff,unique record references,ET028_EXCLUSIVE
42990,paises/brasil/corinthians/2019.htm#editorial:hx001:table-166:description-table-175,paises/brasil/corinthians,camisas/brasil/corinthians/07_19,camisas/brasil/corinthians/01_20,item:13f4b51a1aa591ce9682b7a61f8e9bf6bc3eb88d438eb4e73a11559a93a662a9,2019,2019-925378,/items/brasil/teams/corinthians/collections/07-19/2019-925378,/items/brasil/teams/corinthians/collections/01-20/2019-925378,unique record references,ET028_EXCLUSIVE
42992,paises/brasil/corinthians/2019.htm#editorial:hx001:table-208:description-table-217,paises/brasil/corinthians,camisas/brasil/corinthians/07_19,camisas/brasil/corinthians/03_20,item:d1a1e70f900d2502524547de7adbc752fbbc2924df3c9ed5c4c19428ff3d898d,2019,2019-98428d,/items/brasil/teams/corinthians/collections/07-19/2019-98428d,/items/brasil/teams/corinthians/collections/03-20/2019-98428d,unique record references,ET028_EXCLUSIVE
42993,paises/brasil/corinthians/2019.htm#editorial:hx001:table-229:description-table-238,paises/brasil/corinthians,camisas/brasil/corinthians/07_19,camisas/brasil/corinthians/01_20,item:c7ad29e20a77af27eeb1a919a2bc396d70618d709f6c61f29485ce9b57d0d0e1,2019,2019-c6f2a7,/items/brasil/teams/corinthians/collections/07-19/2019-c6f2a7,/items/brasil/teams/corinthians/collections/01-20/2019-c6f2a7,unique record references,ET028_EXCLUSIVE
42994,paises/brasil/corinthians/2019.htm#editorial:hx001:table-251:description-table-260,paises/brasil/corinthians,camisas/brasil/corinthians/07_19,camisas/brasil/corinthians/01_20,item:68bfb3d02346cb935791a4d021ac02ae7d5625ce84493c2ca8527403bd184728,2019,2019-91bb6b,/items/brasil/teams/corinthians/collections/07-19/2019-91bb6b,/items/brasil/teams/corinthians/collections/01-20/2019-91bb6b,unique record references,ET028_EXCLUSIVE
42995,paises/brasil/corinthians/2019.htm#editorial:hx001:table-273:description-table-282,paises/brasil/corinthians,camisas/brasil/corinthians/07_19,camisas/brasil/corinthians/01_20,item:c56a16db6ae11cfe6f6bb2932c99f8ba85aa716798affbf98a944fb570e71ba7,2019,2019-1ddb7f,/items/brasil/teams/corinthians/collections/07-19/2019-1ddb7f,/items/brasil/teams/corinthians/collections/01-20/2019-1ddb7f,unique record references,ET028_EXCLUSIVE
42996,paises/brasil/corinthians/2019.htm#editorial:hx001:table-295:description-table-302,paises/brasil/corinthians,camisas/brasil/corinthians/07_19,camisas/brasil/corinthians/03_20,item:da32956ab8a0c5c5f68cb76d1df597f2840442e017627e02795b46b199e8e96a,2019,2019-1fcb2d,/items/brasil/teams/corinthians/collections/07-19/2019-1fcb2d,/items/brasil/teams/corinthians/collections/03-20/2019-1fcb2d,unique record references,ET028_EXCLUSIVE
42997,paises/brasil/corinthians/2019.htm#editorial:hx001:table-314:description-table-323,paises/brasil/corinthians,camisas/brasil/corinthians/07_19,camisas/brasil/corinthians/01_20,item:ffc1576fb61413dca623c3b1768f412e038483135d84aea775adc7eebd03f886,2019,2019-1b1097,/items/brasil/teams/corinthians/collections/07-19/2019-1b1097,/items/brasil/teams/corinthians/collections/01-20/2019-1b1097,unique record references,ET028_EXCLUSIVE
43001,paises/brasil/corinthians/2020.htm#editorial:hx001:table-74:description-table-83,paises/brasil/corinthians,camisas/brasil/corinthians/04_21,camisas/brasil/corinthians/11_21_2,item:e0d460299b1e76fed7d2d762a11004fd2465e6421e5e8be4a90af80389c27998,2020,2020-e6ab87,/items/brasil/teams/corinthians/collections/04-21/2020-e6ab87,/items/brasil/teams/corinthians/collections/11-21-2/2020-e6ab87,unique record references,ET028_EXCLUSIVE
43066,paises/brasil/cruzeiro/2015.htm#editorial:hx001:table-32:description-table-41,paises/brasil/cruzeiro,camisas/brasil/cruzeiro/05_15,camisas/brasil/cruzeiro/03_16,item:f0f463f71b3c9c04031e49e0e1d29f134aaf77e9401b8696519bd5d9dd1f2342,2015,2015-f3d249,/items/brasil/teams/cruzeiro/collections/05-15/2015-f3d249,/items/brasil/teams/cruzeiro/collections/03-16/2015-f3d249,unique record references,ET028_EXCLUSIVE
43067,paises/brasil/cruzeiro/2015.htm#editorial:hx001:table-53:description-table-62,paises/brasil/cruzeiro,camisas/brasil/cruzeiro/05_15,camisas/brasil/cruzeiro/01_16,item:f2565cc604cbc2bafcb33abee2b8ed6a1a80481aa0d94d70c14581d907eeff87,2015,2015-697f08,/items/brasil/teams/cruzeiro/collections/05-15/2015-697f08,/items/brasil/teams/cruzeiro/collections/01-16/2015-697f08,unique record references,ET028_EXCLUSIVE
43068,paises/brasil/cruzeiro/2015.htm#editorial:hx001:table-74:description-table-83,paises/brasil/cruzeiro,camisas/brasil/cruzeiro/05_15,camisas/brasil/cruzeiro/03_16,item:1d949317dd314061f88cfa898503fc8ce4fcca608b3e1898c6a891a6ea6315b7,2015,2015-3cfed0,/items/brasil/teams/cruzeiro/collections/05-15/2015-3cfed0,/items/brasil/teams/cruzeiro/collections/03-16/2015-3cfed0,unique record references,ET028_EXCLUSIVE
43069,paises/brasil/cruzeiro/2015.htm#editorial:hx001:table-95:description-table-104,paises/brasil/cruzeiro,camisas/brasil/cruzeiro/05_15,camisas/brasil/cruzeiro/01_16,item:afb9188f64bd8a977cef1ab74679ba9ac0c41bb7426d608e0324ffa35ec2b16d,2015,2015-a7b218,/items/brasil/teams/cruzeiro/collections/05-15/2015-a7b218,/items/brasil/teams/cruzeiro/collections/01-16/2015-a7b218,unique record references,ET028_EXCLUSIVE
43070,paises/brasil/cruzeiro/2015.htm#editorial:hx001:table-116:description-table-125,paises/brasil/cruzeiro,camisas/brasil/cruzeiro/05_15,camisas/brasil/cruzeiro/03_16,item:3d247fd0df9cbf998620eee03e4fbbc757dffce5ed7eda30048101c35d1c3cbc,2015,2015-abd983,/items/brasil/teams/cruzeiro/collections/05-15/2015-abd983,/items/brasil/teams/cruzeiro/collections/03-16/2015-abd983,unique record references,ET028_EXCLUSIVE
43072,paises/brasil/cruzeiro/2016.htm#editorial:hx001:table-32:description-table-41,paises/brasil/cruzeiro,camisas/brasil/cruzeiro/02_17,camisas/brasil/cruzeiro/07_17,item:d4e89a652ca2ec26d9e672d92e48ede0853cb5c098713a5ced1a1150587f4579,2016,2016-2a6264,/items/brasil/teams/cruzeiro/collections/02-17/2016-2a6264,/items/brasil/teams/cruzeiro/collections/07-17/2016-2a6264,unique record references,ET028_EXCLUSIVE
43073,paises/brasil/cruzeiro/2016.htm#editorial:hx001:table-53:description-table-62,paises/brasil/cruzeiro,camisas/brasil/cruzeiro/02_17,camisas/brasil/cruzeiro/07_17,item:4b1caddd8046e24b3989664e09b6f3e0317b7ea215cd35e1ea146da6be8a25c8,2016,2016-678641,/items/brasil/teams/cruzeiro/collections/02-17/2016-678641,/items/brasil/teams/cruzeiro/collections/07-17/2016-678641,unique record references,ET028_EXCLUSIVE
43074,paises/brasil/cruzeiro/2016.htm#editorial:hx001:table-74:description-table-83,paises/brasil/cruzeiro,camisas/brasil/cruzeiro/02_17,camisas/brasil/cruzeiro/07_17,item:296b517bafaaa6088d1d6da983372eeedb5175d3c5380f04aa98c2003822a608,2016,2016-dd7d75,/items/brasil/teams/cruzeiro/collections/02-17/2016-dd7d75,/items/brasil/teams/cruzeiro/collections/07-17/2016-dd7d75,unique record references,ET028_EXCLUSIVE
43075,paises/brasil/cruzeiro/2016.htm#editorial:hx001:table-95:description-table-104,paises/brasil/cruzeiro,camisas/brasil/cruzeiro/02_17,camisas/brasil/cruzeiro/07_17,item:db422ee7afa3948c1f1c839b780b2c7d63d7ad10991247cf36d2a8df2c51729f,2016,2016-84bd19,/items/brasil/teams/cruzeiro/collections/02-17/2016-84bd19,/items/brasil/teams/cruzeiro/collections/07-17/2016-84bd19,unique record references,ET028_EXCLUSIVE
43076,paises/brasil/cruzeiro/2016.htm#editorial:hx001:table-116:description-table-125,paises/brasil/cruzeiro,camisas/brasil/cruzeiro/02_17,camisas/brasil/cruzeiro/03_17,item:a799ad75aef34bd77a7f15f5b9d1607f8f79fb9bf16b337e2c455c267b9c8333,2016,2016-311eac,/items/brasil/teams/cruzeiro/collections/02-17/2016-311eac,/items/brasil/teams/cruzeiro/collections/03-17/2016-311eac,unique record references,ET028_EXCLUSIVE
43078,paises/brasil/cruzeiro/2017.htm#editorial:hx001:table-32:description-table-41,paises/brasil/cruzeiro,camisas/brasil/cruzeiro/01_18,camisas/brasil/cruzeiro/11_17,item:c8479236c93c8d5c6d9e039e3f1d5b7fb8b61c614ddb7323990c429d7816cde9,2017,2017-045a53,/items/brasil/teams/cruzeiro/collections/01-18/2017-045a53,/items/brasil/teams/cruzeiro/collections/11-17/2017-045a53,unique record references,ET028_EXCLUSIVE
43082,paises/brasil/cruzeiro/2017.htm#editorial:hx001:table-117:description-table-126,paises/brasil/cruzeiro,camisas/brasil/cruzeiro/01_18,camisas/brasil/cruzeiro/11_17,item:e755f8db6dad1e1697f70c1c593d2753a63ab98f67d3021b944de43fedba30fa,2017,2017-ec2545,/items/brasil/teams/cruzeiro/collections/01-18/2017-ec2545,/items/brasil/teams/cruzeiro/collections/11-17/2017-ec2545,unique record references,ET028_EXCLUSIVE
43085,paises/brasil/cruzeiro/2018.htm#editorial:hx001:table-53:description-table-62,paises/brasil/cruzeiro,camisas/brasil/cruzeiro/06_18,camisas/brasil/cruzeiro/08_18,item:362cc6f35903f1a269e50076c001b95a0abdda988550b4209489b2807a97d742,2018,2018-da552c,/items/brasil/teams/cruzeiro/collections/06-18/2018-da552c,/items/brasil/teams/cruzeiro/collections/08-18/2018-da552c,unique record references,ET028_EXCLUSIVE
43086,paises/brasil/cruzeiro/2018.htm#editorial:hx001:table-74:description-table-83,paises/brasil/cruzeiro,camisas/brasil/cruzeiro/06_18,camisas/brasil/cruzeiro/08_18,item:6ae448542a1c7241a1525057fff19c8838a451c12ed2fd353fa2ef46b288c55c,2018,2018-1f7c11,/items/brasil/teams/cruzeiro/collections/06-18/2018-1f7c11,/items/brasil/teams/cruzeiro/collections/08-18/2018-1f7c11,unique record references,ET028_EXCLUSIVE
43089,paises/brasil/cruzeiro/2018.htm#editorial:hx001:table-137:description-table-146,paises/brasil/cruzeiro,camisas/brasil/cruzeiro/06_18,camisas/brasil/cruzeiro/09_18,item:3d73bc64968bea4765c970c78c1520a6e15582049f11a9835f91be6c404d3005,2018,2018-4626bd,/items/brasil/teams/cruzeiro/collections/06-18/2018-4626bd,/items/brasil/teams/cruzeiro/collections/09-18/2018-4626bd,unique record references,ET028_EXCLUSIVE
43148,paises/brasil/flamengo/2014.html#editorial:hx001:table-62:description-table-71,paises/brasil/flamengo,camisas/brasil/flamengo/03_15,camisas/brasil/flamengo/08_14,item:fcb682cafdf54a95b86b08d041776d9656d555ba6e5d8c12aeee1c591aee1d78,2014,2014-c68ff1,/items/brasil/teams/flamengo/collections/03-15/2014-c68ff1,/items/brasil/teams/flamengo/collections/08-14/2014-c68ff1,unique record references,ET028_EXCLUSIVE
43151,paises/brasil/flamengo/2015.html#editorial:hx001:table-62:description-table-71,paises/brasil/flamengo,camisas/brasil/flamengo/01_16,camisas/brasil/flamengo/08_18,item:aa1c471b2256f7ebf474ee265f7aa9f6e0c4f7e4252e2060be1c8d14bc8f3b74,2015,2015-2f2a41,/items/brasil/teams/flamengo/collections/01-16/2015-2f2a41,/items/brasil/teams/flamengo/collections/08-18/2015-2f2a41,unique record references,ET028_EXCLUSIVE
43155,paises/brasil/flamengo/2016.html#editorial:hx001:table-39:description-table-48,paises/brasil/flamengo,camisas/brasil/flamengo/07_17,camisas/brasil/flamengo/08_18,item:bb28948ff1f78180fccc7ad061fe30d769e5066286e8da622d683a8d9827c713,2016,2016-dd7d1a,/items/brasil/teams/flamengo/collections/07-17/2016-dd7d1a,/items/brasil/teams/flamengo/collections/08-18/2016-dd7d1a,unique record references,ET028_EXCLUSIVE
43159,paises/brasil/flamengo/2017.html#editorial:hx001:table-85:description-table-94,paises/brasil/flamengo,camisas/brasil/flamengo/01_18,camisas/brasil/flamengo/08_18,item:88d484b54df404dfcf9225164276778a44d8e731d3c0762f7189f0b71ced01d3,2017,2017-8116bd,/items/brasil/teams/flamengo/collections/01-18/2017-8116bd,/items/brasil/teams/flamengo/collections/08-18/2017-8116bd,unique record references,ET028_EXCLUSIVE
43163,paises/brasil/flamengo/2019.html#editorial:hx001:table-40:description-table-49,paises/brasil/flamengo,camisas/brasil/flamengo/04_21,camisas/brasil/flamengo/01_20,item:9cbba9e928575d096aace9817d79746d8c19e3b9862ce666183fae73fd1e6862,2019,2019-73618e,/items/brasil/teams/flamengo/collections/04-21/2019-73618e,/items/brasil/teams/flamengo/collections/01-20/2019-73618e,unique record references,ET028_EXCLUSIVE
43168,paises/brasil/flamengo/2021.html#editorial:hx001:table-64:description-table-73,paises/brasil/flamengo,camisas/brasil/flamengo/11_21,camisas/brasil/flamengo/07_22,item:23ddb5a56ae8041d86cac8ca9db55fdfa333a42c6d172a256928da89852454db,2021,2021-9d2c88,/items/brasil/teams/flamengo/collections/11-21/2021-9d2c88,/items/brasil/teams/flamengo/collections/07-22/2021-9d2c88,unique record references,ET028_EXCLUSIVE
43169,paises/brasil/flamengo/2021.html#editorial:hx001:table-88:description-table-97,paises/brasil/flamengo,camisas/brasil/flamengo/11_21,camisas/brasil/flamengo/07_22,item:27e64b781544fa44e4394a8799f2e48e769553077e10dc3c5e41535da96a501e,2021,2021-fca624,/items/brasil/teams/flamengo/collections/11-21/2021-fca624,/items/brasil/teams/flamengo/collections/07-22/2021-fca624,unique record references,ET028_EXCLUSIVE
43170,paises/brasil/flamengo/2021.html#editorial:hx001:table-112:description-table-121,paises/brasil/flamengo,camisas/brasil/flamengo/11_21,camisas/brasil/flamengo/07_22,item:2233ec6a1c8155fd8e9c05b0d5d6580d6d59d6412b2d7bf9303652672ebaed99,2021,2021-d8289b,/items/brasil/teams/flamengo/collections/11-21/2021-d8289b,/items/brasil/teams/flamengo/collections/07-22/2021-d8289b,unique record references,ET028_EXCLUSIVE
43171,paises/brasil/flamengo/2021.html#editorial:hx001:table-137:description-table-146,paises/brasil/flamengo,camisas/brasil/flamengo/11_21,camisas/brasil/flamengo/07_22,item:777e23f4c5de6c24ee3bffecea3e908f9a0041bfef917cff159a6de0db8bf663,2021,2021-47cfa7,/items/brasil/teams/flamengo/collections/11-21/2021-47cfa7,/items/brasil/teams/flamengo/collections/07-22/2021-47cfa7,unique record references,ET028_EXCLUSIVE
43172,paises/brasil/flamengo/2021.html#editorial:hx001:table-162:description-table-171,paises/brasil/flamengo,camisas/brasil/flamengo/11_21,camisas/brasil/flamengo/09_22,item:6c5dc5a8d30840d7e29591a058f2c47b040d9f29e34dbffe9e1359c5970abd87,2021,2021-d1f02e,/items/brasil/teams/flamengo/collections/11-21/2021-d1f02e,/items/brasil/teams/flamengo/collections/09-22/2021-d1f02e,unique record references,ET028_EXCLUSIVE
43173,paises/brasil/flamengo/2021.html#editorial:hx001:table-186:description-table-195,paises/brasil/flamengo,camisas/brasil/flamengo/11_21,camisas/brasil/flamengo/07_22,item:2cb339b979d8cc244863220f03f6ba70e082b891a2c35ce381e5bda626ec3c3e,2021,2021-3f7375,/items/brasil/teams/flamengo/collections/11-21/2021-3f7375,/items/brasil/teams/flamengo/collections/07-22/2021-3f7375,unique record references,ET028_EXCLUSIVE
43202,paises/brasil/fluminense/2015.htm#editorial:hx001:table-33:description-table-42,paises/brasil/fluminense,camisas/brasil/fluminense/01_16,camisas/brasil/fluminense/06_16,item:d82546054de68bb2a0a71d2be753b31932cdfcd9949e2ea2e44cdf4d7f389696,2015,2015-c35be2,/items/brasil/teams/fluminense/collections/01-16/2015-c35be2,/items/brasil/teams/fluminense/collections/06-16/2015-c35be2,unique record references,ET028_EXCLUSIVE
43209,paises/brasil/fluminense/2016.htm#editorial:hx001:table-51:description-table-60,paises/brasil/fluminense,camisas/brasil/fluminense/07_17,camisas/brasil/fluminense/11_17,item:0437baefc527c3e394659dd949fbcddc455bb5243c6ce901c0b181e44c6950c6,2016,2016-93e53b,/items/brasil/teams/fluminense/collections/07-17/2016-93e53b,/items/brasil/teams/fluminense/collections/11-17/2016-93e53b,unique record references,ET028_EXCLUSIVE
43212,paises/brasil/fluminense/2021.htm#editorial:hx001:table-31:description-table-40,paises/brasil/fluminense,camisas/brasil/fluminense/02_22,camisas/brasil/fluminense/07_22,item:450d377c58349b42e22dc99da098b166d879e3a8df05f38a11a47a7f99933dc5,2021,2021-025e10,/items/brasil/teams/fluminense/collections/02-22/2021-025e10,/items/brasil/teams/fluminense/collections/07-22/2021-025e10,unique record references,ET028_EXCLUSIVE
43214,paises/brasil/fluminense/2023.htm#editorial:hx001:table-31:description-table-40,paises/brasil/fluminense,camisas/brasil/fluminense/01_24,camisas/brasil/fluminense/09_24,item:a8af5e028b4b4a5dbd350cb147904d5ec2e08e8511a06214b1da992c7bb08220,2023,2023-8c3ecf,/items/brasil/teams/fluminense/collections/01-24/2023-8c3ecf,/items/brasil/teams/fluminense/collections/09-24/2023-8c3ecf,unique record references,ET028_EXCLUSIVE
43246,paises/brasil/gremio/2013.htm#editorial:hx001:table-29:description-table-38,paises/brasil/gremio,camisas/brasil/gremio/06_13,camisas/brasil/gremio/08_14_2,item:fe51d574d261f694d07e8cc9d1aa02c2a5d79a56edaf7f9d5d3c1a58dcc9a357,2013,2013-e62a97,/items/brasil/teams/gremio/collections/06-13/2013-e62a97,/items/brasil/teams/gremio/collections/08-14-2/2013-e62a97,unique record references,ET028_EXCLUSIVE
43250,paises/brasil/gremio/2015.htm#editorial:hx001:table-47:description-table-56,paises/brasil/gremio,camisas/brasil/gremio/06_16,camisas/brasil/gremio/02_17,item:ba632deadd6e688357a7edbf244be6bbefe5d7271f8f16f0383fac0811f2af7c,2015,2015-49316b,/items/brasil/teams/gremio/collections/06-16/2015-49316b,/items/brasil/teams/gremio/collections/02-17/2015-49316b,unique record references,ET028_EXCLUSIVE
43251,paises/brasil/gremio/2015.htm#editorial:hx001:table-65:description-table-74,paises/brasil/gremio,camisas/brasil/gremio/06_16,camisas/brasil/gremio/04_16,item:34c4f462ed8b147c1c5e1ac2d483d85e27a3d30236d7bf479f62c38ff2948fce,2015,2015-3b84f7,/items/brasil/teams/gremio/collections/06-16/2015-3b84f7,/items/brasil/teams/gremio/collections/04-16/2015-3b84f7,unique record references,ET028_EXCLUSIVE
43262,paises/brasil/gremio/2017.htm#editorial:hx001:table-101:description-table-110,paises/brasil/gremio,camisas/brasil/gremio/07_17,camisas/brasil/gremio/08_18,item:f7e70843cae9ec49cf06607224d3a20bfe65a042591127519e4498257d090425,2017,2017-c55121,/items/brasil/teams/gremio/collections/07-17/2017-c55121,/items/brasil/teams/gremio/collections/08-18/2017-c55121,unique record references,ET028_EXCLUSIVE
43263,paises/brasil/gremio/2017.htm#editorial:hx001:table-119:description-table-128,paises/brasil/gremio,camisas/brasil/gremio/07_17,camisas/brasil/gremio/01_18,item:62571705a307a8b32808fe502f5d3cd104f461989cb1577dbbd8d46ab3a92fc3,2017,2017-df3303,/items/brasil/teams/gremio/collections/07-17/2017-df3303,/items/brasil/teams/gremio/collections/01-18/2017-df3303,unique record references,ET028_EXCLUSIVE
43264,paises/brasil/gremio/2017.htm#editorial:hx001:table-137:description-table-146,paises/brasil/gremio,camisas/brasil/gremio/07_17,camisas/brasil/gremio/01_18,item:785e7c10bf976ecd7d6cd017eee4bea05506212125e90fad48fa831884eecd2b,2017,2017-6636d9,/items/brasil/teams/gremio/collections/07-17/2017-6636d9,/items/brasil/teams/gremio/collections/01-18/2017-6636d9,unique record references,ET028_EXCLUSIVE
43265,paises/brasil/gremio/2017.htm#editorial:hx001:table-155:description-table-164,paises/brasil/gremio,camisas/brasil/gremio/07_17,camisas/brasil/gremio/01_18,item:349e96b2d96b8e6a254ea3bb038715db7d018663994bc51664b07d63668b76d8,2017,2017-33ccdc,/items/brasil/teams/gremio/collections/07-17/2017-33ccdc,/items/brasil/teams/gremio/collections/01-18/2017-33ccdc,unique record references,ET028_EXCLUSIVE
43267,paises/brasil/gremio/2017.htm#editorial:hx001:table-191:description-table-200,paises/brasil/gremio,camisas/brasil/gremio/07_17,camisas/brasil/gremio/11_17,item:68923fbd7da1cd71cccee51b3852da63b32f429c48281ab269cc049aa91c81be,2017,2017-c5b509,/items/brasil/teams/gremio/collections/07-17/2017-c5b509,/items/brasil/teams/gremio/collections/11-17/2017-c5b509,unique record references,ET028_EXCLUSIVE
43268,paises/brasil/gremio/2017.htm#editorial:hx001:table-209:description-table-216,paises/brasil/gremio,camisas/brasil/gremio/07_17,camisas/brasil/gremio/01_18,item:b63e667a06febb867ba2de13ce6343aec3e2b1582158087997130fd73fba03c0,2017,2017-931e34,/items/brasil/teams/gremio/collections/07-17/2017-931e34,/items/brasil/teams/gremio/collections/01-18/2017-931e34,unique record references,ET028_EXCLUSIVE
43269,paises/brasil/gremio/2017.htm#editorial:hx001:table-225:description-table-232,paises/brasil/gremio,camisas/brasil/gremio/07_17,camisas/brasil/gremio/01_18,item:7d014150d212d9b62b9714820c4ec4dde01543acc4363debad67b94f77a06841,2017,2017-e12a4d,/items/brasil/teams/gremio/collections/07-17/2017-e12a4d,/items/brasil/teams/gremio/collections/01-18/2017-e12a4d,unique record references,ET028_EXCLUSIVE
43273,paises/brasil/gremio/2018.htm#editorial:hx001:table-65:description-table-74,paises/brasil/gremio,camisas/brasil/gremio/07_18,camisas/brasil/gremio/10_18,item:de2deba293b88337d015b1a760c0f569b576f53d124c7066ea81f07e9362b5ab,2018,2018-b07e0b,/items/brasil/teams/gremio/collections/07-18/2018-b07e0b,/items/brasil/teams/gremio/collections/10-18/2018-b07e0b,unique record references,ET028_EXCLUSIVE
43274,paises/brasil/gremio/2018.htm#editorial:hx001:table-84:description-table-93,paises/brasil/gremio,camisas/brasil/gremio/07_18,camisas/brasil/gremio/01_19,item:e1e5bbf62b230d387d7bdf6c5b5b1a19eafde11c9e7ee071f6ae81d96209523b,2018,2018-cbf15a,/items/brasil/teams/gremio/collections/07-18/2018-cbf15a,/items/brasil/teams/gremio/collections/01-19/2018-cbf15a,unique record references,ET028_EXCLUSIVE
43275,paises/brasil/gremio/2018.htm#editorial:hx001:table-102:description-table-111,paises/brasil/gremio,camisas/brasil/gremio/07_18,camisas/brasil/gremio/01_19,item:6c96b4299bcb37d0f7bbb5a9c71e8b5350a834b6c2335fe99d1db1cfb5e0e6af,2018,2018-e8fdf7,/items/brasil/teams/gremio/collections/07-18/2018-e8fdf7,/items/brasil/teams/gremio/collections/01-19/2018-e8fdf7,unique record references,ET028_EXCLUSIVE
43276,paises/brasil/gremio/2018.htm#editorial:hx001:table-120:description-table-129,paises/brasil/gremio,camisas/brasil/gremio/07_18,camisas/brasil/gremio/03_19,item:f686ff1ed7a12ffd4093aeef29504e7d96e79b6a8da309d7d666045ce3bea45f,2018,2018-50d0bb,/items/brasil/teams/gremio/collections/07-18/2018-50d0bb,/items/brasil/teams/gremio/collections/03-19/2018-50d0bb,unique record references,ET028_EXCLUSIVE
43277,paises/brasil/gremio/2018.htm#editorial:hx001:table-138:description-table-147,paises/brasil/gremio,camisas/brasil/gremio/07_18,camisas/brasil/gremio/08_18,item:f6660ca29df828758aecd73114245c4aa4f9931fb87dab38cd21be4597f57828,2018,2018-d0375f,/items/brasil/teams/gremio/collections/07-18/2018-d0375f,/items/brasil/teams/gremio/collections/08-18/2018-d0375f,unique record references,ET028_EXCLUSIVE
43278,paises/brasil/gremio/2018.htm#editorial:hx001:table-156:description-table-165,paises/brasil/gremio,camisas/brasil/gremio/07_18,camisas/brasil/gremio/09_18,item:60d004162f573ea9226a020ae9ef0af9be4fa35effc6d8852ece3cb5a78637cb,2018,2018-90c0f1,/items/brasil/teams/gremio/collections/07-18/2018-90c0f1,/items/brasil/teams/gremio/collections/09-18/2018-90c0f1,unique record references,ET028_EXCLUSIVE
43279,paises/brasil/gremio/2018.htm#editorial:hx001:table-174:description-table-183,paises/brasil/gremio,camisas/brasil/gremio/07_18,camisas/brasil/gremio/10_18,item:13958c556b4958971b675175bb3c5dd8e9bc13430b36f328b07e3de06f000224,2018,2018-2c28d9,/items/brasil/teams/gremio/collections/07-18/2018-2c28d9,/items/brasil/teams/gremio/collections/10-18/2018-2c28d9,unique record references,ET028_EXCLUSIVE
43280,paises/brasil/gremio/2018.htm#editorial:hx001:table-192:description-table-201,paises/brasil/gremio,camisas/brasil/gremio/07_18,camisas/brasil/gremio/01_19,item:2b3f6735a5b3213fea152acfc4a0b70264ba00c5a062c3667f32e205a12f4a7b,2018,2018-ac667d,/items/brasil/teams/gremio/collections/07-18/2018-ac667d,/items/brasil/teams/gremio/collections/01-19/2018-ac667d,unique record references,ET028_EXCLUSIVE
43282,paises/brasil/gremio/2018.htm#editorial:hx001:table-228:description-table-237,paises/brasil/gremio,camisas/brasil/gremio/07_18,camisas/brasil/gremio/08_18,item:9c51f55c5a0eb0385d056db80e58480c25d71322b818ad2247317f79d117467d,2018,2018-88f0fd,/items/brasil/teams/gremio/collections/07-18/2018-88f0fd,/items/brasil/teams/gremio/collections/08-18/2018-88f0fd,unique record references,ET028_EXCLUSIVE
43283,paises/brasil/gremio/2018.htm#editorial:hx001:table-246:description-table-255,paises/brasil/gremio,camisas/brasil/gremio/07_18,camisas/brasil/gremio/10_18,item:3846b1e118c66e6ba04c8ab115e71db69f431c4adbdd812b74abab72b7b9e888,2018,2018-13ced9,/items/brasil/teams/gremio/collections/07-18/2018-13ced9,/items/brasil/teams/gremio/collections/10-18/2018-13ced9,unique record references,ET028_EXCLUSIVE
43284,paises/brasil/gremio/2018.htm#editorial:hx001:table-264:description-table-273,paises/brasil/gremio,camisas/brasil/gremio/07_18,camisas/brasil/gremio/04_20,item:a11d7ea60f216e85b2e29d26cbd8e5538927c3f3d38a5694ccbe701059036fe3,2018,2018-eb2be1,/items/brasil/teams/gremio/collections/07-18/2018-eb2be1,/items/brasil/teams/gremio/collections/04-20/2018-eb2be1,unique record references,ET028_EXCLUSIVE
43285,paises/brasil/gremio/2018.htm#editorial:hx001:table-282:description-table-291,paises/brasil/gremio,camisas/brasil/gremio/07_18,camisas/brasil/gremio/11_21,item:206b0ade7ad86adbc2225ac53b6df3080741357b19222ecb6ca058d31acd216b,2018,2018-34bf59,/items/brasil/teams/gremio/collections/07-18/2018-34bf59,/items/brasil/teams/gremio/collections/11-21/2018-34bf59,unique record references,ET028_EXCLUSIVE
43286,paises/brasil/gremio/2018.htm#editorial:hx001:table-300:description-table-309,paises/brasil/gremio,camisas/brasil/gremio/07_18,camisas/brasil/gremio/11_21,item:d9b6f54a3d17d6754912dc989d8c820660cbb9246f1bf00fab8fa6a3d841f9ca,2018,2018-829cdd,/items/brasil/teams/gremio/collections/07-18/2018-829cdd,/items/brasil/teams/gremio/collections/11-21/2018-829cdd,unique record references,ET028_EXCLUSIVE
43289,paises/brasil/gremio/2018.htm#editorial:hx001:table-354:description-table-363,paises/brasil/gremio,camisas/brasil/gremio/07_18,camisas/brasil/gremio/10_18,item:6231ab8ac38aadfb7ac28e917adcdf27cb37c295f7a9f76c2b9304293e7782ca,2018,2018-17d03d,/items/brasil/teams/gremio/collections/07-18/2018-17d03d,/items/brasil/teams/gremio/collections/10-18/2018-17d03d,unique record references,ET028_EXCLUSIVE
43290,paises/brasil/gremio/2018.htm#editorial:hx001:table-372:description-table-381,paises/brasil/gremio,camisas/brasil/gremio/07_18,camisas/brasil/gremio/10_18,item:a9a2c83abbf674c96f8da72042a8888e975eab83fdcae66684b5c3a74ae3d197,2018,2018-281a22,/items/brasil/teams/gremio/collections/07-18/2018-281a22,/items/brasil/teams/gremio/collections/10-18/2018-281a22,unique record references,ET028_EXCLUSIVE
43291,paises/brasil/gremio/2018.htm#editorial:hx001:table-390:description-table-399,paises/brasil/gremio,camisas/brasil/gremio/07_18,camisas/brasil/gremio/01_19,item:199c3e96327b7c38ebfebd264939791edc9de89d37cb3a54e543583ed190e057,2018,2018-0c4785,/items/brasil/teams/gremio/collections/07-18/2018-0c4785,/items/brasil/teams/gremio/collections/01-19/2018-0c4785,unique record references,ET028_EXCLUSIVE
43292,paises/brasil/gremio/2018.htm#editorial:hx001:table-408:description-table-417,paises/brasil/gremio,camisas/brasil/gremio/07_18,camisas/brasil/gremio/01_19,item:535a0a866c25d677332cb27885f1501833cff3fa96ac3fd49cf1f6dc3427ea34,2018,2018-aee669,/items/brasil/teams/gremio/collections/07-18/2018-aee669,/items/brasil/teams/gremio/collections/01-19/2018-aee669,unique record references,ET028_EXCLUSIVE
43293,paises/brasil/gremio/2018.htm#editorial:hx001:table-426:description-table-435,paises/brasil/gremio,camisas/brasil/gremio/07_18,camisas/brasil/gremio/09_18,item:9b4988775ba0892484002a9375b34dbe46cc9f1b59ccdb3225374759efa9a002,2018,2018-1702cd,/items/brasil/teams/gremio/collections/07-18/2018-1702cd,/items/brasil/teams/gremio/collections/09-18/2018-1702cd,unique record references,ET028_EXCLUSIVE
43294,paises/brasil/gremio/2018.htm#editorial:hx001:table-444:description-table-453,paises/brasil/gremio,camisas/brasil/gremio/07_18,camisas/brasil/gremio/01_19,item:1f1ad8cd1995e8e699fff51b2e32d04b5e6d382e9179069f5c97001882eac3b5,2018,2018-7007af,/items/brasil/teams/gremio/collections/07-18/2018-7007af,/items/brasil/teams/gremio/collections/01-19/2018-7007af,unique record references,ET028_EXCLUSIVE
43297,paises/brasil/gremio/2018.htm#editorial:hx001:table-498:description-table-507,paises/brasil/gremio,camisas/brasil/gremio/07_18,camisas/brasil/gremio/03_19,item:13595bd5adf805b32eaeaf8bd1cd9ecb88ea99caef6314d949a41e1ce1f8c778,2018,2018-20a474,/items/brasil/teams/gremio/collections/07-18/2018-20a474,/items/brasil/teams/gremio/collections/03-19/2018-20a474,unique record references,ET028_EXCLUSIVE
43298,paises/brasil/gremio/2018.htm#editorial:hx001:table-516:description-table-525,paises/brasil/gremio,camisas/brasil/gremio/07_18,camisas/brasil/gremio/08_18,item:30c66fc410930cf015a50eb5223bf5d98b057ac65f234abf1ae2ee29ca93c691,2018,2018-9cdd5d,/items/brasil/teams/gremio/collections/07-18/2018-9cdd5d,/items/brasil/teams/gremio/collections/08-18/2018-9cdd5d,unique record references,ET028_EXCLUSIVE
43301,paises/brasil/gremio/2019.htm#editorial:hx001:table-47:description-table-56,paises/brasil/gremio,camisas/brasil/gremio/07_19,camisas/brasil/gremio/01_20,item:55f52cdbac89ce841d9ebd572ba8c1385a67410734af40f8c1bab8abbbba4989,2019,2019-01b45e,/items/brasil/teams/gremio/collections/07-19/2019-01b45e,/items/brasil/teams/gremio/collections/01-20/2019-01b45e,unique record references,ET028_EXCLUSIVE
43302,paises/brasil/gremio/2019.htm#editorial:hx001:table-65:description-table-74,paises/brasil/gremio,camisas/brasil/gremio/07_19,camisas/brasil/gremio/01_20,item:94b12a35cdadc52b1c165ad1dcedf8121f1fd045527d4cb9f610b642f89f6b32,2019,2019-fe85ce,/items/brasil/teams/gremio/collections/07-19/2019-fe85ce,/items/brasil/teams/gremio/collections/01-20/2019-fe85ce,unique record references,ET028_EXCLUSIVE
43303,paises/brasil/gremio/2019.htm#editorial:hx001:table-83:description-table-92,paises/brasil/gremio,camisas/brasil/gremio/07_19,camisas/brasil/gremio/01_20,item:5ef04b253be32b59a8fa4e8466f704817af268091988ad0b6cae7586e37f722b,2019,2019-31f211,/items/brasil/teams/gremio/collections/07-19/2019-31f211,/items/brasil/teams/gremio/collections/01-20/2019-31f211,unique record references,ET028_EXCLUSIVE
43304,paises/brasil/gremio/2019.htm#editorial:hx001:table-101:description-table-110,paises/brasil/gremio,camisas/brasil/gremio/07_19,camisas/brasil/gremio/01_20,item:9840110379c7f9b548abb6967b0ff649d50d4f6aa5bbb0b6dc01ff7368a526df,2019,2019-284f18,/items/brasil/teams/gremio/collections/07-19/2019-284f18,/items/brasil/teams/gremio/collections/01-20/2019-284f18,unique record references,ET028_EXCLUSIVE
43305,paises/brasil/gremio/2019.htm#editorial:hx001:table-119:description-table-128,paises/brasil/gremio,camisas/brasil/gremio/07_19,camisas/brasil/gremio/01_20,item:e7974ba04d502e9916acf90f40e2002771424f8ca2632a608d66c274776a2c5c,2019,2019-e7d995,/items/brasil/teams/gremio/collections/07-19/2019-e7d995,/items/brasil/teams/gremio/collections/01-20/2019-e7d995,unique record references,ET028_EXCLUSIVE
43306,paises/brasil/gremio/2019.htm#editorial:hx001:table-137:description-table-146,paises/brasil/gremio,camisas/brasil/gremio/07_19,camisas/brasil/gremio/01_20,item:834611628fd7d1539cfc5d4090c1ee0c403df04448ddad8232a4185b076e2890,2019,2019-1b454c,/items/brasil/teams/gremio/collections/07-19/2019-1b454c,/items/brasil/teams/gremio/collections/01-20/2019-1b454c,unique record references,ET028_EXCLUSIVE
43307,paises/brasil/gremio/2019.htm#editorial:hx001:table-155:description-table-164,paises/brasil/gremio,camisas/brasil/gremio/07_19,camisas/brasil/gremio/01_20,item:6f30e9197f551cbcadb6a937142ad0f5b75ae320d28fa50da8b070f05c687ac6,2019,2019-4eb055,/items/brasil/teams/gremio/collections/07-19/2019-4eb055,/items/brasil/teams/gremio/collections/01-20/2019-4eb055,unique record references,ET028_EXCLUSIVE
43308,paises/brasil/gremio/2019.htm#editorial:hx001:table-173:description-table-182,paises/brasil/gremio,camisas/brasil/gremio/07_19,camisas/brasil/gremio/01_20,item:fed129eeaf4d96fd2b3ffbb7470fd5ca83c8de253ffd48344d862feb4eff1eac,2019,2019-175206,/items/brasil/teams/gremio/collections/07-19/2019-175206,/items/brasil/teams/gremio/collections/01-20/2019-175206,unique record references,ET028_EXCLUSIVE
43309,paises/brasil/gremio/2019.htm#editorial:hx001:table-191:description-table-200,paises/brasil/gremio,camisas/brasil/gremio/07_19,camisas/brasil/gremio/01_20,item:51ac19c8efec6e930f51a4bd9d727b5b7b288ff2a2374391ef61195740fd8781,2019,2019-541cf1,/items/brasil/teams/gremio/collections/07-19/2019-541cf1,/items/brasil/teams/gremio/collections/01-20/2019-541cf1,unique record references,ET028_EXCLUSIVE
43311,paises/brasil/gremio/2019.htm#editorial:hx001:table-227:description-table-236,paises/brasil/gremio,camisas/brasil/gremio/07_19,camisas/brasil/gremio/01_20,item:b7c2cce734349bdbf084db63c985b5bf92514342d39e8683ac7ef6d91ed1bc72,2019,2019-2dbe7f,/items/brasil/teams/gremio/collections/07-19/2019-2dbe7f,/items/brasil/teams/gremio/collections/01-20/2019-2dbe7f,unique record references,ET028_EXCLUSIVE
43312,paises/brasil/gremio/2019.htm#editorial:hx001:table-245:description-table-254,paises/brasil/gremio,camisas/brasil/gremio/07_19,camisas/brasil/gremio/01_20,item:dfb8326bcdf490d25564180bc62539bc24cfa2ce3f5e85b985fbe4cb72608568,2019,2019-7ed22f,/items/brasil/teams/gremio/collections/07-19/2019-7ed22f,/items/brasil/teams/gremio/collections/01-20/2019-7ed22f,unique record references,ET028_EXCLUSIVE
43313,paises/brasil/gremio/2019.htm#editorial:hx001:table-263:description-table-272,paises/brasil/gremio,camisas/brasil/gremio/07_19,camisas/brasil/gremio/01_20,item:caa3ff399d6a6efe9ac814a30358bfdd64be27f88293dece8acaedefb0087103,2019,2019-51c6fd,/items/brasil/teams/gremio/collections/07-19/2019-51c6fd,/items/brasil/teams/gremio/collections/01-20/2019-51c6fd,unique record references,ET028_EXCLUSIVE
43314,paises/brasil/gremio/2019.htm#editorial:hx001:table-281:description-table-290,paises/brasil/gremio,camisas/brasil/gremio/07_19,camisas/brasil/gremio/03_20,item:1629488073e30a3aff2613fe2212f2516b94a52f1cf0dfb07402f592f5743197,2019,2019-4bb8d7,/items/brasil/teams/gremio/collections/07-19/2019-4bb8d7,/items/brasil/teams/gremio/collections/03-20/2019-4bb8d7,unique record references,ET028_EXCLUSIVE
43315,paises/brasil/gremio/2019.htm#editorial:hx001:table-299:description-table-308,paises/brasil/gremio,camisas/brasil/gremio/07_19,camisas/brasil/gremio/01_20,item:d790351ad7c40a9011cedeae1e89d0ca8f1968f866aab1a872f70afe19d87cf4,2019,2019-6bda76,/items/brasil/teams/gremio/collections/07-19/2019-6bda76,/items/brasil/teams/gremio/collections/01-20/2019-6bda76,unique record references,ET028_EXCLUSIVE
43321,paises/brasil/gremio/2023.htm#editorial:hx001:table-29:description-table-38,paises/brasil/gremio,camisas/brasil/gremio/09_24,camisas/brasil/gremio/03_25,item:eb295b711a89bb472586c05f42e9bfe58b64d4c50e54e25d9fdb779905a5cb01,2023,2023-7da4f9,/items/brasil/teams/gremio/collections/09-24/2023-7da4f9,/items/brasil/teams/gremio/collections/03-25/2023-7da4f9,unique record references,ET028_EXCLUSIVE
43322,paises/brasil/gremio/2023.htm#editorial:hx001:table-47:description-table-56,paises/brasil/gremio,camisas/brasil/gremio/09_24,camisas/brasil/gremio/03_25,item:04c2727f78d8d58bccfad8c4d0087e3af7243753a4a9e31c3a0ca69786e988aa,2023,2023-4d75a4,/items/brasil/teams/gremio/collections/09-24/2023-4d75a4,/items/brasil/teams/gremio/collections/03-25/2023-4d75a4,unique record references,ET028_EXCLUSIVE
43352,paises/brasil/internacional/1987.htm#editorial:hx001:table-30:description-table-39,paises/brasil/internacional,camisas/brasil/internacional/12_11,camisas/brasil/internacional/04_14,item:4ded8a4cc94f81d3053ace975bfb7debf2d63e7053e078eed0fc4f1de17fff2e,1987,1987-27119a,/items/brasil/teams/internacional/collections/12-11/1987-27119a,/items/brasil/teams/internacional/collections/04-14/1987-27119a,unique record references,ET028_EXCLUSIVE
43366,paises/brasil/internacional/2014.htm#editorial:hx001:table-35:description-table-44,paises/brasil/internacional,camisas/brasil/internacional/06_14,camisas/brasil/internacional/03_15,item:48f5d4bd5fb30a17b6bc59953b09e271c846d308467b9079d67b06031f21b347,2014,2014-69faf4,/items/brasil/teams/internacional/collections/06-14/2014-69faf4,/items/brasil/teams/internacional/collections/03-15/2014-69faf4,unique record references,ET028_EXCLUSIVE
43367,paises/brasil/internacional/2014.htm#editorial:hx001:table-55:description-table-64,paises/brasil/internacional,camisas/brasil/internacional/06_14,camisas/brasil/internacional/03_15,item:176a039749499ca882fd3d3e7910cce50037c6e2c878f0fe958985e2f7d6352c,2014,2014-6e5cc1,/items/brasil/teams/internacional/collections/06-14/2014-6e5cc1,/items/brasil/teams/internacional/collections/03-15/2014-6e5cc1,unique record references,ET028_EXCLUSIVE
43369,paises/brasil/internacional/2015.htm#editorial:hx001:table-31:description-table-40,paises/brasil/internacional,camisas/brasil/internacional/04_15,camisas/brasil/internacional/05_15,item:2df61e7cd5fb97de184d74b84f1c41132bbee1ec165904849c4485d50465e3de,2015,2015-39cbd9,/items/brasil/teams/internacional/collections/04-15/2015-39cbd9,/items/brasil/teams/internacional/collections/05-15/2015-39cbd9,unique record references,ET028_EXCLUSIVE
43370,paises/brasil/internacional/2015.htm#editorial:hx001:table-51:description-table-60,paises/brasil/internacional,camisas/brasil/internacional/04_15,camisas/brasil/internacional/03_16,item:1c52532d584dc892fd61a790bd53701f61b0d6215f9572e4f3435124568bc65f,2015,2015-8f516c,/items/brasil/teams/internacional/collections/04-15/2015-8f516c,/items/brasil/teams/internacional/collections/03-16/2015-8f516c,unique record references,ET028_EXCLUSIVE
43371,paises/brasil/internacional/2015.htm#editorial:hx001:table-71:description-table-80,paises/brasil/internacional,camisas/brasil/internacional/04_15,camisas/brasil/internacional/03_16,item:29ee1eb9a1dfe8d2689cfda3f1111a7b00cbd2be5a0e2ead5aefa85c1463eda4,2015,2015-c6da40,/items/brasil/teams/internacional/collections/04-15/2015-c6da40,/items/brasil/teams/internacional/collections/03-16/2015-c6da40,unique record references,ET028_EXCLUSIVE
43373,paises/brasil/internacional/2015.htm#editorial:hx001:table-111:description-table-120,paises/brasil/internacional,camisas/brasil/internacional/04_15,camisas/brasil/internacional/03_16,item:82ade99e5fec9076320ffa4b419b1e761611cd3d911bf1b26975f2159c967a3d,2015,2015-091212,/items/brasil/teams/internacional/collections/04-15/2015-091212,/items/brasil/teams/internacional/collections/03-16/2015-091212,unique record references,ET028_EXCLUSIVE
43377,paises/brasil/internacional/2016.htm#editorial:hx001:table-51:description-table-60,paises/brasil/internacional,camisas/brasil/internacional/03_17,camisas/brasil/internacional/11_17,item:33dea30044a7619ede97f5cb29973b23057f59d77760aab7db6261656ead6130,2016,2016-69ed4b,/items/brasil/teams/internacional/collections/03-17/2016-69ed4b,/items/brasil/teams/internacional/collections/11-17/2016-69ed4b,unique record references,ET028_EXCLUSIVE
43380,paises/brasil/internacional/2016.htm#editorial:hx001:table-111:description-table-120,paises/brasil/internacional,camisas/brasil/internacional/03_17,camisas/brasil/internacional/11_17,item:c2c0a35dcd508afd0422538f075ebd0ef24db27e23796af3b545920a57f503f3,2016,2016-6f8b6a,/items/brasil/teams/internacional/collections/03-17/2016-6f8b6a,/items/brasil/teams/internacional/collections/11-17/2016-6f8b6a,unique record references,ET028_EXCLUSIVE
43385,paises/brasil/internacional/2021.htm#editorial:hx001:table-31:description-table-40,paises/brasil/internacional,camisas/brasil/internacional/07_22,camisas/brasil/internacional/01_24,item:73bcd27b42ebaeda25ea84765fdfd849989f7f1ce2825884e9b2688f38c97365,2021,2021-721ba5,/items/brasil/teams/internacional/collections/07-22/2021-721ba5,/items/brasil/teams/internacional/collections/01-24/2021-721ba5,unique record references,ET028_EXCLUSIVE
43392,paises/brasil/londrina/1977.htm#editorial:hx001:table-32:description-table-39,paises/brasil/londrina,camisas/brasil/londrina/04_21,camisas/brasil/londrina/11_21,item:73842f196ed115b509c49f9c7e6dc1bcc612d5ebc470c338ba4ff75c1dcd15d5,1977,1977-ac24e7,/items/brasil/teams/londrina/collections/04-21/1977-ac24e7,/items/brasil/teams/londrina/collections/11-21/1977-ac24e7,unique record references,ET028_EXCLUSIVE
43451,paises/brasil/palmeiras/2013.htm#editorial:hx001:table-125:description-table-134,paises/brasil/palmeiras,camisas/brasil/palmeiras/07_17,camisas/brasil/palmeiras/04_16,item:2c2010bb67b52f816af2c473b4e06c75e0da8d13fc7d3871ad5e33937ebdf85f,2013,2013-583783,/items/brasil/teams/palmeiras/collections/07-17/2013-583783,/items/brasil/teams/palmeiras/collections/04-16/2013-583783,unique record references,ET028_EXCLUSIVE
43455,paises/brasil/palmeiras/2015.htm#editorial:hx001:table-49:description-table-58,paises/brasil/palmeiras,camisas/brasil/palmeiras/01_16,camisas/brasil/palmeiras/03_16,item:add479426113da9797340efb6a72af59abf608fc234a36a52e78f9e843cabf80,2015,2015-9c05c5,/items/brasil/teams/palmeiras/collections/01-16/2015-9c05c5,/items/brasil/teams/palmeiras/collections/03-16/2015-9c05c5,unique record references,ET028_EXCLUSIVE
43456,paises/brasil/palmeiras/2015.htm#editorial:hx001:table-68:description-table-77,paises/brasil/palmeiras,camisas/brasil/palmeiras/01_16,camisas/brasil/palmeiras/04_16,item:619d9b22416e80bf81a217579b7689c09e331e8d909b64d2a8db78d477e9971d,2015,2015-0fb7e6,/items/brasil/teams/palmeiras/collections/01-16/2015-0fb7e6,/items/brasil/teams/palmeiras/collections/04-16/2015-0fb7e6,unique record references,ET028_EXCLUSIVE
43457,paises/brasil/palmeiras/2015.htm#editorial:hx001:table-88:description-table-97,paises/brasil/palmeiras,camisas/brasil/palmeiras/01_16,camisas/brasil/palmeiras/03_16,item:857ffa40d955bfd88f3d3540af81150beca3d97eb9f62d2a2f45d1385a1a4084,2015,2015-9e405d,/items/brasil/teams/palmeiras/collections/01-16/2015-9e405d,/items/brasil/teams/palmeiras/collections/03-16/2015-9e405d,unique record references,ET028_EXCLUSIVE
43458,paises/brasil/palmeiras/2015.htm#editorial:hx001:table-107:description-table-116,paises/brasil/palmeiras,camisas/brasil/palmeiras/01_16,camisas/brasil/palmeiras/03_16,item:2ee89dc60eb9c93c36f44c9a58d04b390fb5adcebdaa061d7fbb8b8f44afb785,2015,2015-349210,/items/brasil/teams/palmeiras/collections/01-16/2015-349210,/items/brasil/teams/palmeiras/collections/03-16/2015-349210,unique record references,ET028_EXCLUSIVE
43462,paises/brasil/palmeiras/2015.htm#editorial:hx001:table-184:description-table-193,paises/brasil/palmeiras,camisas/brasil/palmeiras/01_16,camisas/brasil/palmeiras/05_15,item:eba93e654efe51454d88b5c07ceb9683377d374b9211cc2ac0adca2e621e0ca2,2015,2015-3b9571,/items/brasil/teams/palmeiras/collections/01-16/2015-3b9571,/items/brasil/teams/palmeiras/collections/05-15/2015-3b9571,unique record references,ET028_EXCLUSIVE
43463,paises/brasil/palmeiras/2015.htm#editorial:hx001:table-203:description-table-212,paises/brasil/palmeiras,camisas/brasil/palmeiras/01_16,camisas/brasil/palmeiras/04_16,item:4d37660ea8bf863f1656d27b8b8f63f2b257a9afcc3c3c2ec24540e2bb3e03a3,2015,2015-f557d3,/items/brasil/teams/palmeiras/collections/01-16/2015-f557d3,/items/brasil/teams/palmeiras/collections/04-16/2015-f557d3,unique record references,ET028_EXCLUSIVE
43470,paises/brasil/palmeiras/2016.htm#editorial:hx001:table-131:description-table-140,paises/brasil/palmeiras,camisas/brasil/palmeiras/07_17,camisas/brasil/palmeiras/02_17,item:ea793d714e72905650eb71dc92d79ce4371dee4137a9e1c25e8ab6100f09d2c1,2016,2016-933801,/items/brasil/teams/palmeiras/collections/07-17/2016-933801,/items/brasil/teams/palmeiras/collections/02-17/2016-933801,unique record references,ET028_EXCLUSIVE
43471,paises/brasil/palmeiras/2016.htm#editorial:hx001:table-150:description-table-159,paises/brasil/palmeiras,camisas/brasil/palmeiras/07_17,camisas/brasil/palmeiras/02_17,item:096031684dcbc723f6864a804ac23095db8ed40935eefc7b8cba5a37e97f04f3,2016,2016-2fe073,/items/brasil/teams/palmeiras/collections/07-17/2016-2fe073,/items/brasil/teams/palmeiras/collections/02-17/2016-2fe073,unique record references,ET028_EXCLUSIVE
43472,paises/brasil/palmeiras/2016.htm#editorial:hx001:table-169:description-table-178,paises/brasil/palmeiras,camisas/brasil/palmeiras/07_17,camisas/brasil/palmeiras/03_17,item:8d7fbea7a75e7ad5ce9a8c02bccf033cb5e273c50aaf97765d1904fa90f357a9,2016,2016-4848c9,/items/brasil/teams/palmeiras/collections/07-17/2016-4848c9,/items/brasil/teams/palmeiras/collections/03-17/2016-4848c9,unique record references,ET028_EXCLUSIVE
43473,paises/brasil/palmeiras/2016.htm#editorial:hx001:table-188:description-table-197,paises/brasil/palmeiras,camisas/brasil/palmeiras/07_17,camisas/brasil/palmeiras/03_17,item:ae7836aa51a43a022609c0b5e6c7d89779a9bd302608602502d8140ba3feed9a,2016,2016-472cae,/items/brasil/teams/palmeiras/collections/07-17/2016-472cae,/items/brasil/teams/palmeiras/collections/03-17/2016-472cae,unique record references,ET028_EXCLUSIVE
43474,paises/brasil/palmeiras/2016.htm#editorial:hx001:table-207:description-table-216,paises/brasil/palmeiras,camisas/brasil/palmeiras/07_17,camisas/brasil/palmeiras/11_17,item:64e4027624faca717db60e254e05503069b667cf2d8d6a7fac290f93e647f989,2016,2016-a73dbe,/items/brasil/teams/palmeiras/collections/07-17/2016-a73dbe,/items/brasil/teams/palmeiras/collections/11-17/2016-a73dbe,unique record references,ET028_EXCLUSIVE
43477,paises/brasil/palmeiras/2017.htm#editorial:hx001:table-49:description-table-58,paises/brasil/palmeiras,camisas/brasil/palmeiras/08_17,camisas/brasil/palmeiras/11_17,item:7d86ec7684bafd26a73428aceec75520e79931dc66254843392d99bbaa5259bb,2017,2017-ae7fd1,/items/brasil/teams/palmeiras/collections/08-17/2017-ae7fd1,/items/brasil/teams/palmeiras/collections/11-17/2017-ae7fd1,unique record references,ET028_EXCLUSIVE
43478,paises/brasil/palmeiras/2017.htm#editorial:hx001:table-68:description-table-77,paises/brasil/palmeiras,camisas/brasil/palmeiras/08_17,camisas/brasil/palmeiras/01_20,item:841679644b9a473bcd246147650dc6c7fd0b5454c41e51ba029fcdcc433afa17,2017,2017-d7d3a8,/items/brasil/teams/palmeiras/collections/08-17/2017-d7d3a8,/items/brasil/teams/palmeiras/collections/01-20/2017-d7d3a8,unique record references,ET028_EXCLUSIVE
43479,paises/brasil/palmeiras/2017.htm#editorial:hx001:table-87:description-table-96,paises/brasil/palmeiras,camisas/brasil/palmeiras/08_17,camisas/brasil/palmeiras/11_17,item:4415057336ce6635c935ee57327df9e95d412d7af0af5ab4a1f272ad092d7e6b,2017,2017-fbf018,/items/brasil/teams/palmeiras/collections/08-17/2017-fbf018,/items/brasil/teams/palmeiras/collections/11-17/2017-fbf018,unique record references,ET028_EXCLUSIVE
43481,paises/brasil/palmeiras/2017.htm#editorial:hx001:table-125:description-table-134,paises/brasil/palmeiras,camisas/brasil/palmeiras/08_17,camisas/brasil/palmeiras/01_18,item:36c2b7f0e822ee02ab7c3108add7ecce6a5bf129eea135ce66ebc574b4b45dba,2017,2017-7d144a,/items/brasil/teams/palmeiras/collections/08-17/2017-7d144a,/items/brasil/teams/palmeiras/collections/01-18/2017-7d144a,unique record references,ET028_EXCLUSIVE
43484,paises/brasil/palmeiras/2018.htm#editorial:hx001:table-51:description-table-60,paises/brasil/palmeiras,camisas/brasil/palmeiras/07_18,camisas/brasil/palmeiras/08_18,item:ce65f8a2c044ffd580b4db38f800ba3531c7834044b52ffa46cd31ef724a2757,2018,2018-acdcb7,/items/brasil/teams/palmeiras/collections/07-18/2018-acdcb7,/items/brasil/teams/palmeiras/collections/08-18/2018-acdcb7,unique record references,ET028_EXCLUSIVE
43485,paises/brasil/palmeiras/2018.htm#editorial:hx001:table-70:description-table-79,paises/brasil/palmeiras,camisas/brasil/palmeiras/07_18,camisas/brasil/palmeiras/08_18,item:9d6440ab708bab732d19ecb1f8bef7d43150ae5c5e6875cb3775d8d9ae511000,2018,2018-97c32e,/items/brasil/teams/palmeiras/collections/07-18/2018-97c32e,/items/brasil/teams/palmeiras/collections/08-18/2018-97c32e,unique record references,ET028_EXCLUSIVE
43486,paises/brasil/palmeiras/2018.htm#editorial:hx001:table-89:description-table-98,paises/brasil/palmeiras,camisas/brasil/palmeiras/07_18,camisas/brasil/palmeiras/09_18,item:a91c8a7f9a57a7c6c002ae1b660ca17223c5730520d28145faac740f5ae0ce79,2018,2018-fe94a9,/items/brasil/teams/palmeiras/collections/07-18/2018-fe94a9,/items/brasil/teams/palmeiras/collections/09-18/2018-fe94a9,unique record references,ET028_EXCLUSIVE
43488,paises/brasil/palmeiras/2018.htm#editorial:hx001:table-127:description-table-136,paises/brasil/palmeiras,camisas/brasil/palmeiras/07_18,camisas/brasil/palmeiras/01_19,item:491b7abe9b1e7784a8196be307a00cecf84529ee1323bc26559901128d537969,2018,2018-856eaf,/items/brasil/teams/palmeiras/collections/07-18/2018-856eaf,/items/brasil/teams/palmeiras/collections/01-19/2018-856eaf,unique record references,ET028_EXCLUSIVE
43489,paises/brasil/palmeiras/2018.htm#editorial:hx001:table-146:description-table-155,paises/brasil/palmeiras,camisas/brasil/palmeiras/07_18,camisas/brasil/palmeiras/11_21,item:7b0c8a73853734e91b134d5d6914c7f7ca0c4dd3e7d19c764550247dfcb9a9a4,2018,2018-b1bb05,/items/brasil/teams/palmeiras/collections/07-18/2018-b1bb05,/items/brasil/teams/palmeiras/collections/11-21/2018-b1bb05,unique record references,ET028_EXCLUSIVE
43492,paises/brasil/palmeiras/2018.htm#editorial:hx001:table-203:description-table-212,paises/brasil/palmeiras,camisas/brasil/palmeiras/07_18,camisas/brasil/palmeiras/01_20,item:8ee4af2d29e92efddc2fe346c8ffc32a5d0fa3dba231b899f0f56591b82391a8,2018,2018-e1a3be,/items/brasil/teams/palmeiras/collections/07-18/2018-e1a3be,/items/brasil/teams/palmeiras/collections/01-20/2018-e1a3be,unique record references,ET028_EXCLUSIVE
43493,paises/brasil/palmeiras/2018.htm#editorial:hx001:table-222:description-table-231,paises/brasil/palmeiras,camisas/brasil/palmeiras/07_18,camisas/brasil/palmeiras/03_19,item:80f9d99ee83e816a3fb467408f5dff6f5e3ab1d72a2688557dc372ad6021f07d,2018,2018-6fcd3b,/items/brasil/teams/palmeiras/collections/07-18/2018-6fcd3b,/items/brasil/teams/palmeiras/collections/03-19/2018-6fcd3b,unique record references,ET028_EXCLUSIVE
43498,paises/brasil/palmeiras/2024.htm#editorial:hx001:table-30:description-table-39,paises/brasil/palmeiras,camisas/brasil/palmeiras/03_25,camisas/brasil/palmeiras/07_25,item:206702aea1af532f5fac937510e059896de981c63757f1ebbadcb053dc721dca,2024,2024-76c2c9,/items/brasil/teams/palmeiras/collections/03-25/2024-76c2c9,/items/brasil/teams/palmeiras/collections/07-25/2024-76c2c9,unique record references,ET028_EXCLUSIVE
43572,paises/brasil/santos/2012.htm#editorial:hx001:table-55:description-table-64,paises/brasil/santos,camisas/brasil/santos/02_13,camisas/brasil/santos/11_13,item:67ccadf7c3fba975f3509454b0e11d0a931a5d458a01448b92c7cd970153478e,2012,2012-34ecfd,/items/brasil/teams/santos/collections/02-13/2012-34ecfd,/items/brasil/teams/santos/collections/11-13/2012-34ecfd,unique record references,ET028_EXCLUSIVE
43578,paises/brasil/santos/2013.htm#editorial:hx001:table-34:description-table-43,paises/brasil/santos,camisas/brasil/santos/06_13,camisas/brasil/santos/11_14,item:a8f23b37afe42b1a99aff569b8e905ef08b434f1b672fd8914ef7b1c00f912e5,2012,2012-0d7995,/items/brasil/teams/santos/collections/06-13/2012-0d7995,/items/brasil/teams/santos/collections/11-14/2012-0d7995,unique record references,ET028_EXCLUSIVE
43580,paises/brasil/santos/2013.htm#editorial:hx001:table-80:description-table-89,paises/brasil/santos,camisas/brasil/santos/06_13,camisas/brasil/santos/07_13,item:0404e40f4f3cb4a75ec0502edade643e64cb55bfd92c7c243f0099634b4cb9cf,2012,2012-d1e53a,/items/brasil/teams/santos/collections/06-13/2012-d1e53a,/items/brasil/teams/santos/collections/07-13/2012-d1e53a,unique record references,ET028_EXCLUSIVE
43587,paises/brasil/santos/2014.htm#editorial:hx001:table-87:description-table-96,paises/brasil/santos,camisas/brasil/santos/06_14,camisas/brasil/santos/03_15,item:ebbee7903d1b2afd2e68cca4784c75f47b70e244ed9ac3df026f2548c964cafc,2014,2014-2aa1f5,/items/brasil/teams/santos/collections/06-14/2014-2aa1f5,/items/brasil/teams/santos/collections/03-15/2014-2aa1f5,unique record references,ET028_EXCLUSIVE
43588,paises/brasil/santos/2014.htm#editorial:hx001:table-106:description-table-115,paises/brasil/santos,camisas/brasil/santos/06_14,camisas/brasil/santos/03_15,item:a04374301dd9d7637f680cd5329f69570d9bf43db5fe17d5ce7f98938a40f931,2014,2014-eec1a5,/items/brasil/teams/santos/collections/06-14/2014-eec1a5,/items/brasil/teams/santos/collections/03-15/2014-eec1a5,unique record references,ET028_EXCLUSIVE
43589,paises/brasil/santos/2014.htm#editorial:hx001:table-125:description-table-134,paises/brasil/santos,camisas/brasil/santos/06_14,camisas/brasil/santos/03_15,item:173e9a1ddd4614a6e38ec22642560982a721e0b590ba52cfb264ee45cadb358d,2014,2014-9a36f4,/items/brasil/teams/santos/collections/06-14/2014-9a36f4,/items/brasil/teams/santos/collections/03-15/2014-9a36f4,unique record references,ET028_EXCLUSIVE
43590,paises/brasil/santos/2014.htm#editorial:hx001:table-144:description-table-153,paises/brasil/santos,camisas/brasil/santos/06_14,camisas/brasil/santos/04_15,item:8d39ba207260e6bfe3b5a3bb699a3f32757eb85a358060171de634a02972262f,2014,2014-ace857,/items/brasil/teams/santos/collections/06-14/2014-ace857,/items/brasil/teams/santos/collections/04-15/2014-ace857,unique record references,ET028_EXCLUSIVE
43592,paises/brasil/santos/2014.htm#editorial:hx001:table-182:description-table-191,paises/brasil/santos,camisas/brasil/santos/06_14,camisas/brasil/santos/08_14,item:981f9c199c83175ab8f74dbf464c9d5399bf4b1b6ed4a065bc1aa996483855ce,2014,2014-d904c1,/items/brasil/teams/santos/collections/06-14/2014-d904c1,/items/brasil/teams/santos/collections/08-14/2014-d904c1,unique record references,ET028_EXCLUSIVE
43593,paises/brasil/santos/2014.htm#editorial:hx001:table-201:description-table-210,paises/brasil/santos,camisas/brasil/santos/06_14,camisas/brasil/santos/08_14,item:310faffd6aac39cbe7ef27aabdb143674de0a85c0155289f67773ae6071bb5bb,2014,2014-d81784,/items/brasil/teams/santos/collections/06-14/2014-d81784,/items/brasil/teams/santos/collections/08-14/2014-d81784,unique record references,ET028_EXCLUSIVE
43594,paises/brasil/santos/2014.htm#editorial:hx001:table-220:description-table-229,paises/brasil/santos,camisas/brasil/santos/06_14,camisas/brasil/santos/08_14,item:e9779edefc1b30d0c2e5c80e03f2cc571d8144dd91b8cea6dd950e5647ef56fb,2014,2014-289404,/items/brasil/teams/santos/collections/06-14/2014-289404,/items/brasil/teams/santos/collections/08-14/2014-289404,unique record references,ET028_EXCLUSIVE
43595,paises/brasil/santos/2014.htm#editorial:hx001:table-239:description-table-248,paises/brasil/santos,camisas/brasil/santos/06_14,camisas/brasil/santos/08_14,item:288db0cf29ef7a9a09fb1e7054295a3b109bd0a1458c568e0b04490853cf2819,2014,2014-5de94e,/items/brasil/teams/santos/collections/06-14/2014-5de94e,/items/brasil/teams/santos/collections/08-14/2014-5de94e,unique record references,ET028_EXCLUSIVE
43599,paises/brasil/santos/2015.htm#editorial:hx001:table-68:description-table-77,paises/brasil/santos,camisas/brasil/santos/05_15,camisas/brasil/santos/01_16,item:59b721659e3cb4f53a349919281687a15b170cfa9493e8df3b7cd41114c4bf65,2015,2015-d01959,/items/brasil/teams/santos/collections/05-15/2015-d01959,/items/brasil/teams/santos/collections/01-16/2015-d01959,unique record references,ET028_EXCLUSIVE
43600,paises/brasil/santos/2015.htm#editorial:hx001:table-87:description-table-96,paises/brasil/santos,camisas/brasil/santos/05_15,camisas/brasil/santos/01_16,item:68a520440fb4652ab2e4123814eec6cad0b38da9ea873cc7d171bfdd1123969b,2015,2015-7a83ea,/items/brasil/teams/santos/collections/05-15/2015-7a83ea,/items/brasil/teams/santos/collections/01-16/2015-7a83ea,unique record references,ET028_EXCLUSIVE
43619,paises/brasil/santos/2015.htm#editorial:hx001:table-447:description-table-456,paises/brasil/santos,camisas/brasil/santos/05_15,camisas/brasil/santos/01_16,item:9a61e7b1325abbce6503a6fb9a7c533d89ad89737fc8997e581e422406c36617,2015,2015-e77bf7,/items/brasil/teams/santos/collections/05-15/2015-e77bf7,/items/brasil/teams/santos/collections/01-16/2015-e77bf7,unique record references,ET028_EXCLUSIVE
43620,paises/brasil/santos/2015.htm#editorial:hx001:table-466:description-table-475,paises/brasil/santos,camisas/brasil/santos/05_15,camisas/brasil/santos/01_16,item:7ad9e9da8b839459eb556b534508f10af68b18b83141beefb24a7dc25d557bda,2015,2015-a1543a,/items/brasil/teams/santos/collections/05-15/2015-a1543a,/items/brasil/teams/santos/collections/01-16/2015-a1543a,unique record references,ET028_EXCLUSIVE
43636,paises/brasil/santos/2016.htm#editorial:hx001:table-288:description-table-297,paises/brasil/santos,camisas/brasil/santos/04_16,camisas/brasil/santos/03_17,item:18fca256fc996526d09ab7a6a422b02ed7e2f5d6252a3941c0a961c6775135bd,2016,2016-211ae8,/items/brasil/teams/santos/collections/04-16/2016-211ae8,/items/brasil/teams/santos/collections/03-17/2016-211ae8,unique record references,ET028_EXCLUSIVE
43637,paises/brasil/santos/2016.htm#editorial:hx001:table-308:description-table-317,paises/brasil/santos,camisas/brasil/santos/04_16,camisas/brasil/santos/03_17,item:c1732a930b68a6770ab3c07d332b753b3142476f624d234930b623a968647a58,2016,2016-2f5806,/items/brasil/teams/santos/collections/04-16/2016-2f5806,/items/brasil/teams/santos/collections/03-17/2016-2f5806,unique record references,ET028_EXCLUSIVE
43643,paises/brasil/santos/2017.htm#editorial:hx001:table-49:description-table-58,paises/brasil/santos,camisas/brasil/santos/07_17,camisas/brasil/santos/11_17,item:2be663ddabefe7d92db5d0dc04f8cda5abe79a1765d42ac315b5cf31381f0b52,2017,2017-bb944c,/items/brasil/teams/santos/collections/07-17/2017-bb944c,/items/brasil/teams/santos/collections/11-17/2017-bb944c,unique record references,ET028_EXCLUSIVE
43646,paises/brasil/santos/2017.htm#editorial:hx001:table-106:description-table-115,paises/brasil/santos,camisas/brasil/santos/07_17,camisas/brasil/santos/11_17_2,item:7323106148d7ba9b1019934065abafabf9366ff0273b8a1bdc28417f48ebf9c1,2017,2017-5dc03d,/items/brasil/teams/santos/collections/07-17/2017-5dc03d,/items/brasil/teams/santos/collections/11-17-2/2017-5dc03d,unique record references,ET028_EXCLUSIVE
43647,paises/brasil/santos/2017.htm#editorial:hx001:table-125:description-table-134,paises/brasil/santos,camisas/brasil/santos/07_17,camisas/brasil/santos/01_18,item:70eede146dc3196d148e7a8201c85bf0008315b63959b1c578adcdeed939749e,2017,2017-fd0ad9,/items/brasil/teams/santos/collections/07-17/2017-fd0ad9,/items/brasil/teams/santos/collections/01-18/2017-fd0ad9,unique record references,ET028_EXCLUSIVE
43649,paises/brasil/santos/2018.htm#editorial:hx001:table-30:description-table-39,paises/brasil/santos,camisas/brasil/santos/06_18,camisas/brasil/santos/07_18,item:2b384dea25f4c2799f5ed69bb8450dc6ba55e232b73d789d6d80e81b056def6f,2018,2018-d83270,/items/brasil/teams/santos/collections/06-18/2018-d83270,/items/brasil/teams/santos/collections/07-18/2018-d83270,unique record references,ET028_EXCLUSIVE
43650,paises/brasil/santos/2018.htm#editorial:hx001:table-49:description-table-58,paises/brasil/santos,camisas/brasil/santos/06_18,camisas/brasil/santos/10_18,item:9a9ffed95df12ec3ab1b575b262eddc1728488f8528f6ce743e0f3a2a8f2d9da,2018,2018-93ca60,/items/brasil/teams/santos/collections/06-18/2018-93ca60,/items/brasil/teams/santos/collections/10-18/2018-93ca60,unique record references,ET028_EXCLUSIVE
43651,paises/brasil/santos/2018.htm#editorial:hx001:table-68:description-table-77,paises/brasil/santos,camisas/brasil/santos/06_18,camisas/brasil/santos/07_18,item:d4d810a525f8ba1b3994cc913dec2cb55e52e30925027142f0c9402b3ebdcd3e,2018,2018-11e6e5,/items/brasil/teams/santos/collections/06-18/2018-11e6e5,/items/brasil/teams/santos/collections/07-18/2018-11e6e5,unique record references,ET028_EXCLUSIVE
43652,paises/brasil/santos/2018.htm#editorial:hx001:table-87:description-table-96,paises/brasil/santos,camisas/brasil/santos/06_18,camisas/brasil/santos/01_19,item:1dd5fee139b80bad6e6180cea44004cfd4287f8d50626c286963a82e0d6a4d24,2018,2018-6c81c4,/items/brasil/teams/santos/collections/06-18/2018-6c81c4,/items/brasil/teams/santos/collections/01-19/2018-6c81c4,unique record references,ET028_EXCLUSIVE
43653,paises/brasil/santos/2018.htm#editorial:hx001:table-106:description-table-117,paises/brasil/santos,camisas/brasil/santos/06_18,camisas/brasil/santos/03_19,item:1681c184711a561de224890d45790ae52318c9f45a094a5409dc9139225fa195,2018,2018-e6dc57,/items/brasil/teams/santos/collections/06-18/2018-e6dc57,/items/brasil/teams/santos/collections/03-19/2018-e6dc57,unique record references,ET028_EXCLUSIVE
43654,paises/brasil/santos/2018.htm#editorial:hx001:table-127:description-table-134,paises/brasil/santos,camisas/brasil/santos/06_18,camisas/brasil/santos/10_18,item:41cb65134f2ad92477a75d36a0e69ba7617c5fe0f3ad2b3a678d3d02ee193273,2018,2018-1b054d,/items/brasil/teams/santos/collections/06-18/2018-1b054d,/items/brasil/teams/santos/collections/10-18/2018-1b054d,unique record references,ET028_EXCLUSIVE
43657,paises/brasil/santos/2019.htm#editorial:hx001:table-50:description-table-59,paises/brasil/santos,camisas/brasil/santos/07_19,camisas/brasil/santos/11_21,item:3aa6233f7c7bd759879919dfa59bde02ac2889685153e3e6d96c420bb25d0aab,2019,2019-9e79ee,/items/brasil/teams/santos/collections/07-19/2019-9e79ee,/items/brasil/teams/santos/collections/11-21/2019-9e79ee,unique record references,ET028_EXCLUSIVE
43658,paises/brasil/santos/2019.htm#editorial:hx001:table-71:description-table-80,paises/brasil/santos,camisas/brasil/santos/07_19,camisas/brasil/santos/11_21,item:1ed3edbecc9bccd3580f3c2563aac58148a92c94ffe28c03206c989ebb8bb7a9,2019,2019-a61477,/items/brasil/teams/santos/collections/07-19/2019-a61477,/items/brasil/teams/santos/collections/11-21/2019-a61477,unique record references,ET028_EXCLUSIVE
43661,paises/brasil/santos/2019.htm#editorial:hx001:table-130:description-table-139,paises/brasil/santos,camisas/brasil/santos/07_19,camisas/brasil/santos/10_19,item:934580e5603064a932b88120fb193761136f4efd339178b72ec627cc764fb159,2019,2019-32dad5,/items/brasil/teams/santos/collections/07-19/2019-32dad5,/items/brasil/teams/santos/collections/10-19/2019-32dad5,unique record references,ET028_EXCLUSIVE
43662,paises/brasil/santos/2019.htm#editorial:hx001:table-149:description-table-158,paises/brasil/santos,camisas/brasil/santos/07_19,camisas/brasil/santos/01_20,item:88f3784ea1657b2bd0ee2ebf8b0a2977caaacedc0c6019e5b453d61cd776f56b,2019,2019-4f89e3,/items/brasil/teams/santos/collections/07-19/2019-4f89e3,/items/brasil/teams/santos/collections/01-20/2019-4f89e3,unique record references,ET028_EXCLUSIVE
43670,paises/brasil/santos/2021.htm#editorial:hx001:table-87:description-table-96,paises/brasil/santos,camisas/brasil/santos/11_21_2,camisas/brasil/santos/02_22,item:0447535513614291c4156e78b580f79dc71706d76cab4a8366af065d5f630da2,2021,2021-e8da3f,/items/brasil/teams/santos/collections/11-21-2/2021-e8da3f,/items/brasil/teams/santos/collections/02-22/2021-e8da3f,unique record references,ET028_EXCLUSIVE
43671,paises/brasil/santos/2021.htm#editorial:hx001:table-106:description-table-115,paises/brasil/santos,camisas/brasil/santos/11_21_2,camisas/brasil/santos/02_22,item:6032b870994cc70d3550eb67d14c255092c09ef0eb6c8ba8cc8c5a84bb56aabe,2021,2021-f993ab,/items/brasil/teams/santos/collections/11-21-2/2021-f993ab,/items/brasil/teams/santos/collections/02-22/2021-f993ab,unique record references,ET028_EXCLUSIVE
43672,paises/brasil/santos/2021.htm#editorial:hx001:table-125:description-table-134,paises/brasil/santos,camisas/brasil/santos/11_21_2,camisas/brasil/santos/02_22,item:e00b5b3bfb8511a24b9d1275be974b93dd8493571eb76322a472995dd21b01c4,2021,2021-eb3d84,/items/brasil/teams/santos/collections/11-21-2/2021-eb3d84,/items/brasil/teams/santos/collections/02-22/2021-eb3d84,unique record references,ET028_EXCLUSIVE
43716,paises/brasil/saopaulo/2013.html#editorial:hx001:table-35:description-table-44,paises/brasil/saopaulo,camisas/brasil/saopaulo/03_14_2,camisas/brasil/saopaulo/11_13,item:af20bbc3320cddbb5c92765ff52ed1c1f55a83b968f82f39ad3e0976b314afff,2013,2013-e2b402,/items/brasil/teams/saopaulo/collections/03-14-2/2013-e2b402,/items/brasil/teams/saopaulo/collections/11-13/2013-e2b402,unique record references,ET028_EXCLUSIVE
43717,paises/brasil/saopaulo/2013.html#editorial:hx001:table-56:description-table-65,paises/brasil/saopaulo,camisas/brasil/saopaulo/03_14_2,camisas/brasil/saopaulo/04_14,item:81e59595be581efccbd8776cee66443189cd9d3c6999a5c8a59a83548bcee9e2,2013,2013-9f128d,/items/brasil/teams/saopaulo/collections/03-14-2/2013-9f128d,/items/brasil/teams/saopaulo/collections/04-14/2013-9f128d,unique record references,ET028_EXCLUSIVE
43722,paises/brasil/saopaulo/2014.html#editorial:hx001:table-39:description-table-48,paises/brasil/saopaulo,camisas/brasil/saopaulo/08_14_2,camisas/brasil/saopaulo/03_15,item:7c08cdc5eb6583885ff5d117ff12a575cbc0d756057e7309df7605ad3c33c063,2014,2014-03e74a,/items/brasil/teams/saopaulo/collections/08-14-2/2014-03e74a,/items/brasil/teams/saopaulo/collections/03-15/2014-03e74a,unique record references,ET028_EXCLUSIVE
43723,paises/brasil/saopaulo/2014.html#editorial:hx001:table-62:description-table-71,paises/brasil/saopaulo,camisas/brasil/saopaulo/08_14_2,camisas/brasil/saopaulo/03_15,item:52fce75240674586d3a16a41575eb2eb7c476b68d45308a0f07ad8d9faf413f1,2014,2014-8d46e1,/items/brasil/teams/saopaulo/collections/08-14-2/2014-8d46e1,/items/brasil/teams/saopaulo/collections/03-15/2014-8d46e1,unique record references,ET028_EXCLUSIVE
43724,paises/brasil/saopaulo/2014.html#editorial:hx001:table-85:description-table-94,paises/brasil/saopaulo,camisas/brasil/saopaulo/08_14_2,camisas/brasil/saopaulo/04_15,item:04995a4173e602233cc8d8995fa823332f5263c4ac743ab0855ac5cca9be3df4,2014,2014-01221d,/items/brasil/teams/saopaulo/collections/08-14-2/2014-01221d,/items/brasil/teams/saopaulo/collections/04-15/2014-01221d,unique record references,ET028_EXCLUSIVE
43726,paises/brasil/saopaulo/2014.html#editorial:hx001:table-131:description-table-140,paises/brasil/saopaulo,camisas/brasil/saopaulo/08_14_2,camisas/brasil/saopaulo/03_15,item:cd164dab9df6e6071ea8ae6b915c370a58754bcfb4e8cdbd17f35de5063ae17b,2014,2014-bce5d7,/items/brasil/teams/saopaulo/collections/08-14-2/2014-bce5d7,/items/brasil/teams/saopaulo/collections/03-15/2014-bce5d7,unique record references,ET028_EXCLUSIVE
43727,paises/brasil/saopaulo/2014.html#editorial:hx001:table-154:description-table-163,paises/brasil/saopaulo,camisas/brasil/saopaulo/08_14_2,camisas/brasil/saopaulo/03_15,item:122c986a644d6daa15d053f1d553eb88d5a98db1d87a3ba214a915135db7b212,2014,2014-6247b3,/items/brasil/teams/saopaulo/collections/08-14-2/2014-6247b3,/items/brasil/teams/saopaulo/collections/03-15/2014-6247b3,unique record references,ET028_EXCLUSIVE
43728,paises/brasil/saopaulo/2014.html#editorial:hx001:table-177:description-table-186,paises/brasil/saopaulo,camisas/brasil/saopaulo/08_14_2,camisas/brasil/saopaulo/03_15,item:4af73533fc05037703492e2148e542f6b7d8dbd4501ab4ed0bfb7fd40f22182b,2014,2014-4a2d55,/items/brasil/teams/saopaulo/collections/08-14-2/2014-4a2d55,/items/brasil/teams/saopaulo/collections/03-15/2014-4a2d55,unique record references,ET028_EXCLUSIVE
43729,paises/brasil/saopaulo/2014.html#editorial:hx001:table-200:description-table-209,paises/brasil/saopaulo,camisas/brasil/saopaulo/08_14_2,camisas/brasil/saopaulo/03_15,item:9c0b7cf3c9ba88cd0431a8fa184f3c40ce7bead2248a93d24b947bd07883c555,2014,2014-a7b596,/items/brasil/teams/saopaulo/collections/08-14-2/2014-a7b596,/items/brasil/teams/saopaulo/collections/03-15/2014-a7b596,unique record references,ET028_EXCLUSIVE
43733,paises/brasil/saopaulo/2015.htm#editorial:hx001:table-99:description-table-106,paises/brasil/saopaulo,camisas/brasil/saopaulo/04_16,camisas/brasil/saopaulo/04_15,item:ee4ed80d9861c23e4d10b344d0299c1e4d8ec64165db2fe9160ad43e46d0032b,2015,2015-cb78b4,/items/brasil/teams/saopaulo/collections/04-16/2015-cb78b4,/items/brasil/teams/saopaulo/collections/04-15/2015-cb78b4,unique record references,ET028_EXCLUSIVE
43734,paises/brasil/saopaulo/2015.htm#editorial:hx001:table-120:description-table-129,paises/brasil/saopaulo,camisas/brasil/saopaulo/04_16,camisas/brasil/saopaulo/04_15,item:a9f3ddae8f92d75409babb0aa451336ddae525dc0be75a49c732885d7a2ca506,2015,2015-e94215,/items/brasil/teams/saopaulo/collections/04-16/2015-e94215,/items/brasil/teams/saopaulo/collections/04-15/2015-e94215,unique record references,ET028_EXCLUSIVE
43740,paises/brasil/saopaulo/2017.htm#editorial:hx001:table-74:description-table-85,paises/brasil/saopaulo,camisas/brasil/saopaulo/07_17,camisas/brasil/saopaulo/11_17,item:efaa04a5b02c450e835adf8dd0d8337395aa0d26cc51a35c86efebf974ea3495,2017,2017-60d244,/items/brasil/teams/saopaulo/collections/07-17/2017-60d244,/items/brasil/teams/saopaulo/collections/11-17/2017-60d244,unique record references,ET028_EXCLUSIVE
43741,paises/brasil/saopaulo/2017.htm#editorial:hx001:table-104:description-table-113,paises/brasil/saopaulo,camisas/brasil/saopaulo/07_17,camisas/brasil/saopaulo/01_18,item:1f8c19e91fa5fd6319df57cf13af1b792ba66af5f693cde2417dd93f37ae4cfd,2017,2017-413b37,/items/brasil/teams/saopaulo/collections/07-17/2017-413b37,/items/brasil/teams/saopaulo/collections/01-18/2017-413b37,unique record references,ET028_EXCLUSIVE
43742,paises/brasil/saopaulo/2017.htm#editorial:hx001:table-133:description-table-142,paises/brasil/saopaulo,camisas/brasil/saopaulo/07_17,camisas/brasil/saopaulo/01_18,item:3b76e2865a3e74bb13aa3833a68045e9225764380b95b175590c1f17ec2af896,2017,2017-3c78cb,/items/brasil/teams/saopaulo/collections/07-17/2017-3c78cb,/items/brasil/teams/saopaulo/collections/01-18/2017-3c78cb,unique record references,ET028_EXCLUSIVE
43743,paises/brasil/saopaulo/2017.htm#editorial:hx001:table-164:description-table-173,paises/brasil/saopaulo,camisas/brasil/saopaulo/07_17,camisas/brasil/saopaulo/01_18,item:9fbfab92747ca4573b640c28aa456d66bcc6bfd73967e99a7bcab578dfe379ea,2017,2017-6833e0,/items/brasil/teams/saopaulo/collections/07-17/2017-6833e0,/items/brasil/teams/saopaulo/collections/01-18/2017-6833e0,unique record references,ET028_EXCLUSIVE
43745,paises/brasil/saopaulo/2018.htm#editorial:hx001:table-48:description-table-57,paises/brasil/saopaulo,camisas/brasil/saopaulo/06_18,camisas/brasil/saopaulo/11_18,item:d6f13dfd8d0dff377a47c65eec315bdf9e577a1ec65ac8a2b9014e85ff7c6ea3,2018,2018-fdf96c,/items/brasil/teams/saopaulo/collections/06-18/2018-fdf96c,/items/brasil/teams/saopaulo/collections/11-18/2018-fdf96c,unique record references,ET028_EXCLUSIVE
43746,paises/brasil/saopaulo/2018.htm#editorial:hx001:table-76:description-table-85,paises/brasil/saopaulo,camisas/brasil/saopaulo/06_18,camisas/brasil/saopaulo/11_18,item:8877bc47a12da392ebdb0adaab3be61c18ce2fda6c698d767ab302c01f2076ca,2018,2018-f3950d,/items/brasil/teams/saopaulo/collections/06-18/2018-f3950d,/items/brasil/teams/saopaulo/collections/11-18/2018-f3950d,unique record references,ET028_EXCLUSIVE
43747,paises/brasil/saopaulo/2018.htm#editorial:hx001:table-105:description-table-114,paises/brasil/saopaulo,camisas/brasil/saopaulo/06_18,camisas/brasil/saopaulo/11_18,item:f35d856d2f57e6710dbfcdc9242b9e6b7c93f4e6c2b97ba385a0e69774dabe06,2018,2018-c556f8,/items/brasil/teams/saopaulo/collections/06-18/2018-c556f8,/items/brasil/teams/saopaulo/collections/11-18/2018-c556f8,unique record references,ET028_EXCLUSIVE
43748,paises/brasil/saopaulo/2018.htm#editorial:hx001:table-134:description-table-143,paises/brasil/saopaulo,camisas/brasil/saopaulo/06_18,camisas/brasil/saopaulo/11_18,item:888b872e15ade1e120726d5bdb2489304c6e2c641debbc27df032361db4edad6,2018,2018-45d5a0,/items/brasil/teams/saopaulo/collections/06-18/2018-45d5a0,/items/brasil/teams/saopaulo/collections/11-18/2018-45d5a0,unique record references,ET028_EXCLUSIVE
43755,paises/brasil/saopaulo/2021.htm#editorial:hx001:table-57:description-table-66,paises/brasil/saopaulo,camisas/brasil/saopaulo/11_21,camisas/brasil/saopaulo/07_22,item:3250f9da090139adfa29994daf8a122a21475aa699ef2961fe997cd118fd8c6b,2021,2021-45150f,/items/brasil/teams/saopaulo/collections/11-21/2021-45150f,/items/brasil/teams/saopaulo/collections/07-22/2021-45150f,unique record references,ET028_EXCLUSIVE
43758,paises/brasil/saopaulo/2024.htm#editorial:hx001:table-90:description-table-99,paises/brasil/saopaulo,camisas/brasil/saopaulo/09_24,camisas/brasil/saopaulo/03_25,item:cc5925ea6ad553fbcf3aa7bb21855d285003fde6d9c1cf39e2968dc635536db6,2024,2024-120d7b,/items/brasil/teams/saopaulo/collections/09-24/2024-120d7b,/items/brasil/teams/saopaulo/collections/03-25/2024-120d7b,unique record references,ET028_EXCLUSIVE
43759,paises/brasil/saopaulo/2024.htm#editorial:hx001:table-123:description-table-132,paises/brasil/saopaulo,camisas/brasil/saopaulo/09_24,camisas/brasil/saopaulo/03_25,item:a79ed29f2eb7b1f44c5a1647469d91d184ca6806b1b6049c40206acf0eaaffdf,2024,2024-065afa,/items/brasil/teams/saopaulo/collections/09-24/2024-065afa,/items/brasil/teams/saopaulo/collections/03-25/2024-065afa,unique record references,ET028_EXCLUSIVE
43884,paises/brasil/sport/2017.htm#editorial:hx001:table-34:description-table-43,paises/brasil/sport,camisas/brasil/sport/07_17,camisas/brasil/sport/11_17,item:d5581f198ba9b0a3652e7188efe0180163fe7fefdbb41e3a2adc72f464c7c30e,2017,2017-e5f3db,/items/brasil/teams/sport/collections/07-17/2017-e5f3db,/items/brasil/teams/sport/collections/11-17/2017-e5f3db,unique record references,ET028_EXCLUSIVE
43938,paises/brasil/xvpira/2012.htm#editorial:hx001:table-61:description-table-68,paises/brasil/xvpira,camisas/brasil/xvpira/07_17,camisas/brasil/xvpira/08_22,item:6b25d5455155c8f5e6b43c93fb76aeb885f933c2bba4a0c7a28718dd831614f9,2012,2012-eecdaa,/items/brasil/teams/xvpira/collections/07-17/2012-eecdaa,/items/brasil/teams/xvpira/collections/08-22/2012-eecdaa,unique record references,ET028_EXCLUSIVE
43939,paises/brasil/xvpira/2012.htm#editorial:hx001:table-82:description-table-89,paises/brasil/xvpira,camisas/brasil/xvpira/07_17,camisas/brasil/xvpira/09_22,item:3d856033d74aa007adab80ff6c1cbbcf8506fba1d6eb1972c14d0d6c4d79c63b,2012,2012-04b9b4,/items/brasil/teams/xvpira/collections/07-17/2012-04b9b4,/items/brasil/teams/xvpira/collections/09-22/2012-04b9b4,unique record references,ET028_EXCLUSIVE
43948,paises/brasil/xvpira/2015.htm#editorial:hx001:table-38:description-table-47,paises/brasil/xvpira,camisas/brasil/xvpira/07_17,camisas/brasil/xvpira/08_22,item:70f3ab83a783ce064ed8ba4323a2c57ddb188c75d41aa22d4594498606e892d7,2015,2015-25b411,/items/brasil/teams/xvpira/collections/07-17/2015-25b411,/items/brasil/teams/xvpira/collections/08-22/2015-25b411,unique record references,ET028_EXCLUSIVE
43950,paises/brasil/xvpira/2015.htm#editorial:hx001:table-84:description-table-93,paises/brasil/xvpira,camisas/brasil/xvpira/07_17,camisas/brasil/xvpira/08_22,item:fb7a0d18ff1820039a9408a9d53602de24690d4f7bc519200ea98d834ed03f75,2015,2015-f30d6d,/items/brasil/teams/xvpira/collections/07-17/2015-f30d6d,/items/brasil/teams/xvpira/collections/08-22/2015-f30d6d,unique record references,ET028_EXCLUSIVE
43951,paises/brasil/xvpira/2015.htm#editorial:hx001:table-107:description-table-116,paises/brasil/xvpira,camisas/brasil/xvpira/07_17,camisas/brasil/xvpira/08_22,item:dac003ba344171ab3c9f580b2b86e2d127265d5a7069a68142acc9bec9d68526,2015,2015-2f2642,/items/brasil/teams/xvpira/collections/07-17/2015-2f2642,/items/brasil/teams/xvpira/collections/08-22/2015-2f2642,unique record references,ET028_EXCLUSIVE
44018,paises/italia/bologna/6364.htm#editorial:hx001:table-34:description-table-43,paises/italia/bologna,camisas/italia/bologna/03_20,camisas/italia/bologna/04_20,item:eab2bf5bedc7c7d168c26fb45b21a863d4cac881c1639979dce459fa9d5d3cfe,1963-1964,1963-1964-ac60b2,/items/italia/teams/bologna/collections/03-20/1963-1964-ac60b2,/items/italia/teams/bologna/collections/04-20/1963-1964-ac60b2,unique record references,ET028_EXCLUSIVE
44129,paises/italia/cagliari/1213.htm#editorial:hx001:table-87:description-table-96,paises/italia/cagliari,camisas/italia/cagliari/11_13,camisas/italia/cagliari/01_14,item:a69eae7d0b6e0b79f26fc2b36b3da44914ef134c8ce0094cd9e3a272242ad97b,2012-2013,2012-2013-3cab71,/items/italia/teams/cagliari/collections/11-13/2012-2013-3cab71,/items/italia/teams/cagliari/collections/01-14/2012-2013-3cab71,unique record references,ET028_EXCLUSIVE
44152,paises/italia/cagliari/1314.htm#editorial:hx001:table-163:description-table-170,paises/italia/cagliari,camisas/italia/cagliari/03_14_2,camisas/italia/cagliari/07_17,item:56ef712af5b09c361f759410d4e8bca439e89b752f6acf0db31e7047a8dfca16,2013-2014,2013-2014-194cc9,/items/italia/teams/cagliari/collections/03-14-2/2013-2014-194cc9,/items/italia/teams/cagliari/collections/07-17/2013-2014-194cc9,unique record references,ET028_EXCLUSIVE
44156,paises/italia/cagliari/1415.htm#editorial:hx001:table-30:description-table-39,paises/italia/cagliari,camisas/italia/cagliari/02_17,camisas/italia/cagliari/07_17,item:456bee6ad89ee379530f81bc20afb8f25588de0f34ea2e6d5b222c1d85640529,2014-2015,2014-2015-0599b2,/items/italia/teams/cagliari/collections/02-17/2014-2015-0599b2,/items/italia/teams/cagliari/collections/07-17/2014-2015-0599b2,unique record references,ET028_EXCLUSIVE
44157,paises/italia/cagliari/1415.htm#editorial:hx001:table-53:description-table-62,paises/italia/cagliari,camisas/italia/cagliari/02_17,camisas/italia/cagliari/07_17,item:c82b3ad1a00344b86fef3bb5ed4a950debc12db1dff95abf41817c9e565ec172,2014-2015,2014-2015-653029,/items/italia/teams/cagliari/collections/02-17/2014-2015-653029,/items/italia/teams/cagliari/collections/07-17/2014-2015-653029,unique record references,ET028_EXCLUSIVE
44158,paises/italia/cagliari/1415.htm#editorial:hx001:table-76:description-table-85,paises/italia/cagliari,camisas/italia/cagliari/02_17,camisas/italia/cagliari/07_17,item:6d9256bca26cabf21fe14e70f05db170788a9ce28ae69fada214ca4e347701ba,2014-2015,2014-2015-7ea559,/items/italia/teams/cagliari/collections/02-17/2014-2015-7ea559,/items/italia/teams/cagliari/collections/07-17/2014-2015-7ea559,unique record references,ET028_EXCLUSIVE
44159,paises/italia/cagliari/1415.htm#editorial:hx001:table-99:description-table-108,paises/italia/cagliari,camisas/italia/cagliari/02_17,camisas/italia/cagliari/07_17,item:5be9e070e352cd530b36da01fa513d1c7de217964638d139c8d44b73962e197c,2014-2015,2014-2015-900e9d,/items/italia/teams/cagliari/collections/02-17/2014-2015-900e9d,/items/italia/teams/cagliari/collections/07-17/2014-2015-900e9d,unique record references,ET028_EXCLUSIVE
44160,paises/italia/cagliari/1415.htm#editorial:hx001:table-122:description-table-131,paises/italia/cagliari,camisas/italia/cagliari/02_17,camisas/italia/cagliari/07_17,item:c10f09f3a5d4b8df426cea3a3eb710c1284fe61ec24d15261e8222a15693a13b,2014-2015,2014-2015-d037aa,/items/italia/teams/cagliari/collections/02-17/2014-2015-d037aa,/items/italia/teams/cagliari/collections/07-17/2014-2015-d037aa,unique record references,ET028_EXCLUSIVE
44161,paises/italia/cagliari/1415.htm#editorial:hx001:table-146:description-table-155,paises/italia/cagliari,camisas/italia/cagliari/02_17,camisas/italia/cagliari/07_17,item:8ab94fcb294aff933bb75bc3f0ead9ceec8affff5976c2a27ecbdafb767b56a7,2014-2015,2014-2015-39583b,/items/italia/teams/cagliari/collections/02-17/2014-2015-39583b,/items/italia/teams/cagliari/collections/07-17/2014-2015-39583b,unique record references,ET028_EXCLUSIVE
44163,paises/italia/cagliari/1415.htm#editorial:hx001:table-189:description-table-198,paises/italia/cagliari,camisas/italia/cagliari/02_17,camisas/italia/cagliari/07_17,item:35878238631e8da5c18611a2d101c8067a7a6d01479c7d07f8ae0acdf9e42a91,2014-2015,2014-2015-a7e52d,/items/italia/teams/cagliari/collections/02-17/2014-2015-a7e52d,/items/italia/teams/cagliari/collections/07-17/2014-2015-a7e52d,unique record references,ET028_EXCLUSIVE
44164,paises/italia/cagliari/1415.htm#editorial:hx001:table-212:description-table-221,paises/italia/cagliari,camisas/italia/cagliari/02_17,camisas/italia/cagliari/07_17,item:5a0dcc87d6a11f0f2220b41e89470a1febf24328e2337fe28f1405831f610314,2014-2015,2014-2015-b87563,/items/italia/teams/cagliari/collections/02-17/2014-2015-b87563,/items/italia/teams/cagliari/collections/07-17/2014-2015-b87563,unique record references,ET028_EXCLUSIVE
44165,paises/italia/cagliari/1415.htm#editorial:hx001:table-239:description-table-248,paises/italia/cagliari,camisas/italia/cagliari/02_17,camisas/italia/cagliari/07_17,item:d881ed69a00ba2941adb4db02d8837849360a0925a7920f9bd9b66058a5dbbc3,2014-2015,2014-2015-b11d1b,/items/italia/teams/cagliari/collections/02-17/2014-2015-b11d1b,/items/italia/teams/cagliari/collections/07-17/2014-2015-b11d1b,unique record references,ET028_EXCLUSIVE
44166,paises/italia/cagliari/1415.htm#editorial:hx001:table-266:description-table-275,paises/italia/cagliari,camisas/italia/cagliari/02_17,camisas/italia/cagliari/07_17,item:a3d52727cd9fd972dcbdc9f4d503845adffbf48bea1ad5e9edb692565eff9edb,2014-2015,2014-2015-9561aa,/items/italia/teams/cagliari/collections/02-17/2014-2015-9561aa,/items/italia/teams/cagliari/collections/07-17/2014-2015-9561aa,unique record references,ET028_EXCLUSIVE
44167,paises/italia/cagliari/1415.htm#editorial:hx001:table-289:description-table-298,paises/italia/cagliari,camisas/italia/cagliari/02_17,camisas/italia/cagliari/07_17,item:561435f4ce6298b9fc8f98f3ca2bee3336367c6e5e2190f772acb7d8d23383bb,2014-2015,2014-2015-ebd9a1,/items/italia/teams/cagliari/collections/02-17/2014-2015-ebd9a1,/items/italia/teams/cagliari/collections/07-17/2014-2015-ebd9a1,unique record references,ET028_EXCLUSIVE
44168,paises/italia/cagliari/1415.htm#editorial:hx001:table-312:description-table-321,paises/italia/cagliari,camisas/italia/cagliari/02_17,camisas/italia/cagliari/07_17,item:2fa4ada1c376fd91bb02b5917fc6946cfd3beb2b925f8e7d18f58a4c51bec2ce,2014-2015,2014-2015-a56135,/items/italia/teams/cagliari/collections/02-17/2014-2015-a56135,/items/italia/teams/cagliari/collections/07-17/2014-2015-a56135,unique record references,ET028_EXCLUSIVE
44169,paises/italia/cagliari/1415.htm#editorial:hx001:table-335:description-table-344,paises/italia/cagliari,camisas/italia/cagliari/02_17,camisas/italia/cagliari/07_17,item:9fef661dba84ebea060469cb082606a882e994d360263dbe65d5469eeab6b466,2014-2015,2014-2015-eff04f,/items/italia/teams/cagliari/collections/02-17/2014-2015-eff04f,/items/italia/teams/cagliari/collections/07-17/2014-2015-eff04f,unique record references,ET028_EXCLUSIVE
44170,paises/italia/cagliari/1415.htm#editorial:hx001:table-358:description-table-365,paises/italia/cagliari,camisas/italia/cagliari/02_17,camisas/italia/cagliari/07_17,item:b097cd682c267546479670e3d30e0c7a69cff95141bc494c380c101ad67110df,2014-2015,2014-2015-36b6fb,/items/italia/teams/cagliari/collections/02-17/2014-2015-36b6fb,/items/italia/teams/cagliari/collections/07-17/2014-2015-36b6fb,unique record references,ET028_EXCLUSIVE
44173,paises/italia/cagliari/1516.htm#editorial:hx001:table-51:description-table-58,paises/italia/cagliari,camisas/italia/cagliari/02_17,camisas/italia/cagliari/07_17,item:47950d871130d371d0236aa3088b35e1c6385038b5d123098b79f6ef4763eb6e,2015-2016,2015-2016-661bf2,/items/italia/teams/cagliari/collections/02-17/2015-2016-661bf2,/items/italia/teams/cagliari/collections/07-17/2015-2016-661bf2,unique record references,ET028_EXCLUSIVE
44178,paises/italia/cagliari/1617.htm#editorial:hx001:table-68:description-table-77,paises/italia/cagliari,camisas/italia/cagliari/02_17,camisas/italia/cagliari/07_17,item:437ebf8752cc4453f9b2244ff839298a6868ffd42dd0465c3925835ce673b288,2016-2017,2016-2017-cd200f,/items/italia/teams/cagliari/collections/02-17/2016-2017-cd200f,/items/italia/teams/cagliari/collections/07-17/2016-2017-cd200f,unique record references,ET028_EXCLUSIVE
44186,paises/italia/cagliari/1617.htm#editorial:hx001:table-230:description-table-239,paises/italia/cagliari,camisas/italia/cagliari/02_17,camisas/italia/cagliari/07_17,item:e4881dbb4e10a4c153934fada5eca04296edcb2f34cf3132d59731325cf07157,2016-2017,2016-2017-92e52c,/items/italia/teams/cagliari/collections/02-17/2016-2017-92e52c,/items/italia/teams/cagliari/collections/07-17/2016-2017-92e52c,unique record references,ET028_EXCLUSIVE
44225,paises/italia/cagliari/1819.htm#editorial:hx001:table-451:description-table-460,paises/italia/cagliari,camisas/italia/cagliari/10_19,camisas/italia/cagliari/09_24_2,item:983e20d7218f2d4358a2acdab51d898f865d7ef30f8601afac7cffcf619ee105,2018-2019,2018-2019-5d4b59,/items/italia/teams/cagliari/collections/10-19/2018-2019-5d4b59,/items/italia/teams/cagliari/collections/09-24-2/2018-2019-5d4b59,unique record references,ET028_EXCLUSIVE
44247,paises/italia/cagliari/2021.htm#editorial:hx001:table-74:description-table-83,paises/italia/cagliari,camisas/italia/cagliari/07_22,camisas/italia/cagliari/03_23,item:364f8fcc099c420af9a14ec3f2d18215a07d501179f9d1dd389954e338dc42e2,2020-2021,2020-2021-2d7d25,/items/italia/teams/cagliari/collections/07-22/2020-2021-2d7d25,/items/italia/teams/cagliari/collections/03-23/2020-2021-2d7d25,unique record references,ET028_EXCLUSIVE
44268,paises/italia/cagliari/2324.htm#editorial:hx001:table-32:description-table-39,paises/italia/cagliari,camisas/italia/cagliari/05_24,camisas/italia/cagliari/09_24,item:7de4446f72e5f555896c0419dc108e3a9a2f73b907333c5884c2621e249130e0,2023-2024,2023-2024-4c11d4,/items/italia/teams/cagliari/collections/05-24/2023-2024-4c11d4,/items/italia/teams/cagliari/collections/09-24/2023-2024-4c11d4,unique record references,ET028_EXCLUSIVE
44269,paises/italia/cagliari/2324.htm#editorial:hx001:table-50:description-table-57,paises/italia/cagliari,camisas/italia/cagliari/05_24,camisas/italia/cagliari/09_24,item:fb48451c68e3a03e0b2c169bc00ea7e09b873a3fb7c06d64e6e66548831c5225,2023-2024,2023-2024-25a6f9,/items/italia/teams/cagliari/collections/05-24/2023-2024-25a6f9,/items/italia/teams/cagliari/collections/09-24/2023-2024-25a6f9,unique record references,ET028_EXCLUSIVE
44270,paises/italia/cagliari/2324.htm#editorial:hx001:table-69:description-table-78,paises/italia/cagliari,camisas/italia/cagliari/05_24,camisas/italia/cagliari/09_24,item:f630f556b42014bf1d766e3fe3122815234143194fefd86542bddeb14306c3f2,2023-2024,2023-2024-83b892,/items/italia/teams/cagliari/collections/05-24/2023-2024-83b892,/items/italia/teams/cagliari/collections/09-24/2023-2024-83b892,unique record references,ET028_EXCLUSIVE
44274,paises/italia/cagliari/2425.htm#editorial:hx001:table-30:description-table-39,paises/italia/cagliari,camisas/italia/cagliari/02_25,camisas/italia/cagliari/07_25,item:0c8b6130d27801da547d81385d2ebf8db55d28f110110e9800c176f4c7117c04,2024-2025,2024-2025-518e01,/items/italia/teams/cagliari/collections/02-25/2024-2025-518e01,/items/italia/teams/cagliari/collections/07-25/2024-2025-518e01,unique record references,ET028_EXCLUSIVE
44275,paises/italia/cagliari/2425.htm#editorial:hx001:table-49:description-table-58,paises/italia/cagliari,camisas/italia/cagliari/02_25,camisas/italia/cagliari/07_25,item:766c0a61f45bd69dce1928593d981780f9a4c032583a69dec3ef4e186257ad97,2024-2025,2024-2025-b72a7d,/items/italia/teams/cagliari/collections/02-25/2024-2025-b72a7d,/items/italia/teams/cagliari/collections/07-25/2024-2025-b72a7d,unique record references,ET028_EXCLUSIVE
44276,paises/italia/cagliari/2425.htm#editorial:hx001:table-68:description-table-77,paises/italia/cagliari,camisas/italia/cagliari/02_25,camisas/italia/cagliari/07_25,item:c656f8c97a67eb7d50868e59773b852642cf0e9babf3754249ece7fe6b618b6a,2024-2025,2024-2025-c235b4,/items/italia/teams/cagliari/collections/02-25/2024-2025-c235b4,/items/italia/teams/cagliari/collections/07-25/2024-2025-c235b4,unique record references,ET028_EXCLUSIVE
44277,paises/italia/cagliari/2425.htm#editorial:hx001:table-87:description-table-96,paises/italia/cagliari,camisas/italia/cagliari/02_25,camisas/italia/cagliari/07_25,item:f9d10139f6a6e437af3b1f09fac7b04bf658a9d7f65dc780a75f4f91a5baa341,2024-2025,2024-2025-37669f,/items/italia/teams/cagliari/collections/02-25/2024-2025-37669f,/items/italia/teams/cagliari/collections/07-25/2024-2025-37669f,unique record references,ET028_EXCLUSIVE
44278,paises/italia/cagliari/2425.htm#editorial:hx001:table-106:description-table-115,paises/italia/cagliari,camisas/italia/cagliari/02_25,camisas/italia/cagliari/07_25,item:eb543517b12ed5f7f53169156e002929602d5e93f4b7f220fe314febbe133bb4,2024-2025,2024-2025-9844bf,/items/italia/teams/cagliari/collections/02-25/2024-2025-9844bf,/items/italia/teams/cagliari/collections/07-25/2024-2025-9844bf,unique record references,ET028_EXCLUSIVE
44279,paises/italia/cagliari/2425.htm#editorial:hx001:table-125:description-table-134,paises/italia/cagliari,camisas/italia/cagliari/02_25,camisas/italia/cagliari/07_25,item:98991c2cdaa11656ec3f1966e05bea6fadbc12a030258842bcde36a0eb346f50,2024-2025,2024-2025-df7e90,/items/italia/teams/cagliari/collections/02-25/2024-2025-df7e90,/items/italia/teams/cagliari/collections/07-25/2024-2025-df7e90,unique record references,ET028_EXCLUSIVE
44280,paises/italia/cagliari/2425.htm#editorial:hx001:table-144:description-table-153,paises/italia/cagliari,camisas/italia/cagliari/02_25,camisas/italia/cagliari/07_25,item:b8eb9934d329455ba73da96d7b7ade3977f83854a511417a83219c31f1709c2f,2024-2025,2024-2025-3e92f1,/items/italia/teams/cagliari/collections/02-25/2024-2025-3e92f1,/items/italia/teams/cagliari/collections/07-25/2024-2025-3e92f1,unique record references,ET028_EXCLUSIVE
44296,paises/italia/cagliari/7273.htm#editorial:hx001:table-28:description-table-37,paises/italia/cagliari,camisas/italia/cagliari/08_18_2,camisas/italia/cagliari/03_17,item:28f633b89846408c4d32c1bface8dee0e8e85696a113fb6dd04d1c60795a5e2c,1972-1973,1972-1973-390800,/items/italia/teams/cagliari/collections/08-18-2/1972-1973-390800,/items/italia/teams/cagliari/collections/03-17/1972-1973-390800,unique record references,ET028_EXCLUSIVE
44298,paises/italia/cagliari/7374.htm#editorial:hx001:table-30:description-table-39,paises/italia/cagliari,camisas/italia/cagliari/08_17_2,camisas/italia/cagliari/06_23,item:8b6a88f5741c5a2b182f3359689ea563eeb3dd7e6ffdadc5dbccf13baf0e7dd2,1973-1974,1973-1974-572267,/items/italia/teams/cagliari/collections/08-17-2/1973-1974-572267,/items/italia/teams/cagliari/collections/06-23/1973-1974-572267,unique record references,ET028_EXCLUSIVE
44299,paises/italia/cagliari/7374.htm#editorial:hx001:table-49:description-table-58,paises/italia/cagliari,camisas/italia/cagliari/08_17_2,camisas/italia/cagliari/03_17,item:53dcd18b00dc3afaa3cc5efe1969f5a0df6d50c4452e013aba1ba915f8f312bd,1973-1974,1973-1974-85f769,/items/italia/teams/cagliari/collections/08-17-2/1973-1974-85f769,/items/italia/teams/cagliari/collections/03-17/1973-1974-85f769,unique record references,ET028_EXCLUSIVE
44304,paises/italia/cagliari/7475.htm#editorial:hx001:table-68:description-table-77,paises/italia/cagliari,camisas/italia/cagliari/06_14,camisas/italia/cagliari/03_17,item:a5e1bda1e92818e051a41ed925cefc2ce4599264941fb4e36a8e1368f41367a2,1974-1975,1974-1975-32fa7c,/items/italia/teams/cagliari/collections/06-14/1974-1975-32fa7c,/items/italia/teams/cagliari/collections/03-17/1974-1975-32fa7c,unique record references,ET028_EXCLUSIVE
44306,paises/italia/cagliari/7475.htm#editorial:hx001:table-106:description-table-113,paises/italia/cagliari,camisas/italia/cagliari/06_14,camisas/italia/cagliari/08_22,item:816ee720a5df634853a6fb387679da6de04bce7643755865bbcba882b0052ce9,1974-1975,1974-1975-84837f,/items/italia/teams/cagliari/collections/06-14/1974-1975-84837f,/items/italia/teams/cagliari/collections/08-22/1974-1975-84837f,unique record references,ET028_EXCLUSIVE
44358,paises/italia/cagliari/9495.htm#editorial:hx001:table-82:description-table-89,paises/italia/cagliari,camisas/italia/cagliari/10_13,camisas/italia/cagliari/09_24,item:79e563e12283a93b77f449adfddc30d4fabcec37b30370323b7879d2d1385b7b,1994-1995,1994-1995-51f074,/items/italia/teams/cagliari/collections/10-13/1994-1995-51f074,/items/italia/teams/cagliari/collections/09-24/1994-1995-51f074,unique record references,ET028_EXCLUSIVE
44378,paises/italia/chievo/1213.htm#editorial:hx001:table-34:description-table-43,paises/italia/chievo,camisas/italia/chievo/01_14,camisas/italia/chievo/03_14,item:173c191eac73a535585a31c327810489e84513fba7ad5cddea35e82c745b5e8b,2012-2013,2012-2013-f71de1,/items/italia/teams/chievo/collections/01-14/2012-2013-f71de1,/items/italia/teams/chievo/collections/03-14/2012-2013-f71de1,unique record references,ET028_EXCLUSIVE
44380,paises/italia/chievo/1314.htm#editorial:hx001:table-34:description-table-43,paises/italia/chievo,camisas/italia/chievo/01_14,camisas/italia/chievo/03_14,item:ca0b638cbf37597b6227d4c59ab8eace9d2ec0e22f871aeb4892141bb04d5a6f,2013-2014,2013-2014-11b4cf,/items/italia/teams/chievo/collections/01-14/2013-2014-11b4cf,/items/italia/teams/chievo/collections/03-14/2013-2014-11b4cf,unique record references,ET028_EXCLUSIVE
44381,paises/italia/chievo/1314.htm#editorial:hx001:table-57:description-table-66,paises/italia/chievo,camisas/italia/chievo/01_14,camisas/italia/chievo/06_14,item:6c3ee4cfcc29f88b69ab5586e249d1168ca30ad0843131bc8df785def2c1c82b,2013-2014,2013-2014-34a366,/items/italia/teams/chievo/collections/01-14/2013-2014-34a366,/items/italia/teams/chievo/collections/06-14/2013-2014-34a366,unique record references,ET028_EXCLUSIVE
44382,paises/italia/chievo/1314.htm#editorial:hx001:table-80:description-table-89,paises/italia/chievo,camisas/italia/chievo/01_14,camisas/italia/chievo/06_14,item:6b159f7d6c9e31e36b2df84fd2b8741b3ed8a17e1bcf899cf84aa629a24e5751,2013-2014,2013-2014-c1c218,/items/italia/teams/chievo/collections/01-14/2013-2014-c1c218,/items/italia/teams/chievo/collections/06-14/2013-2014-c1c218,unique record references,ET028_EXCLUSIVE
44383,paises/italia/chievo/1314.htm#editorial:hx001:table-103:description-table-112,paises/italia/chievo,camisas/italia/chievo/01_14,camisas/italia/chievo/06_14,item:c15f04a78c807cd10327600fb99965e2bd61d36359d32a752530e8e0c27b5837,2013-2014,2013-2014-0b018a,/items/italia/teams/chievo/collections/01-14/2013-2014-0b018a,/items/italia/teams/chievo/collections/06-14/2013-2014-0b018a,unique record references,ET028_EXCLUSIVE
44384,paises/italia/chievo/1314.htm#editorial:hx001:table-126:description-table-135,paises/italia/chievo,camisas/italia/chievo/01_14,camisas/italia/chievo/06_14,item:3a5b58a1758d2f28a43b647824714d7914b15599e4f023d4dc670a3f45cb2303,2013-2014,2013-2014-b008b3,/items/italia/teams/chievo/collections/01-14/2013-2014-b008b3,/items/italia/teams/chievo/collections/06-14/2013-2014-b008b3,unique record references,ET028_EXCLUSIVE
44385,paises/italia/chievo/1314.htm#editorial:hx001:table-149:description-table-158,paises/italia/chievo,camisas/italia/chievo/01_14,camisas/italia/chievo/06_14_2,item:67b3455b28aa0e3a096abfb46c4045c278b0c0d1dd9dd993f31b2b2945e649b8,2013-2014,2013-2014-8e7b0c,/items/italia/teams/chievo/collections/01-14/2013-2014-8e7b0c,/items/italia/teams/chievo/collections/06-14-2/2013-2014-8e7b0c,unique record references,ET028_EXCLUSIVE
44386,paises/italia/chievo/1314.htm#editorial:hx001:table-172:description-table-181,paises/italia/chievo,camisas/italia/chievo/01_14,camisas/italia/chievo/06_14,item:0784faa04c0874d0d1b702867d51d5b3786254c0b8b2a2fe311f1c487599fcce,2013-2014,2013-2014-848941,/items/italia/teams/chievo/collections/01-14/2013-2014-848941,/items/italia/teams/chievo/collections/06-14/2013-2014-848941,unique record references,ET028_EXCLUSIVE
44396,paises/italia/chievo/1617.htm#editorial:hx001:table-34:description-table-43,paises/italia/chievo,camisas/italia/chievo/07_17,camisas/italia/chievo/08_17,item:f5534ceb8efe053ad8a0b9e3b548a3dcb66cd43e81c4336caf290e459287b7b1,2016-2017,2016-2017-dd794f,/items/italia/teams/chievo/collections/07-17/2016-2017-dd794f,/items/italia/teams/chievo/collections/08-17/2016-2017-dd794f,unique record references,ET028_EXCLUSIVE
44398,paises/italia/chievo/1617.htm#editorial:hx001:table-80:description-table-89,paises/italia/chievo,camisas/italia/chievo/07_17,camisas/italia/chievo/08_17,item:d5086a6f9cfd1dc26384acb17479609d4871341deb7aaa071c59bea0dd0db610,2016-2017,2016-2017-414a5c,/items/italia/teams/chievo/collections/07-17/2016-2017-414a5c,/items/italia/teams/chievo/collections/08-17/2016-2017-414a5c,unique record references,ET028_EXCLUSIVE
44400,paises/italia/chievo/1718.htm#editorial:hx001:table-34:description-table-43,paises/italia/chievo,camisas/italia/chievo/11_17,camisas/italia/chievo/06_18_2,item:c3aebf73390aefba131a6d53ad1ca84e069500ebcd9fc234bb5591223b9692da,2017-2018,2017-2018-be9484,/items/italia/teams/chievo/collections/11-17/2017-2018-be9484,/items/italia/teams/chievo/collections/06-18-2/2017-2018-be9484,unique record references,ET028_EXCLUSIVE
44401,paises/italia/chievo/1718.htm#editorial:hx001:table-57:description-table-66,paises/italia/chievo,camisas/italia/chievo/11_17,camisas/italia/chievo/06_18_2,item:7a48994c2ffc9dcd66c9c0b79503bb05d36e13c3ce692b6205e69d1530e23252,2017-2018,2017-2018-6d8c43,/items/italia/teams/chievo/collections/11-17/2017-2018-6d8c43,/items/italia/teams/chievo/collections/06-18-2/2017-2018-6d8c43,unique record references,ET028_EXCLUSIVE
44402,paises/italia/chievo/1718.htm#editorial:hx001:table-80:description-table-89,paises/italia/chievo,camisas/italia/chievo/11_17,camisas/italia/chievo/06_18_2,item:3ed903030d88885b8e5a38b408409d18bf5f4f8f1b9075a47e5c6c52cff6a1ed,2017-2018,2017-2018-e2e415,/items/italia/teams/chievo/collections/11-17/2017-2018-e2e415,/items/italia/teams/chievo/collections/06-18-2/2017-2018-e2e415,unique record references,ET028_EXCLUSIVE
44403,paises/italia/chievo/1718.htm#editorial:hx001:table-103:description-table-112,paises/italia/chievo,camisas/italia/chievo/11_17,camisas/italia/chievo/06_18_2,item:294f411201314c3b70d46aa1d876dd2cf4a07f6c0f7e2b2faf4f1455809e63bf,2017-2018,2017-2018-8b8ff6,/items/italia/teams/chievo/collections/11-17/2017-2018-8b8ff6,/items/italia/teams/chievo/collections/06-18-2/2017-2018-8b8ff6,unique record references,ET028_EXCLUSIVE
44405,paises/italia/chievo/1718.htm#editorial:hx001:table-149:description-table-158,paises/italia/chievo,camisas/italia/chievo/11_17,camisas/italia/chievo/06_18,item:f8b06e1c9b27ba906fc5a49921b8202f176c3bab095a3e44a12466574eb66921,2017-2018,2017-2018-ffddc6,/items/italia/teams/chievo/collections/11-17/2017-2018-ffddc6,/items/italia/teams/chievo/collections/06-18/2017-2018-ffddc6,unique record references,ET028_EXCLUSIVE
44406,paises/italia/chievo/1718.htm#editorial:hx001:table-172:description-table-181,paises/italia/chievo,camisas/italia/chievo/11_17,camisas/italia/chievo/06_18_2,item:a49772253c4f7956f18bbe3391fff059693e65ba1e62c76951232fd34b3271c3,2017-2018,2017-2018-bec66c,/items/italia/teams/chievo/collections/11-17/2017-2018-bec66c,/items/italia/teams/chievo/collections/06-18-2/2017-2018-bec66c,unique record references,ET028_EXCLUSIVE
44407,paises/italia/chievo/1718.htm#editorial:hx001:table-195:description-table-204,paises/italia/chievo,camisas/italia/chievo/11_17,camisas/italia/chievo/09_18,item:e40a308c670b5f3f386392089d468997bfc749f8f7518dbcdef6e3a0381082f1,2017-2018,2017-2018-6785a3,/items/italia/teams/chievo/collections/11-17/2017-2018-6785a3,/items/italia/teams/chievo/collections/09-18/2017-2018-6785a3,unique record references,ET028_EXCLUSIVE
44409,paises/italia/chievo/1819.htm#editorial:hx001:table-34:description-table-43,paises/italia/chievo,camisas/italia/chievo/03_19,camisas/italia/chievo/03_19_2,item:cd6412de8a4407e4abc3f8156e44d0b678638ca1183cd83cf06c0e37fc83ea17,2018-2019,2018-2019-29dea6,/items/italia/teams/chievo/collections/03-19/2018-2019-29dea6,/items/italia/teams/chievo/collections/03-19-2/2018-2019-29dea6,unique record references,ET028_EXCLUSIVE
44410,paises/italia/chievo/1819.htm#editorial:hx001:table-57:description-table-66,paises/italia/chievo,camisas/italia/chievo/03_19,camisas/italia/chievo/03_19_2,item:64fa9f5a42f9a0b7bbc76bb1205643fb2ad254a51efd227f14119038247d53a9,2018-2019,2018-2019-8ce4c9,/items/italia/teams/chievo/collections/03-19/2018-2019-8ce4c9,/items/italia/teams/chievo/collections/03-19-2/2018-2019-8ce4c9,unique record references,ET028_EXCLUSIVE
44411,paises/italia/chievo/1819.htm#editorial:hx001:table-80:description-table-89,paises/italia/chievo,camisas/italia/chievo/03_19,camisas/italia/chievo/10_19,item:d1dcdcf932e8ca90fcf2dd200851100ec2272803d6844665056507e0b07dea85,2018-2019,2018-2019-35899a,/items/italia/teams/chievo/collections/03-19/2018-2019-35899a,/items/italia/teams/chievo/collections/10-19/2018-2019-35899a,unique record references,ET028_EXCLUSIVE
44412,paises/italia/chievo/1819.htm#editorial:hx001:table-104:description-table-113,paises/italia/chievo,camisas/italia/chievo/03_19,camisas/italia/chievo/04_20,item:466eadc62b42e43c068a9d246b47bdf30c41e60f7c2d6bbfde802ec8ff825728,2018-2019,2018-2019-56ca55,/items/italia/teams/chievo/collections/03-19/2018-2019-56ca55,/items/italia/teams/chievo/collections/04-20/2018-2019-56ca55,unique record references,ET028_EXCLUSIVE
44475,paises/italia/fiorentina/1415.htm#editorial:hx001:table-79:description-table-88,paises/italia/fiorentina,camisas/italia/fiorentina/02_16,camisas/italia/fiorentina/02_17,item:cb35ff6ffd500f45d94b424fda64f8ffc8e5dc1e6f593c183110b8300faac0d7,2014-2015,2014-2015-eca886,/items/italia/teams/fiorentina/collections/02-16/2014-2015-eca886,/items/italia/teams/fiorentina/collections/02-17/2014-2015-eca886,unique record references,ET028_EXCLUSIVE
44476,paises/italia/fiorentina/1415.htm#editorial:hx001:table-102:description-table-111,paises/italia/fiorentina,camisas/italia/fiorentina/02_16,camisas/italia/fiorentina/07_17,item:37d02369eea2a69e4bdd6ade46bdb3dbc2b6bedd10bf81b19bb2b3427fba9d88,2014-2015,2014-2015-273931,/items/italia/teams/fiorentina/collections/02-16/2014-2015-273931,/items/italia/teams/fiorentina/collections/07-17/2014-2015-273931,unique record references,ET028_EXCLUSIVE
44477,paises/italia/fiorentina/1415.htm#editorial:hx001:table-125:description-table-134,paises/italia/fiorentina,camisas/italia/fiorentina/02_16,camisas/italia/fiorentina/02_17,item:30677cbfcb55cd5774b9d30a6bd5d19e6e1d62e193d39116d291e8512de92d37,2014-2015,2014-2015-f28ea6,/items/italia/teams/fiorentina/collections/02-16/2014-2015-f28ea6,/items/italia/teams/fiorentina/collections/02-17/2014-2015-f28ea6,unique record references,ET028_EXCLUSIVE
44480,paises/italia/fiorentina/1415.htm#editorial:hx001:table-188:description-table-199,paises/italia/fiorentina,camisas/italia/fiorentina/02_16,camisas/italia/fiorentina/07_17,item:c823039baa64d51fa603af12f7513dbf0ff0f09e2504aa072386d2a032f01a6a,2014-2015,2014-2015-ed4252,/items/italia/teams/fiorentina/collections/02-16/2014-2015-ed4252,/items/italia/teams/fiorentina/collections/07-17/2014-2015-ed4252,unique record references,ET028_EXCLUSIVE
44483,paises/italia/fiorentina/1415.htm#editorial:hx001:table-249:description-table-258,paises/italia/fiorentina,camisas/italia/fiorentina/02_16,camisas/italia/fiorentina/07_17,item:07a0996efd1e915a08d1bf00db0f61cc41db5a37a58617e6dec88291f74e190f,2014-2015,2014-2015-a164ef,/items/italia/teams/fiorentina/collections/02-16/2014-2015-a164ef,/items/italia/teams/fiorentina/collections/07-17/2014-2015-a164ef,unique record references,ET028_EXCLUSIVE
44498,paises/italia/fiorentina/7475.htm#editorial:hx001:table-31:description-table-40,paises/italia/fiorentina,camisas/italia/fiorentina/07_19,camisas/italia/fiorentina/04_16,item:57a4da92b6910eb332a29e095350d5e5dbcb91b4196f5c3c5d1ea3b8f8dbbe04,1974-1975,1974-1975-eec9e6,/items/italia/teams/fiorentina/collections/07-19/1974-1975-eec9e6,/items/italia/teams/fiorentina/collections/04-16/1974-1975-eec9e6,unique record references,ET028_EXCLUSIVE
44502,paises/italia/fiorentina/7576.htm#editorial:hx001:table-31:description-table-40,paises/italia/fiorentina,camisas/italia/fiorentina/07_19,camisas/italia/fiorentina/02_25,item:4b3b7918b1907744b31c258a59eecf22ee1101824edb40b7f224a593ee7a70cd,1975-1976,1975-1976-bec207,/items/italia/teams/fiorentina/collections/07-19/1975-1976-bec207,/items/italia/teams/fiorentina/collections/02-25/1975-1976-bec207,unique record references,ET028_EXCLUSIVE
44503,paises/italia/fiorentina/7576.htm#editorial:hx001:table-51:description-table-58,paises/italia/fiorentina,camisas/italia/fiorentina/07_19,camisas/italia/fiorentina/08_18,item:d68d9bfc9c6ffc91342a5728fee87e26f536b9fb6877edc21669e4447d1a8259,1975-1976,1975-1976-274808,/items/italia/teams/fiorentina/collections/07-19/1975-1976-274808,/items/italia/teams/fiorentina/collections/08-18/1975-1976-274808,unique record references,ET028_EXCLUSIVE
44504,paises/italia/fiorentina/7576.htm#editorial:hx001:table-69:description-table-78,paises/italia/fiorentina,camisas/italia/fiorentina/07_19,camisas/italia/fiorentina/09_23,item:02073012141fc4237fc3f185fa281d90af90b1a9739d0e92f9e74f031c5a8675,1975-1976,1975-1976-d0b193,/items/italia/teams/fiorentina/collections/07-19/1975-1976-d0b193,/items/italia/teams/fiorentina/collections/09-23/1975-1976-d0b193,unique record references,ET028_EXCLUSIVE
44505,paises/italia/fiorentina/7576.htm#editorial:hx001:table-89:description-table-98,paises/italia/fiorentina,camisas/italia/fiorentina/07_19,camisas/italia/fiorentina/01_26,item:17d3d81765c6437882e070d6a910746961ef76671a128668894aa8ebf06d9e52,1975-1976,1975-1976-750f22,/items/italia/teams/fiorentina/collections/07-19/1975-1976-750f22,/items/italia/teams/fiorentina/collections/01-26/1975-1976-750f22,unique record references,ET028_EXCLUSIVE
44509,paises/italia/fiorentina/7778.htm#editorial:hx001:table-49:description-table-58,paises/italia/fiorentina,camisas/italia/fiorentina/01_14,camisas/italia/fiorentina/09_18,item:6f483e1cf0026015b7544f4b555e76bbed5e922f759a777abecf78fcecbb0e86,1977-1978,1977-1978-ba24fb,/items/italia/teams/fiorentina/collections/01-14/1977-1978-ba24fb,/items/italia/teams/fiorentina/collections/09-18/1977-1978-ba24fb,unique record references,ET028_EXCLUSIVE
44516,paises/italia/fiorentina/7980.htm#editorial:hx001:table-31:description-table-40,paises/italia/fiorentina,camisas/italia/fiorentina/11_10,camisas/italia/fiorentina/04_20,item:2c805c207df6f0fdabfda074757ef658655959b90ee521e312b997ad89249b10,1979-1980,1979-1980-efe365,/items/italia/teams/fiorentina/collections/11-10/1979-1980-efe365,/items/italia/teams/fiorentina/collections/04-20/1979-1980-efe365,unique record references,ET028_EXCLUSIVE
44518,paises/italia/fiorentina/7980.htm#editorial:hx001:table-69:description-table-78,paises/italia/fiorentina,camisas/italia/fiorentina/11_10,camisas/italia/fiorentina/04_16,item:d6a7e5149054a890bb46bd05efa0329c8d7fbe8a84af9d188e0e7720a2e35848,1979-1980,1979-1980-1f7108,/items/italia/teams/fiorentina/collections/11-10/1979-1980-1f7108,/items/italia/teams/fiorentina/collections/04-16/1979-1980-1f7108,unique record references,ET028_EXCLUSIVE
44522,paises/italia/fiorentina/8081.htm#editorial:hx001:table-49:description-table-58,paises/italia/fiorentina,camisas/italia/fiorentina/09_15,camisas/italia/fiorentina/02_17,item:4ef5f5056d0fcb4a58e3cf4f5bbb666d740de40bd24dc81773c35cb82cc7a906,1980-1981,1980-1981-22b764,/items/italia/teams/fiorentina/collections/09-15/1980-1981-22b764,/items/italia/teams/fiorentina/collections/02-17/1980-1981-22b764,unique record references,ET028_EXCLUSIVE
44542,paises/italia/fiorentina/8384.htm#editorial:hx001:table-107:description-table-116,paises/italia/fiorentina,camisas/italia/fiorentina/09_11,camisas/italia/fiorentina/08_18,item:f669d7bffac24964509669ee015ec797759d43d7c46f9f4354fb7a80a5525a6e,1983-1984,1983-1984-e5527e,/items/italia/teams/fiorentina/collections/09-11/1983-1984-e5527e,/items/italia/teams/fiorentina/collections/08-18/1983-1984-e5527e,unique record references,ET028_EXCLUSIVE
44545,paises/italia/fiorentina/8485.htm#editorial:hx001:table-49:description-table-58,paises/italia/fiorentina,camisas/italia/fiorentina/06_13,camisas/italia/fiorentina/07_17,item:5cf41f532b4442bb98e8a64969eee057641e12b90b2060d15e6fc975fc84047c,1984-1985,1984-1985-eaf9be,/items/italia/teams/fiorentina/collections/06-13/1984-1985-eaf9be,/items/italia/teams/fiorentina/collections/07-17/1984-1985-eaf9be,unique record references,ET028_EXCLUSIVE
44549,paises/italia/fiorentina/8687.htm#editorial:hx001:table-51:description-table-60,paises/italia/fiorentina,camisas/italia/fiorentina/01_14,camisas/italia/fiorentina/06_14,item:4bae5fc6d37f9fb660c0a1e182b1ffed87bcecd0d8766b8803edf95856cfe0ee,1986-1987,1986-1987-8577c7,/items/italia/teams/fiorentina/collections/01-14/1986-1987-8577c7,/items/italia/teams/fiorentina/collections/06-14/1986-1987-8577c7,unique record references,ET028_EXCLUSIVE
44550,paises/italia/fiorentina/8687.htm#editorial:hx001:table-71:description-table-80,paises/italia/fiorentina,camisas/italia/fiorentina/01_14,camisas/italia/fiorentina/09_24,item:54dcb76b9d30c5c32b022c9f45434cf0b02d1149c0ed10b544c92135f5bfee36,1986-1987,1986-1987-9e4d7f,/items/italia/teams/fiorentina/collections/01-14/1986-1987-9e4d7f,/items/italia/teams/fiorentina/collections/09-24/1986-1987-9e4d7f,unique record references,ET028_EXCLUSIVE
44554,paises/italia/fiorentina/8889.htm#editorial:hx001:table-31:description-table-40,paises/italia/fiorentina,camisas/italia/fiorentina/02_15,camisas/italia/fiorentina/07_17,item:525664278aebcf96061c37d757c61f97604ac4cf13e4c1ba45bc6d455001b143,1988-1989,1988-1989-f1010d,/items/italia/teams/fiorentina/collections/02-15/1988-1989-f1010d,/items/italia/teams/fiorentina/collections/07-17/1988-1989-f1010d,unique record references,ET028_EXCLUSIVE
44608,paises/italia/genoa/1213.htm#editorial:hx001:table-33:description-table-40,paises/italia/genoa,camisas/italia/genoa/02_15,camisas/italia/genoa/09_24,item:9f52c2fea9153af6f9601ca15498301b8aba9377ac728f0fb65b8aebb0745045,2012-2013,2012-2013-6d22c9,/items/italia/teams/genoa/collections/02-15/2012-2013-6d22c9,/items/italia/teams/genoa/collections/09-24/2012-2013-6d22c9,unique record references,ET028_EXCLUSIVE
44613,paises/italia/genoa/1718.htm#editorial:hx001:table-33:description-table-40,paises/italia/genoa,camisas/italia/genoa/06_18,camisas/italia/genoa/07_18,item:7a450708c1a912a3286b07107d0c1deaa369d678fa3d9d7426f2c59359802a1f,2017-2018,2017-2018-7cef65,/items/italia/teams/genoa/collections/06-18/2017-2018-7cef65,/items/italia/teams/genoa/collections/07-18/2017-2018-7cef65,unique record references,ET028_EXCLUSIVE
44620,paises/italia/genoa/6263.htm#editorial:hx001:table-77:description-table-84,paises/italia/genoa,camisas/italia/genoa/08_18_2,camisas/italia/genoa/07_22,item:90278fe000ebb20deda2344bdfef5a9df77f2df888a3c415ff7e7e1dab9fc576,1962-1963,1962-1963-610256,/items/italia/teams/genoa/collections/08-18-2/1962-1963-610256,/items/italia/teams/genoa/collections/07-22/1962-1963-610256,unique record references,ET028_EXCLUSIVE
44679,paises/italia/inter/7475.htm#editorial:hx001:table-57:description-table-64,paises/italia/inter,camisas/italia/inter/09_15,camisas/italia/inter/11_23,item:f013c546b7e6acb573406d55f8602ec4e72a6dc3153571f7ffee52d55a9efb6b,1974-1975,1974-1975-30fc29,/items/italia/teams/inter/collections/09-15/1974-1975-30fc29,/items/italia/teams/inter/collections/11-23/1974-1975-30fc29,unique record references,ET028_EXCLUSIVE
44682,paises/italia/inter/7677.htm#editorial:hx001:table-35:description-table-44,paises/italia/inter,camisas/italia/inter/02_17,camisas/italia/inter/07_25,item:14e7442054bef2d9981a86c5f689e3d427a07bbffb6cc05d01982338d425bf81,1976-1977,1976-1977-782418,/items/italia/teams/inter/collections/02-17/1976-1977-782418,/items/italia/teams/inter/collections/07-25/1976-1977-782418,unique record references,ET028_EXCLUSIVE
44730,paises/italia/italy/1969.htm#editorial:hx001:table-30:description-table-39,paises/italia/italy,camisas/italia/italy/gio,camisas/italia/italy/08_18,item:0293f0c5a33358ba8c52aa08ddb6c6bf8ff0cb5d7a53a49799a89bf8d700bde3,1969,1969-cc2fcb,/items/italia/teams/italy/collections/gio/1969-cc2fcb,/items/italia/teams/italy/collections/08-18/1969-cc2fcb,unique record references,ET028_EXCLUSIVE
44742,paises/italia/italy/1976.htm#editorial:hx001:table-50:description-table-59,paises/italia/italy,camisas/italia/italy/03_09,camisas/italia/italy/09_15,item:b32837ee319406041578fb615a6b4b7a8eff6177e57e7cc08ee71e99f6456c9c,1976,1976-c2cea6,/items/italia/teams/italy/collections/03-09/1976-c2cea6,/items/italia/teams/italy/collections/09-15/1976-c2cea6,unique record references,ET028_EXCLUSIVE
44752,paises/italia/italy/1978.htm#editorial:hx001:table-218:description-table-227,paises/italia/italy,camisas/italia/italy/08_08,camisas/italia/italy/04_14,item:509f4f47fefaf849e4e388eddab2e385d3415ea64db8b89bbbbc6f77f991037f,1978,1978-8261d4,/items/italia/teams/italy/collections/08-08/1978-8261d4,/items/italia/teams/italy/collections/04-14/1978-8261d4,unique record references,ET028_EXCLUSIVE
44781,paises/italia/italy/1994.htm#editorial:hx001:table-81:description-table-90,paises/italia/italy,camisas/italia/italy/08_08,camisas/italia/italy/07_18,item:c824c18dcc4710d49674888da2aea7dcd633e7498360ec063234894b35aae917,1994,1994-7ffa68,/items/italia/teams/italy/collections/08-08/1994-7ffa68,/items/italia/teams/italy/collections/07-18/1994-7ffa68,unique record references,ET028_EXCLUSIVE
44787,paises/italia/italy/1994.htm#editorial:hx001:table-224:description-table-233,paises/italia/italy,camisas/italia/italy/08_08,camisas/italia/italy/07_18,item:acbe3a64fe871d03b3a32cfaaa975e89b6a9a508d615da19f0db20324f3c5d96,1994,1994-c16609,/items/italia/teams/italy/collections/08-08/1994-c16609,/items/italia/teams/italy/collections/07-18/1994-c16609,unique record references,ET028_EXCLUSIVE
44796,paises/italia/italy/2000.htm#editorial:hx001:table-73:description-table-80,paises/italia/italy,camisas/italia/italy/03_09,camisas/italia/italy/01_14,item:f7f42447bfc37cded756ff12af55753b98164931f541b789f19f8bc6937b72a6,2000,2000-eab6c6,/items/italia/teams/italy/collections/03-09/2000-eab6c6,/items/italia/teams/italy/collections/01-14/2000-eab6c6,unique record references,ET028_EXCLUSIVE
44859,paises/italia/italy/2016.htm#editorial:hx001:table-342:description-table-351,paises/italia/italy,camisas/italia/italy/02_17,camisas/italia/italy/08_17,item:505afed6cd782d9d4b64d6844b6db1e5e90d4286bf384f7a95e281da58173851,2016,2016-f3bf29,/items/italia/teams/italy/collections/02-17/2016-f3bf29,/items/italia/teams/italy/collections/08-17/2016-f3bf29,unique record references,ET028_EXCLUSIVE
44861,paises/italia/italy/2016.htm#editorial:hx001:table-384:description-table-393,paises/italia/italy,camisas/italia/italy/02_17,camisas/italia/italy/08_17,item:19d5a4211e7d96392b955518b26b9a0dc0c396d9b58821d926e41f575e5602da,2016,2016-234768,/items/italia/teams/italy/collections/02-17/2016-234768,/items/italia/teams/italy/collections/08-17/2016-234768,unique record references,ET028_EXCLUSIVE
44870,paises/italia/italy/2018.htm#editorial:hx001:table-32:description-table-41,paises/italia/italy,camisas/italia/italy/06_18_2,camisas/italia/italy/03_19,item:e9b1f7bcc7800bc428c04c2cffb504f539fd1b87e735540d61dd6d73ff534cf0,2018,2018-3d27fb,/items/italia/teams/italy/collections/06-18-2/2018-3d27fb,/items/italia/teams/italy/collections/03-19/2018-3d27fb,unique record references,ET028_EXCLUSIVE
44871,paises/italia/italy/2018.htm#editorial:hx001:table-53:description-table-62,paises/italia/italy,camisas/italia/italy/06_18_2,camisas/italia/italy/03_19,item:e7a292eb0e1146b84b8036e9abb64c17908900569eb809cf1e1cfd8c2c1d1d58,2018,2018-652d45,/items/italia/teams/italy/collections/06-18-2/2018-652d45,/items/italia/teams/italy/collections/03-19/2018-652d45,unique record references,ET028_EXCLUSIVE
44872,paises/italia/italy/2018.htm#editorial:hx001:table-74:description-table-83,paises/italia/italy,camisas/italia/italy/06_18_2,camisas/italia/italy/03_19_2,item:f687bee4c84970fda74ce80c7a0eafa805a41e621e594a34e1fc6786b9060c9b,2018,2018-9f5a4c,/items/italia/teams/italy/collections/06-18-2/2018-9f5a4c,/items/italia/teams/italy/collections/03-19-2/2018-9f5a4c,unique record references,ET028_EXCLUSIVE
44873,paises/italia/italy/2018.htm#editorial:hx001:table-95:description-table-104,paises/italia/italy,camisas/italia/italy/06_18_2,camisas/italia/italy/10_19,item:7dc4db5c2fdb194df0a26899a932fb6625001086855dca8578bb4c11a61a42b2,2018,2018-fd18cf,/items/italia/teams/italy/collections/06-18-2/2018-fd18cf,/items/italia/teams/italy/collections/10-19/2018-fd18cf,unique record references,ET028_EXCLUSIVE
44875,paises/italia/italy/2018.htm#editorial:hx001:table-137:description-table-144,paises/italia/italy,camisas/italia/italy/06_18_2,camisas/italia/italy/03_19,item:88e0b0df6ec4ae896bb7a658802e94f98411f08a8546c5be2a60dc707b707603,2018,2018-493db2,/items/italia/teams/italy/collections/06-18-2/2018-493db2,/items/italia/teams/italy/collections/03-19/2018-493db2,unique record references,ET028_EXCLUSIVE
44877,paises/italia/italy/2018.htm#editorial:hx001:table-177:description-table-188,paises/italia/italy,camisas/italia/italy/06_18_2,camisas/italia/italy/03_19,item:b0e2f7a71f6a6fb1582176bf589a930baf1367ebdde2d35371a0a64e3df21d53,2018,2018-daafb9,/items/italia/teams/italy/collections/06-18-2/2018-daafb9,/items/italia/teams/italy/collections/03-19/2018-daafb9,unique record references,ET028_EXCLUSIVE
44878,paises/italia/italy/2018.htm#editorial:hx001:table-200:description-table-209,paises/italia/italy,camisas/italia/italy/06_18_2,camisas/italia/italy/03_19_2,item:a8bc27a92e4a7c0098b2808c639bfac3c2c027bef90d577f8081fec147558416,2018,2018-a9cada,/items/italia/teams/italy/collections/06-18-2/2018-a9cada,/items/italia/teams/italy/collections/03-19-2/2018-a9cada,unique record references,ET028_EXCLUSIVE
44879,paises/italia/italy/2018.htm#editorial:hx001:table-221:description-table-230,paises/italia/italy,camisas/italia/italy/06_18_2,camisas/italia/italy/04_20,item:1930154a375e60cdddc9c2af6bd95998f364c864d0ef9101c7692d5a5fc8b926,2018,2018-617c7a,/items/italia/teams/italy/collections/06-18-2/2018-617c7a,/items/italia/teams/italy/collections/04-20/2018-617c7a,unique record references,ET028_EXCLUSIVE
44880,paises/italia/italy/2018.htm#editorial:hx001:table-242:description-table-251,paises/italia/italy,camisas/italia/italy/06_18_2,camisas/italia/italy/10_19,item:00d095936216111c4d54a388f6c7da83e036a0d356aa5c138a37d6b68ee6f6eb,2018,2018-0caa0d,/items/italia/teams/italy/collections/06-18-2/2018-0caa0d,/items/italia/teams/italy/collections/10-19/2018-0caa0d,unique record references,ET028_EXCLUSIVE
44881,paises/italia/italy/2018.htm#editorial:hx001:table-263:description-table-272,paises/italia/italy,camisas/italia/italy/06_18_2,camisas/italia/italy/04_20,item:e5103a7e4674ded598f4ce68bbf487db8c68ffb2a6d7cb08429bb1c152f7181c,2018,2018-70f1bf,/items/italia/teams/italy/collections/06-18-2/2018-70f1bf,/items/italia/teams/italy/collections/04-20/2018-70f1bf,unique record references,ET028_EXCLUSIVE
45012,paises/italia/juventus/1314.htm#editorial:hx001:table-80:description-table-89,paises/italia/juventus,camisas/italia/juventus/06_14,camisas/italia/juventus/02_15,item:0f9a69d70ab604ca9cf28ef62fe55aee1951397025a728170e883a6b47141f02,2013-2014,2013-2014-b74808,/items/italia/teams/juventus/collections/06-14/2013-2014-b74808,/items/italia/teams/juventus/collections/02-15/2013-2014-b74808,unique record references,ET028_EXCLUSIVE
45013,paises/italia/juventus/1314.htm#editorial:hx001:table-103:description-table-112,paises/italia/juventus,camisas/italia/juventus/06_14,camisas/italia/juventus/02_15,item:68f56ea0b6cc92f2c4df97300a934c52c89d8c897ca7040c9ff61f92b21add73,2013-2014,2013-2014-c0bad7,/items/italia/teams/juventus/collections/06-14/2013-2014-c0bad7,/items/italia/teams/juventus/collections/02-15/2013-2014-c0bad7,unique record references,ET028_EXCLUSIVE
45014,paises/italia/juventus/1314.htm#editorial:hx001:table-126:description-table-135,paises/italia/juventus,camisas/italia/juventus/06_14,camisas/italia/juventus/08_14,item:fa9f817a7b4d68bd5dc9fa04a81d55853b59393b0ccc1a1761f9d4c98eab3c31,2013-2014,2013-2014-e533c2,/items/italia/teams/juventus/collections/06-14/2013-2014-e533c2,/items/italia/teams/juventus/collections/08-14/2013-2014-e533c2,unique record references,ET028_EXCLUSIVE
45015,paises/italia/juventus/1314.htm#editorial:hx001:table-158:description-table-167,paises/italia/juventus,camisas/italia/juventus/06_14,camisas/italia/juventus/02_15,item:86e9d9c45356d70b9d65f53e71eab1319e2b67c0248565944e4ce96529d0e4de,2013-2014,2013-2014-2375d6,/items/italia/teams/juventus/collections/06-14/2013-2014-2375d6,/items/italia/teams/juventus/collections/02-15/2013-2014-2375d6,unique record references,ET028_EXCLUSIVE
45019,paises/italia/juventus/1415.htm#editorial:hx001:table-57:description-table-66,paises/italia/juventus,camisas/italia/juventus/02_16,camisas/italia/juventus/03_17,item:6cdb159f394083beebd1fb34d62ada6bc17d5d56e2442175dcb0879778a74ab1,2014-2015,2014-2015-5d094c,/items/italia/teams/juventus/collections/02-16/2014-2015-5d094c,/items/italia/teams/juventus/collections/03-17/2014-2015-5d094c,unique record references,ET028_EXCLUSIVE
45021,paises/italia/juventus/1415.htm#editorial:hx001:table-105:description-table-114,paises/italia/juventus,camisas/italia/juventus/02_16,camisas/italia/juventus/03_17,item:732528b85ac52a7ea58009a2cff4eeda445691da04de700419d6c6e41e535ff0,2014-2015,2014-2015-7555ad,/items/italia/teams/juventus/collections/02-16/2014-2015-7555ad,/items/italia/teams/juventus/collections/03-17/2014-2015-7555ad,unique record references,ET028_EXCLUSIVE
45022,paises/italia/juventus/1415.htm#editorial:hx001:table-129:description-table-138,paises/italia/juventus,camisas/italia/juventus/02_16,camisas/italia/juventus/03_17,item:e5e036a5c8812a5ef574fd3e3ddba524a7284aead94dd65df672d4b125d0c13f,2014-2015,2014-2015-0d0bb8,/items/italia/teams/juventus/collections/02-16/2014-2015-0d0bb8,/items/italia/teams/juventus/collections/03-17/2014-2015-0d0bb8,unique record references,ET028_EXCLUSIVE
45023,paises/italia/juventus/1415.htm#editorial:hx001:table-153:description-table-162,paises/italia/juventus,camisas/italia/juventus/02_16,camisas/italia/juventus/03_17,item:b9bf87c7be835b329c0330566dbec548ded4fc25fd1120a5a82fd43ac97810ab,2014-2015,2014-2015-6e1e38,/items/italia/teams/juventus/collections/02-16/2014-2015-6e1e38,/items/italia/teams/juventus/collections/03-17/2014-2015-6e1e38,unique record references,ET028_EXCLUSIVE
45031,paises/italia/juventus/1415.htm#editorial:hx001:table-338:description-table-347,paises/italia/juventus,camisas/italia/juventus/02_16,camisas/italia/juventus/02_15,item:666168329662f89d93b0723e4f1d90212920268aab3e2c0daf4bfef18765cfd2,2014-2015,2014-2015-6f905d,/items/italia/teams/juventus/collections/02-16/2014-2015-6f905d,/items/italia/teams/juventus/collections/02-15/2014-2015-6f905d,unique record references,ET028_EXCLUSIVE
45032,paises/italia/juventus/1415.htm#editorial:hx001:table-361:description-table-370,paises/italia/juventus,camisas/italia/juventus/02_16,camisas/italia/juventus/02_15,item:493e7487542632aec438a9c02eb793aef94bc4c7dbe7f66b91e14fa0ced57fba,2014-2015,2014-2015-2b803d,/items/italia/teams/juventus/collections/02-16/2014-2015-2b803d,/items/italia/teams/juventus/collections/02-15/2014-2015-2b803d,unique record references,ET028_EXCLUSIVE
45033,paises/italia/juventus/1415.htm#editorial:hx001:table-384:description-table-393,paises/italia/juventus,camisas/italia/juventus/02_16,camisas/italia/juventus/02_15,item:aab82ba35208b97fc5c7e780d2c9dc79e74ecb93caeed666ac19cb0f097a265c,2014-2015,2014-2015-fbfb80,/items/italia/teams/juventus/collections/02-16/2014-2015-fbfb80,/items/italia/teams/juventus/collections/02-15/2014-2015-fbfb80,unique record references,ET028_EXCLUSIVE
45062,paises/italia/juventus/1718.htm#editorial:hx001:table-152:description-table-161,paises/italia/juventus,camisas/italia/juventus/06_18,camisas/italia/juventus/06_18_2,item:0ab74fbc082889c9b1660fb8c5ba89a2ff9a0364d35ed23e98db3f8cc56b7c1e,2017-2018,2017-2018-1389bc,/items/italia/teams/juventus/collections/06-18/2017-2018-1389bc,/items/italia/teams/juventus/collections/06-18-2/2017-2018-1389bc,unique record references,ET028_EXCLUSIVE
45064,paises/italia/juventus/1718.htm#editorial:hx001:table-198:description-table-207,paises/italia/juventus,camisas/italia/juventus/06_18,camisas/italia/juventus/06_18_2,item:316106815c6206e21be6732bfab6ac3ef968a29b5d541e248f073e605beaf6a4,2017-2018,2017-2018-893627,/items/italia/teams/juventus/collections/06-18/2017-2018-893627,/items/italia/teams/juventus/collections/06-18-2/2017-2018-893627,unique record references,ET028_EXCLUSIVE
45067,paises/italia/juventus/1718.htm#editorial:hx001:table-267:description-table-276,paises/italia/juventus,camisas/italia/juventus/06_18,camisas/italia/juventus/06_18_2,item:acbe2593668790287c616edf18d4386eca98990cc2fae0150818e14969d3b601,2017-2018,2017-2018-af0ec8,/items/italia/teams/juventus/collections/06-18/2017-2018-af0ec8,/items/italia/teams/juventus/collections/06-18-2/2017-2018-af0ec8,unique record references,ET028_EXCLUSIVE
45087,paises/italia/juventus/1920.htm#editorial:hx001:table-105:description-table-114,paises/italia/juventus,camisas/italia/juventus/10_19,camisas/italia/juventus/03_20,item:c11e581305fe43db378fa6f18c4db2fd8a7a332a2391f006052867f8c10a6ea3,2019-2020,2019-2020-3da946,/items/italia/teams/juventus/collections/10-19/2019-2020-3da946,/items/italia/teams/juventus/collections/03-20/2019-2020-3da946,unique record references,ET028_EXCLUSIVE
45088,paises/italia/juventus/1920.htm#editorial:hx001:table-128:description-table-137,paises/italia/juventus,camisas/italia/juventus/10_19,camisas/italia/juventus/03_20,item:c3038caa8015d832b440043987a9685c6ca0e9981b6d62cd3d0fa651abffcefc,2019-2020,2019-2020-88c3ea,/items/italia/teams/juventus/collections/10-19/2019-2020-88c3ea,/items/italia/teams/juventus/collections/03-20/2019-2020-88c3ea,unique record references,ET028_EXCLUSIVE
45104,paises/italia/juventus/1920.htm#editorial:hx001:table-502:description-table-511,paises/italia/juventus,camisas/italia/juventus/10_19,camisas/italia/juventus/03_20,item:f9a921a62db02c29ec2c53572303181b505d837c6d430ce131c8c3e55a50c2e4,2019-2020,2019-2020-bb4497,/items/italia/teams/juventus/collections/10-19/2019-2020-bb4497,/items/italia/teams/juventus/collections/03-20/2019-2020-bb4497,unique record references,ET028_EXCLUSIVE
45106,paises/italia/juventus/1920.htm#editorial:hx001:table-548:description-table-557,paises/italia/juventus,camisas/italia/juventus/10_19,camisas/italia/juventus/03_20,item:6a446e88c820fec6c98e707b9aa24b1433d42317533d87e0e97d3b328e18ca52,2019-2020,2019-2020-d2d77b,/items/italia/teams/juventus/collections/10-19/2019-2020-d2d77b,/items/italia/teams/juventus/collections/03-20/2019-2020-d2d77b,unique record references,ET028_EXCLUSIVE
45107,paises/italia/juventus/1920.htm#editorial:hx001:table-571:description-table-580,paises/italia/juventus,camisas/italia/juventus/10_19,camisas/italia/juventus/03_20,item:63af2b55dba82a6e1604171be12f37ca2e801eb472988f38baf70452cfb90981,2019-2020,2019-2020-f1aa4e,/items/italia/teams/juventus/collections/10-19/2019-2020-f1aa4e,/items/italia/teams/juventus/collections/03-20/2019-2020-f1aa4e,unique record references,ET028_EXCLUSIVE
45163,paises/italia/juventus/2223.htm#editorial:hx001:table-55:description-table-64,paises/italia/juventus,camisas/italia/juventus/05_23,camisas/italia/juventus/09_23,item:8d5393f17e088d9785d31e17faa4794ec2480933e9254104ad0a924c8141ab3f,2022-2023,2022-2023-2dbad3,/items/italia/teams/juventus/collections/05-23/2022-2023-2dbad3,/items/italia/teams/juventus/collections/09-23/2022-2023-2dbad3,unique record references,ET028_EXCLUSIVE
45164,paises/italia/juventus/2223.htm#editorial:hx001:table-77:description-table-86,paises/italia/juventus,camisas/italia/juventus/05_23,camisas/italia/juventus/09_23,item:5487410117a69eb15791e230e0b92de71c60cf7f02a4f8c091383ee928a52ab7,2022-2023,2022-2023-a9421e,/items/italia/teams/juventus/collections/05-23/2022-2023-a9421e,/items/italia/teams/juventus/collections/09-23/2022-2023-a9421e,unique record references,ET028_EXCLUSIVE
45165,paises/italia/juventus/2223.htm#editorial:hx001:table-99:description-table-108,paises/italia/juventus,camisas/italia/juventus/05_23,camisas/italia/juventus/09_23,item:75c5bd8bd227c727f5b9f3b4d3602edbed017541ef8f3089a8ca614171ab6bb9,2022-2023,2022-2023-b8bfa0,/items/italia/teams/juventus/collections/05-23/2022-2023-b8bfa0,/items/italia/teams/juventus/collections/09-23/2022-2023-b8bfa0,unique record references,ET028_EXCLUSIVE
45166,paises/italia/juventus/2223.htm#editorial:hx001:table-121:description-table-130,paises/italia/juventus,camisas/italia/juventus/05_23,camisas/italia/juventus/09_23,item:3f21d6c5c57e8eb8f3c08bef3b426c06622afd58d8caae607347ab85d002164b,2022-2023,2022-2023-d38585,/items/italia/teams/juventus/collections/05-23/2022-2023-d38585,/items/italia/teams/juventus/collections/09-23/2022-2023-d38585,unique record references,ET028_EXCLUSIVE
45167,paises/italia/juventus/2223.htm#editorial:hx001:table-143:description-table-152,paises/italia/juventus,camisas/italia/juventus/05_23,camisas/italia/juventus/09_23,item:dcaae14d74c88aaba2d21ac1d332521fdc7f07e29fb10fc649ac01c41897525b,2022-2023,2022-2023-a22d30,/items/italia/teams/juventus/collections/05-23/2022-2023-a22d30,/items/italia/teams/juventus/collections/09-23/2022-2023-a22d30,unique record references,ET028_EXCLUSIVE
45168,paises/italia/juventus/2223.htm#editorial:hx001:table-165:description-table-174,paises/italia/juventus,camisas/italia/juventus/05_23,camisas/italia/juventus/09_23_2,item:1f09c5bfb8171ba43983c55e63c5522d41b515d9bde4137580abd7efcc3de3b5,2022-2023,2022-2023-0a50be,/items/italia/teams/juventus/collections/05-23/2022-2023-0a50be,/items/italia/teams/juventus/collections/09-23-2/2022-2023-0a50be,unique record references,ET028_EXCLUSIVE
45169,paises/italia/juventus/2223.htm#editorial:hx001:table-187:description-table-196,paises/italia/juventus,camisas/italia/juventus/05_23,camisas/italia/juventus/09_23_2,item:8578b603bf823796975c520060193144f042813aabacfb7a7f091d060dcb669b,2022-2023,2022-2023-87f6ad,/items/italia/teams/juventus/collections/05-23/2022-2023-87f6ad,/items/italia/teams/juventus/collections/09-23-2/2022-2023-87f6ad,unique record references,ET028_EXCLUSIVE
45170,paises/italia/juventus/2223.htm#editorial:hx001:table-209:description-table-218,paises/italia/juventus,camisas/italia/juventus/05_23,camisas/italia/juventus/09_23,item:f2a496e5eef345b14d49cd6e789457a13dc1ffa8aeb878224495efdd77840056,2022-2023,2022-2023-dcefc4,/items/italia/teams/juventus/collections/05-23/2022-2023-dcefc4,/items/italia/teams/juventus/collections/09-23/2022-2023-dcefc4,unique record references,ET028_EXCLUSIVE
45171,paises/italia/juventus/2223.htm#editorial:hx001:table-231:description-table-240,paises/italia/juventus,camisas/italia/juventus/05_23,camisas/italia/juventus/09_23,item:4c77635aa879dd0e0a4f2cb23827577c40375692f175e4c7d0b2cbff8406914d,2022-2023,2022-2023-fbe8bd,/items/italia/teams/juventus/collections/05-23/2022-2023-fbe8bd,/items/italia/teams/juventus/collections/09-23/2022-2023-fbe8bd,unique record references,ET028_EXCLUSIVE
45172,paises/italia/juventus/2223.htm#editorial:hx001:table-253:description-table-262,paises/italia/juventus,camisas/italia/juventus/05_23,camisas/italia/juventus/09_23,item:ca0230d909bf7cbce35fd05138d9ef1a9b9ba39a79d93e2d998813adc6f47e7f,2022-2023,2022-2023-742798,/items/italia/teams/juventus/collections/05-23/2022-2023-742798,/items/italia/teams/juventus/collections/09-23/2022-2023-742798,unique record references,ET028_EXCLUSIVE
45173,paises/italia/juventus/2223.htm#editorial:hx001:table-280:description-table-289,paises/italia/juventus,camisas/italia/juventus/05_23,camisas/italia/juventus/09_23,item:6ecbddc353d20098e17f49854bb7047709f7dae3033320e310632bb09c10da0c,2022-2023,2022-2023-5a2ef6,/items/italia/teams/juventus/collections/05-23/2022-2023-5a2ef6,/items/italia/teams/juventus/collections/09-23/2022-2023-5a2ef6,unique record references,ET028_EXCLUSIVE
45175,paises/italia/juventus/2223.htm#editorial:hx001:table-329:description-table-338,paises/italia/juventus,camisas/italia/juventus/05_23,camisas/italia/juventus/11_23,item:2466b3ddaf17e8ce4e9bc723fc0741ae7892f16eefd9c6947b85db3729acf9f8,2022-2023,2022-2023-3abf35,/items/italia/teams/juventus/collections/05-23/2022-2023-3abf35,/items/italia/teams/juventus/collections/11-23/2022-2023-3abf35,unique record references,ET028_EXCLUSIVE
45176,paises/italia/juventus/2223.htm#editorial:hx001:table-355:description-table-364,paises/italia/juventus,camisas/italia/juventus/05_23,camisas/italia/juventus/11_23,item:2de8b665444f07fa0e575dbd42491edd01c3e63cc1950cc12bba6fd6bfcbde44,2022-2023,2022-2023-8e457a,/items/italia/teams/juventus/collections/05-23/2022-2023-8e457a,/items/italia/teams/juventus/collections/11-23/2022-2023-8e457a,unique record references,ET028_EXCLUSIVE
45177,paises/italia/juventus/2223.htm#editorial:hx001:table-379:description-table-388,paises/italia/juventus,camisas/italia/juventus/05_23,camisas/italia/juventus/11_23,item:7d1863851dedf43bc1ecab53134cb158582796a2da2fcba7254af67b509822a6,2022-2023,2022-2023-14d530,/items/italia/teams/juventus/collections/05-23/2022-2023-14d530,/items/italia/teams/juventus/collections/11-23/2022-2023-14d530,unique record references,ET028_EXCLUSIVE
45178,paises/italia/juventus/2223.htm#editorial:hx001:table-410:description-table-419,paises/italia/juventus,camisas/italia/juventus/05_23,camisas/italia/juventus/11_23,item:755f928041ddc131152fa4414d75b1250dc8a6fceb09367c01658049d8b3d632,2022-2023,2022-2023-ce34fa,/items/italia/teams/juventus/collections/05-23/2022-2023-ce34fa,/items/italia/teams/juventus/collections/11-23/2022-2023-ce34fa,unique record references,ET028_EXCLUSIVE
45179,paises/italia/juventus/2223.htm#editorial:hx001:table-445:description-table-454,paises/italia/juventus,camisas/italia/juventus/05_23,camisas/italia/juventus/11_23,item:0678128fcde3d607d72f4250f5780c07102772abf1f59f742586f1f86d20e563,2022-2023,2022-2023-f4040b,/items/italia/teams/juventus/collections/05-23/2022-2023-f4040b,/items/italia/teams/juventus/collections/11-23/2022-2023-f4040b,unique record references,ET028_EXCLUSIVE
45183,paises/italia/juventus/2223.htm#editorial:hx001:table-537:description-table-546,paises/italia/juventus,camisas/italia/juventus/05_23,camisas/italia/juventus/09_23,item:47c83c06100a9212e167bb1c952568793dac5ff75046b80b7cc20209e18a2c89,2022-2023,2022-2023-5d7cee,/items/italia/teams/juventus/collections/05-23/2022-2023-5d7cee,/items/italia/teams/juventus/collections/09-23/2022-2023-5d7cee,unique record references,ET028_EXCLUSIVE
45184,paises/italia/juventus/2223.htm#editorial:hx001:table-559:description-table-568,paises/italia/juventus,camisas/italia/juventus/05_23,camisas/italia/juventus/09_23,item:79b48a262150d69792599da7ede5d7a5d26e518049eee085ef1986e8fb9d3f16,2022-2023,2022-2023-90b8e6,/items/italia/teams/juventus/collections/05-23/2022-2023-90b8e6,/items/italia/teams/juventus/collections/09-23/2022-2023-90b8e6,unique record references,ET028_EXCLUSIVE
45185,paises/italia/juventus/2223.htm#editorial:hx001:table-581:description-table-590,paises/italia/juventus,camisas/italia/juventus/05_23,camisas/italia/juventus/09_23_2,item:037f1213e4ca0897e1d3ac0e8bd614147e1ba5937de939ddf667c4c86746d410,2022-2023,2022-2023-3145a5,/items/italia/teams/juventus/collections/05-23/2022-2023-3145a5,/items/italia/teams/juventus/collections/09-23-2/2022-2023-3145a5,unique record references,ET028_EXCLUSIVE
45186,paises/italia/juventus/2223.htm#editorial:hx001:table-603:description-table-612,paises/italia/juventus,camisas/italia/juventus/05_23,camisas/italia/juventus/09_23,item:2bd08a59591df01444140d3f858520d6ffac998c6e28d77c62082ca289c7d2a4,2022-2023,2022-2023-1eaa6d,/items/italia/teams/juventus/collections/05-23/2022-2023-1eaa6d,/items/italia/teams/juventus/collections/09-23/2022-2023-1eaa6d,unique record references,ET028_EXCLUSIVE
45187,paises/italia/juventus/2223.htm#editorial:hx001:table-625:description-table-634,paises/italia/juventus,camisas/italia/juventus/05_23,camisas/italia/juventus/09_23,item:eb52ef5ef198cd419668d751ad20a2cced05366b4522c0cd97a56a5608182ddd,2022-2023,2022-2023-80e263,/items/italia/teams/juventus/collections/05-23/2022-2023-80e263,/items/italia/teams/juventus/collections/09-23/2022-2023-80e263,unique record references,ET028_EXCLUSIVE
45188,paises/italia/juventus/2223.htm#editorial:hx001:table-647:description-table-656,paises/italia/juventus,camisas/italia/juventus/05_23,camisas/italia/juventus/09_23_2,item:bbfdb0a1be058f709f5d9e295eefb2a4e04f92614ed394dc415869889be5fc5f,2022-2023,2022-2023-cd1d42,/items/italia/teams/juventus/collections/05-23/2022-2023-cd1d42,/items/italia/teams/juventus/collections/09-23-2/2022-2023-cd1d42,unique record references,ET028_EXCLUSIVE
45189,paises/italia/juventus/2223.htm#editorial:hx001:table-669:description-table-678,paises/italia/juventus,camisas/italia/juventus/05_23,camisas/italia/juventus/09_23_2,item:2da5a5a1c61b1157bbb7e9bf03c2ac85003f90bdd0db7c5900e6a010c664f7f4,2022-2023,2022-2023-0a301b,/items/italia/teams/juventus/collections/05-23/2022-2023-0a301b,/items/italia/teams/juventus/collections/09-23-2/2022-2023-0a301b,unique record references,ET028_EXCLUSIVE
45262,paises/italia/juventus/4142.htm#editorial:hx001:table-48:description-table-57,paises/italia/juventus,camisas/italia/juventus/foto_juv,camisas/italia/juventus/09_23_2,item:1332dad0de2f4c43022f8e28377d81cc175c823b4effbecaf4bf77001a73daff,1941-1942,1941-1942-36bf8d,/items/italia/teams/juventus/collections/foto-juv/1941-1942-36bf8d,/items/italia/teams/juventus/collections/09-23-2/1941-1942-36bf8d,unique record references,ET028_EXCLUSIVE
45263,paises/italia/juventus/4142.htm#editorial:hx001:table-67:description-table-76,paises/italia/juventus,camisas/italia/juventus/foto_juv,camisas/italia/juventus/09_23_2,item:48fbff2028d06dc46231ccd2cae5cc1dc7f6157e34a556ec3f244524ca9e546a,1941-1942,1941-1942-3ce22e,/items/italia/teams/juventus/collections/foto-juv/1941-1942-3ce22e,/items/italia/teams/juventus/collections/09-23-2/1941-1942-3ce22e,unique record references,ET028_EXCLUSIVE
45266,paises/italia/juventus/4142_2.htm#editorial:hx001:table-54:description-table-63,paises/italia/juventus,camisas/italia/juventus/foto_juv,camisas/italia/juventus/09_23_2,item:efc26f8f24cef5478b0bac71a108e2bee0b3bc13461efb0c7a0f71778289b678,1941-1942,1941-1942-cf8719,/items/italia/teams/juventus/collections/foto-juv/1941-1942-cf8719,/items/italia/teams/juventus/collections/09-23-2/1941-1942-cf8719,unique record references,ET028_EXCLUSIVE
45267,paises/italia/juventus/4142_2.htm#editorial:hx001:table-73:description-table-82,paises/italia/juventus,camisas/italia/juventus/foto_juv,camisas/italia/juventus/09_23_2,item:b22f493f0d0811cf092d57eb38a3b430cee513d0fa8c0e4ea58d344908a19de4,1941-1942,1941-1942-1bdea5,/items/italia/teams/juventus/collections/foto-juv/1941-1942-1bdea5,/items/italia/teams/juventus/collections/09-23-2/1941-1942-1bdea5,unique record references,ET028_EXCLUSIVE
45275,paises/italia/juventus/4647.htm#editorial:hx001:table-46:description-table-55,paises/italia/juventus,camisas/italia/juventus/foto_juv,camisas/italia/juventus/04_14,item:473ead85d223377a3f65529c5f5c5abe76c24e46035b985ab7b0f9e4cef40eae,1946-1947,1946-1947-e0e9e8,/items/italia/teams/juventus/collections/foto-juv/1946-1947-e0e9e8,/items/italia/teams/juventus/collections/04-14/1946-1947-e0e9e8,unique record references,ET028_EXCLUSIVE
45284,paises/italia/juventus/4950.htm#editorial:hx001:table-31:description-table-40,paises/italia/juventus,camisas/italia/juventus/foto_juv,camisas/italia/juventus/07_13,item:fbab075bda4cb8e1f7ff99c6bf703a726201ea516e4867bcd9e6163981045237,1949-1950,1949-1950-6bef31,/items/italia/teams/juventus/collections/foto-juv/1949-1950-6bef31,/items/italia/teams/juventus/collections/07-13/1949-1950-6bef31,unique record references,ET028_EXCLUSIVE
45286,paises/italia/juventus/4950_2.htm#editorial:hx001:table-31:description-table-40,paises/italia/juventus,camisas/italia/juventus/foto_juv,camisas/italia/juventus/07_13,item:83d68d29fbb7cf65770394d7b4d17d226576de2bfa94f6491282421d3bcb1ea7,1949-1950,1949-1950-d8f442,/items/italia/teams/juventus/collections/foto-juv/1949-1950-d8f442,/items/italia/teams/juventus/collections/07-13/1949-1950-d8f442,unique record references,ET028_EXCLUSIVE
45307,paises/italia/juventus/5859.htm#editorial:hx001:table-43:description-table-52,paises/italia/juventus,camisas/italia/juventus/foto_juv,camisas/italia/juventus/09_15,item:d5730fad6c71848393f9915b700a4a2fda1a2da77da7fbe9971d33e1036b739d,1958-1959,1958-1959-5da1ed,/items/italia/teams/juventus/collections/foto-juv/1958-1959-5da1ed,/items/italia/teams/juventus/collections/09-15/1958-1959-5da1ed,unique record references,ET028_EXCLUSIVE
45309,paises/italia/juventus/5960.htm#editorial:hx001:table-28:description-table-37,paises/italia/juventus,camisas/italia/juventus/foto_juv,camisas/italia/juventus/08_18_3,item:6fdc5e4d6a6189bc6f7b59e044f10821f78d9579a6d3449d79488bbe6ceb7808,1959-1960,1959-1960-cde38a,/items/italia/teams/juventus/collections/foto-juv/1959-1960-cde38a,/items/italia/teams/juventus/collections/08-18-3/1959-1960-cde38a,unique record references,ET028_EXCLUSIVE
45311,paises/italia/juventus/5960_2.htm#editorial:hx001:table-27:description-table-36,paises/italia/juventus,camisas/italia/juventus/01_26_2,camisas/italia/juventus/08_18_3,item:3b1eb5c17d42d683c0caa6acf82996de88d6f1d3005fdee1f0db485a7862dc97,1959-1960,1959-1960-ad12aa,/items/italia/teams/juventus/collections/01-26-2/1959-1960-ad12aa,/items/italia/teams/juventus/collections/08-18-3/1959-1960-ad12aa,unique record references,ET028_EXCLUSIVE
45338,paises/italia/juventus/6768.htm#editorial:hx001:table-26:description-table-35,paises/italia/juventus,camisas/italia/juventus/foto_juv,camisas/italia/juventus/04_14,item:808ece7ddd443310d6733668cf1feca49aaa54e50a96da5f3973de9c86f446b8,1967-1968,1967-1968-2acdb4,/items/italia/teams/juventus/collections/foto-juv/1967-1968-2acdb4,/items/italia/teams/juventus/collections/04-14/1967-1968-2acdb4,unique record references,ET028_EXCLUSIVE
45339,paises/italia/juventus/6768.htm#editorial:hx001:table-47:description-table-56,paises/italia/juventus,camisas/italia/juventus/foto_juv,camisas/italia/juventus/02_15,item:43a97706824750490bdc41bf7ae1f2a0209183ec0c3cb0cb5f6a7c59f5a6dfd4,1967-1968,1967-1968-e8d99f,/items/italia/teams/juventus/collections/foto-juv/1967-1968-e8d99f,/items/italia/teams/juventus/collections/02-15/1967-1968-e8d99f,unique record references,ET028_EXCLUSIVE
45340,paises/italia/juventus/6768.htm#editorial:hx001:table-69:description-table-78,paises/italia/juventus,camisas/italia/juventus/foto_juv,camisas/italia/juventus/03_17,item:749f4b5c1c9ef62fb68fda77b66b492d925469aaabd15b0c7bab18d8515aede2,1967-1968,1967-1968-b94da7,/items/italia/teams/juventus/collections/foto-juv/1967-1968-b94da7,/items/italia/teams/juventus/collections/03-17/1967-1968-b94da7,unique record references,ET028_EXCLUSIVE
45341,paises/italia/juventus/6768.htm#editorial:hx001:table-91:description-table-98,paises/italia/juventus,camisas/italia/juventus/foto_juv,camisas/italia/juventus/09_24_2,item:273d6507c377605cdfdabf9b23ee3144ae46b6555a4de5a63bb1efbe631f0603,1967-1968,1967-1968-e6bd18,/items/italia/teams/juventus/collections/foto-juv/1967-1968-e6bd18,/items/italia/teams/juventus/collections/09-24-2/1967-1968-e6bd18,unique record references,ET028_EXCLUSIVE
45351,paises/italia/juventus/6970.htm#editorial:hx001:table-79:description-table-86,paises/italia/juventus,camisas/italia/juventus/60-70,camisas/italia/juventus/09_24_2,item:170a51e58e57ce5802f8c481fd075e8c8327d9c09f0f9cbc47446b58e4716683,1969-1970,1969-1970-aad833,/items/italia/teams/juventus/collections/60-70/1969-1970-aad833,/items/italia/teams/juventus/collections/09-24-2/1969-1970-aad833,unique record references,ET028_EXCLUSIVE
45353,paises/italia/juventus/6970.htm#editorial:hx001:table-117:description-table-124,paises/italia/juventus,camisas/italia/juventus/60-70,camisas/italia/juventus/50-60,item:4c4610178c3c1841f36ff7353dd6ea1ef0dc7976e74999ea97e60bb24f553219,1969-1970,1969-1970-099fd4,/items/italia/teams/juventus/collections/60-70/1969-1970-099fd4,/items/italia/teams/juventus/collections/50-60/1969-1970-099fd4,unique record references,ET028_EXCLUSIVE
45377,paises/italia/juventus/8182.htm#editorial:hx001:table-127:description-table-136,paises/italia/juventus,camisas/italia/juventus/foto_juv,camisas/italia/juventus/02_15,item:e16905934649213188a4fe5fc91ac8d4e77eda5b9822ab44807ad520cb318ca2,1981-1982,1981-1982-378dc4,/items/italia/teams/juventus/collections/foto-juv/1981-1982-378dc4,/items/italia/teams/juventus/collections/02-15/1981-1982-378dc4,unique record references,ET028_EXCLUSIVE
45379,paises/italia/juventus/8182.htm#editorial:hx001:table-167:description-table-176,paises/italia/juventus,camisas/italia/juventus/foto_juv,camisas/italia/juventus/08_17,item:fe46ed128fc3d3b322cb8ce1c905e3426fd989e5e3913e62f2fd2276ab26e657,1981-1982,1981-1982-12cf99,/items/italia/teams/juventus/collections/foto-juv/1981-1982-12cf99,/items/italia/teams/juventus/collections/08-17/1981-1982-12cf99,unique record references,ET028_EXCLUSIVE
45380,paises/italia/juventus/8182.htm#editorial:hx001:table-186:description-table-195,paises/italia/juventus,camisas/italia/juventus/foto_juv,camisas/italia/juventus/08_17,item:30fffc575b7ba5965ad006ba0e51a2137fafd7846b3b8d887c0144cc2c9edcc5,1981-1982,1981-1982-182bd1,/items/italia/teams/juventus/collections/foto-juv/1981-1982-182bd1,/items/italia/teams/juventus/collections/08-17/1981-1982-182bd1,unique record references,ET028_EXCLUSIVE
45381,paises/italia/juventus/8182.htm#editorial:hx001:table-205:description-table-214,paises/italia/juventus,camisas/italia/juventus/foto_juv,camisas/italia/juventus/12_17,item:3ca386e4cd22e5865840fcbccc3edc196e5ae527114f9ed8982259f0d84fad15,1981-1982,1981-1982-6f4405,/items/italia/teams/juventus/collections/foto-juv/1981-1982-6f4405,/items/italia/teams/juventus/collections/12-17/1981-1982-6f4405,unique record references,ET028_EXCLUSIVE
45382,paises/italia/juventus/8182.htm#editorial:hx001:table-224:description-table-231,paises/italia/juventus,camisas/italia/juventus/foto_juv,camisas/italia/juventus/02_22,item:5f0786d7c80802218fbff9a80d4afa21d09185f50ac55a1498a74d57cf6dfb65,1981-1982,1981-1982-efdc89,/items/italia/teams/juventus/collections/foto-juv/1981-1982-efdc89,/items/italia/teams/juventus/collections/02-22/1981-1982-efdc89,unique record references,ET028_EXCLUSIVE
45383,paises/italia/juventus/8182.htm#editorial:hx001:table-244:description-table-253,paises/italia/juventus,camisas/italia/juventus/foto_juv,camisas/italia/juventus/04_16,item:2e900f4626e1fe8043f0205fa11e7634fc23f925d6e548dbffc26decfbe32954,1981-1982,1981-1982-b0b6b0,/items/italia/teams/juventus/collections/foto-juv/1981-1982-b0b6b0,/items/italia/teams/juventus/collections/04-16/1981-1982-b0b6b0,unique record references,ET028_EXCLUSIVE
45386,paises/italia/juventus/8182.htm#editorial:hx001:table-304:description-table-313,paises/italia/juventus,camisas/italia/juventus/foto_juv,camisas/italia/juventus/03_17,item:5500486ed1c5c8bdc34f874585a2ba16bdbc50b38da206b127af98efa8dedba7,1981-1982,1981-1982-cd42b0,/items/italia/teams/juventus/collections/foto-juv/1981-1982-cd42b0,/items/italia/teams/juventus/collections/03-17/1981-1982-cd42b0,unique record references,ET028_EXCLUSIVE
45392,paises/italia/juventus/8182.htm#editorial:hx001:table-422:description-table-431,paises/italia/juventus,camisas/italia/juventus/foto_juv,camisas/italia/juventus/07_17,item:0b599e6ab4cc4f5da1ab5c6e64c70bc1e5f0d43e48ed88bede6637ea72cc2c94,1981-1982,1981-1982-df77b9,/items/italia/teams/juventus/collections/foto-juv/1981-1982-df77b9,/items/italia/teams/juventus/collections/07-17/1981-1982-df77b9,unique record references,ET028_EXCLUSIVE
45407,paises/italia/juventus/8990_2.htm#editorial:hx001:table-142:description-table-151,paises/italia/juventus,camisas/italia/juventus/foto_juv,camisas/italia/juventus/11_22,item:f3fb349bb24fc12dc96a9ca5ac65181f03fd60f24c134e8e3db864680368ac3e,1989-1990,1989-1990-7f7146,/items/italia/teams/juventus/collections/foto-juv/1989-1990-7f7146,/items/italia/teams/juventus/collections/11-22/1989-1990-7f7146,unique record references,ET028_EXCLUSIVE
45466,paises/italia/lazio/8081.htm#editorial:hx001:table-33:description-table-42,paises/italia/lazio,camisas/italia/lazio/10_09,camisas/italia/lazio/08_22,item:97f4e3a480eb60c92f28c90ed59f6b337a850fc8f7cb0300e8387b5c960e6049,1980-1981,1980-1981-4cbe24,/items/italia/teams/lazio/collections/10-09/1980-1981-4cbe24,/items/italia/teams/lazio/collections/08-22/1980-1981-4cbe24,unique record references,ET028_EXCLUSIVE
45470,paises/italia/lazio/8384.htm#editorial:hx001:table-51:description-table-60,paises/italia/lazio,camisas/italia/lazio/10_09,camisas/italia/lazio/02_13,item:039df9728b212a9a3d32ba811d777c0837d234b5c248be2d26c46fab279ff27d,1983-1984,1983-1984-3a1bc9,/items/italia/teams/lazio/collections/10-09/1983-1984-3a1bc9,/items/italia/teams/lazio/collections/02-13/1983-1984-3a1bc9,unique record references,ET028_EXCLUSIVE
45522,paises/italia/milan/6566.html#editorial:hx001:table-45:description-table-52,paises/italia/milan,camisas/italia/milan/08_18_2,camisas/italia/milan/09_23,item:a606faa4b93821ce2197dc965eed531128148a03113fd3ee43517b2cf2d733ee,1965-1966,1965-1966-4853bd,/items/italia/teams/milan/collections/08-18-2/1965-1966-4853bd,/items/italia/teams/milan/collections/09-23/1965-1966-4853bd,unique record references,ET028_EXCLUSIVE
45526,paises/italia/milan/6667.html#editorial:hx001:table-62:description-table-69,paises/italia/milan,camisas/italia/milan/08_18_2,camisas/italia/milan/09_23,item:14c784bb82e31986d867aedff1685bc7fa508837ccafef646b421dca8e5e43e2,1966-1967,1966-1967-4d1347,/items/italia/teams/milan/collections/08-18-2/1966-1967-4d1347,/items/italia/teams/milan/collections/09-23/1966-1967-4d1347,unique record references,ET028_EXCLUSIVE
45530,paises/italia/milan/6869.htm#editorial:hx001:table-50:description-table-59,paises/italia/milan,camisas/italia/milan/04_20,camisas/italia/milan/09_23,item:3190e58d7ec7b9428d10649eb3e3e252db16200df99ccfd6cf7358f6b6a0d520,1968-1969,1968-1969-dc5fa3,/items/italia/teams/milan/collections/04-20/1968-1969-dc5fa3,/items/italia/teams/milan/collections/09-23/1968-1969-dc5fa3,unique record references,ET028_EXCLUSIVE
45536,paises/italia/milan/7374.htm#editorial:hx001:table-31:description-table-40,paises/italia/milan,camisas/italia/milan/02_17,camisas/italia/milan/09_23,item:f6bfbd63eb779af2079871ecf74f764390dece254b5042c0aba40e4dc0c570b2,1973-1974,1973-1974-681564,/items/italia/teams/milan/collections/02-17/1973-1974-681564,/items/italia/teams/milan/collections/09-23/1973-1974-681564,unique record references,ET028_EXCLUSIVE
45539,paises/italia/milan/7576.htm#editorial:hx001:table-31:description-table-40,paises/italia/milan,camisas/italia/milan/09_15,camisas/italia/milan/07_19,item:00bca046fff5f3202851bf28b98c0ce0c5de9b8de21f057fd1f91d4953429363,1975-1976,1975-1976-172f2c,/items/italia/teams/milan/collections/09-15/1975-1976-172f2c,/items/italia/teams/milan/collections/07-19/1975-1976-172f2c,unique record references,ET028_EXCLUSIVE
45555,paises/italia/milan/9697.htm#editorial:hx001:table-31:description-table-40,paises/italia/milan,camisas/italia/milan/01_10,camisas/italia/milan/07_18,item:c93eb11f552158181fe0e21b818d46e9cc67142ce92faad068570e6cabbb644f,1996-1997,1996-1997-0374b4,/items/italia/teams/milan/collections/01-10/1996-1997-0374b4,/items/italia/teams/milan/collections/07-18/1996-1997-0374b4,unique record references,ET028_EXCLUSIVE
45584,paises/italia/napoli/1011.htm#editorial:hx001:table-34:description-table-43,paises/italia/napoli,camisas/italia/napoli/03_14,camisas/italia/napoli/03_15,item:b6cf370b1435f7437fda9a634800dbd991077ed83a92d8978a0711c188dbd2e3,2010-2011,2010-2011-2a76e6,/items/italia/teams/napoli/collections/03-14/2010-2011-2a76e6,/items/italia/teams/napoli/collections/03-15/2010-2011-2a76e6,unique record references,ET028_EXCLUSIVE
45589,paises/italia/napoli/1617.htm#editorial:hx001:table-34:description-table-43,paises/italia/napoli,camisas/italia/napoli/12_17,camisas/italia/napoli/06_18,item:e8af318ccea95c1ce20af348eb2dba03bd546896d0a12f0e0f8362a125618b94,2016-2017,2016-2017-892fb1,/items/italia/teams/napoli/collections/12-17/2016-2017-892fb1,/items/italia/teams/napoli/collections/06-18/2016-2017-892fb1,unique record references,ET028_EXCLUSIVE
45603,paises/italia/napoli/8283.htm#editorial:hx001:table-35:description-table-46,paises/italia/napoli,camisas/italia/napoli/02_17,camisas/italia/napoli/03_17,item:20fd124243539deb4dbabdc399cb9790c6d9c3a06bee169c060daa0948189aaa,1982-1983,1982-1983-9a78d4,/items/italia/teams/napoli/collections/02-17/1982-1983-9a78d4,/items/italia/teams/napoli/collections/03-17/1982-1983-9a78d4,unique record references,ET028_EXCLUSIVE
45604,paises/italia/napoli/8283.htm#editorial:hx001:table-59:description-table-68,paises/italia/napoli,camisas/italia/napoli/02_17,camisas/italia/napoli/05_09,item:32e95bc3d374d02248dc03e8bddae50cd9ad71ce5dea67f92d9bf94e673a1cee,1982-1983,1982-1983-912b42,/items/italia/teams/napoli/collections/02-17/1982-1983-912b42,/items/italia/teams/napoli/collections/05-09/1982-1983-912b42,unique record references,ET028_EXCLUSIVE
45605,paises/italia/napoli/8283.htm#editorial:hx001:table-81:description-table-90,paises/italia/napoli,camisas/italia/napoli/02_17,camisas/italia/napoli/03_25,item:7c346e67b7d668ac49ec08d170f660c41524ba3d181379710ed9e5a5d7c2d2ab,1982-1983,1982-1983-085027,/items/italia/teams/napoli/collections/02-17/1982-1983-085027,/items/italia/teams/napoli/collections/03-25/1982-1983-085027,unique record references,ET028_EXCLUSIVE
45610,paises/italia/napoli/8485.htm#editorial:hx001:table-57:description-table-66,paises/italia/napoli,camisas/italia/napoli/02_25,camisas/italia/napoli/09_24,item:979bcbd07d2f912ecef8f620c80d0bb947f398b3f643dfee2c0536cb7f56d2e8,1984-1985,1984-1985-8315c9,/items/italia/teams/napoli/collections/02-25/1984-1985-8315c9,/items/italia/teams/napoli/collections/09-24/1984-1985-8315c9,unique record references,ET028_EXCLUSIVE
45614,paises/italia/napoli/8586.htm#editorial:hx001:table-96:description-table-105,paises/italia/napoli,camisas/italia/napoli/02_17,camisas/italia/napoli/10_13,item:26eb3712eddb9c8440c9a7e7300865bba2da787e98adfbe2536417cf0fc28eac,1985-1986,1985-1986-26eed7,/items/italia/teams/napoli/collections/02-17/1985-1986-26eed7,/items/italia/teams/napoli/collections/10-13/1985-1986-26eed7,unique record references,ET028_EXCLUSIVE
45620,paises/italia/napoli/8687.htm#editorial:hx001:table-110:description-table-119,paises/italia/napoli,camisas/italia/napoli/04_20,camisas/italia/napoli/03_25,item:0515aaed6da8c341dc57e1868e838504306242e097468b2dcfdc24c2ee7a0b5a,1986-1987,1986-1987-fd050d,/items/italia/teams/napoli/collections/04-20/1986-1987-fd050d,/items/italia/teams/napoli/collections/03-25/1986-1987-fd050d,unique record references,ET028_EXCLUSIVE
45622,paises/italia/napoli/8687.htm#editorial:hx001:table-156:description-table-165,paises/italia/napoli,camisas/italia/napoli/04_20,camisas/italia/napoli/10_13,item:75f7c1e61c357ec3ca622efffb57b08a310864a0da347ccaf99eac7e7d125d98,1986-1987,1986-1987-7401c8,/items/italia/teams/napoli/collections/04-20/1986-1987-7401c8,/items/italia/teams/napoli/collections/10-13/1986-1987-7401c8,unique record references,ET028_EXCLUSIVE
45624,paises/italia/napoli/8687.htm#editorial:hx001:table-202:description-table-211,paises/italia/napoli,camisas/italia/napoli/04_20,camisas/italia/napoli/05_24,item:776a35d53007b463f7732310be27960cd7a7348e75f69d9bf382a8a910b28b64,1986-1987,1986-1987-5f470e,/items/italia/teams/napoli/collections/04-20/1986-1987-5f470e,/items/italia/teams/napoli/collections/05-24/1986-1987-5f470e,unique record references,ET028_EXCLUSIVE
45634,paises/italia/napoli/8889.htm#editorial:hx001:table-201:description-table-210,paises/italia/napoli,camisas/italia/napoli/02_17,camisas/italia/napoli/10_13,item:e224368777809338d7e8552a2d8b1f0f929ff821172d7ca5741e3d415fb8dfd6,1988-1989,1988-1989-6de81d,/items/italia/teams/napoli/collections/02-17/1988-1989-6de81d,/items/italia/teams/napoli/collections/10-13/1988-1989-6de81d,unique record references,ET028_EXCLUSIVE
45641,paises/italia/napoli/8990.htm#editorial:hx001:table-123:description-table-132,paises/italia/napoli,camisas/italia/napoli/07_10,camisas/italia/napoli/05_24,item:e1668bd05378e1adaefbb560d7fc0cc6bdffb68a2d2e290248d3aeb2dee9a753,1989-1990,1989-1990-12435b,/items/italia/teams/napoli/collections/07-10/1989-1990-12435b,/items/italia/teams/napoli/collections/05-24/1989-1990-12435b,unique record references,ET028_EXCLUSIVE
45663,paises/italia/novara/1617.htm#editorial:hx001:table-34:description-table-43,paises/italia/novara,camisas/italia/novara/06_18,camisas/italia/novara/08_17,item:cd47416c74f763898172b5e78a43f46f05b5771c389bc50eaf45fded67c3bda4,2016-2017,2016-2017-9fad2e,/items/italia/teams/novara/collections/06-18/2016-2017-9fad2e,/items/italia/teams/novara/collections/08-17/2016-2017-9fad2e,unique record references,ET028_EXCLUSIVE
45664,paises/italia/novara/1617.htm#editorial:hx001:table-57:description-table-66,paises/italia/novara,camisas/italia/novara/06_18,camisas/italia/novara/08_17,item:8ad8595a0d2f2caa056d0b2221b5a988494c110f56737cd54254f75336d06971,2016-2017,2016-2017-87a05f,/items/italia/teams/novara/collections/06-18/2016-2017-87a05f,/items/italia/teams/novara/collections/08-17/2016-2017-87a05f,unique record references,ET028_EXCLUSIVE
45691,paises/italia/parma/1415.htm#editorial:hx001:table-34:description-table-43,paises/italia/parma,camisas/italia/parma/02_16,camisas/italia/parma/07_17,item:0565f9ee423068c13837632d5afbe283ae551dcae05cf44b15c04857252e6087,2014-2015,2014-2015-dd70ac,/items/italia/teams/parma/collections/02-16/2014-2015-dd70ac,/items/italia/teams/parma/collections/07-17/2014-2015-dd70ac,unique record references,ET028_EXCLUSIVE
45770,paises/italia/roma/8081.htm#editorial:hx001:table-51:description-table-60,paises/italia/roma,camisas/italia/roma/09_24,camisas/italia/roma/02_25,item:e1b56643a9b27d44ec9050a2dd50f43d5ed210c20ca7a799b17c5e6409f8ca57,1980-1981,1980-1981-ec4ad8,/items/italia/teams/roma/collections/09-24/1980-1981-ec4ad8,/items/italia/teams/roma/collections/02-25/1980-1981-ec4ad8,unique record references,ET028_EXCLUSIVE
45778,paises/italia/roma/8384.htm#editorial:hx001:table-118:description-table-127,paises/italia/roma,camisas/italia/torino/fot_gio,camisas/italia/roma/03_20,item:da7c899b4be0b4df63a03cfa50e8bb3313b0b13c2503fcd273eb264edf0f5dc2,1983-1984,1983-1984-503430,/items/italia/teams/roma/collections/fot-gio/1983-1984-503430,/items/italia/teams/roma/collections/03-20/1983-1984-503430,unique record references,ET028_EXCLUSIVE
45779,paises/italia/roma/8384.htm#editorial:hx001:table-143:description-table-152,paises/italia/roma,camisas/italia/torino/fot_gio,camisas/italia/roma/04_21,item:910a7482595d595d4980305881bc992614a1767c57bbb564e86232a24758f36f,1983-1984,1983-1984-5c36f0,/items/italia/teams/roma/collections/fot-gio/1983-1984-5c36f0,/items/italia/teams/roma/collections/04-21/1983-1984-5c36f0,unique record references,ET028_EXCLUSIVE
45780,paises/italia/roma/8384.htm#editorial:hx001:table-163:description-table-172,paises/italia/roma,camisas/italia/torino/fot_gio,camisas/italia/roma/09_23,item:ff9b659c0d134b71226eb836e8455c7d989e4caaa1d6c2c5728b69fe279fc808,1983-1984,1983-1984-17e9b8,/items/italia/teams/roma/collections/fot-gio/1983-1984-17e9b8,/items/italia/teams/roma/collections/09-23/1983-1984-17e9b8,unique record references,ET028_EXCLUSIVE
45781,paises/italia/roma/8384.htm#editorial:hx001:table-183:description-table-192,paises/italia/roma,camisas/italia/torino/fot_gio,camisas/italia/roma/02_25,item:0917e0e61449ef0dc8c4fcb5e465823b2d8ceade231b1132eee193c6bb73c611,1983-1984,1983-1984-544777,/items/italia/teams/roma/collections/fot-gio/1983-1984-544777,/items/italia/teams/roma/collections/02-25/1983-1984-544777,unique record references,ET028_EXCLUSIVE
45783,paises/italia/roma/8384.htm#editorial:hx001:table-228:description-table-237,paises/italia/roma,camisas/italia/torino/fot_gio,camisas/italia/roma/02_25,item:83ea7a177fc9a8a8e157e2a3f83489454d6273686bda018b0460864e7eb4f9e9,1983-1984,1983-1984-bcb7ab,/items/italia/teams/roma/collections/fot-gio/1983-1984-bcb7ab,/items/italia/teams/roma/collections/02-25/1983-1984-bcb7ab,unique record references,ET028_EXCLUSIVE
45788,paises/italia/roma/8687.htm#editorial:hx001:table-63:description-table-72,paises/italia/roma,camisas/italia/roma/06_14_2,camisas/italia/roma/03_23,item:192f0efbf89f7bf55b5f97e5dac46976ebf80836ee6b3b39e3135e240b901a88,1986-1987,1986-1987-acffde,/items/italia/teams/roma/collections/06-14-2/1986-1987-acffde,/items/italia/teams/roma/collections/03-23/1986-1987-acffde,unique record references,ET028_EXCLUSIVE
45797,paises/italia/roma/8889.htm#editorial:hx001:table-57:description-table-66,paises/italia/roma,camisas/italia/roma/02_15,camisas/italia/roma/02_17,item:7c973e3b59305771807da0585672256c46da55a11bffe07080c957331016f02b,1988-1989,1988-1989-c4117a,/items/italia/teams/roma/collections/02-15/1988-1989-c4117a,/items/italia/teams/roma/collections/02-17/1988-1989-c4117a,unique record references,ET028_EXCLUSIVE
45798,paises/italia/roma/8889.htm#editorial:hx001:table-80:description-table-87,paises/italia/roma,camisas/italia/roma/02_15,camisas/italia/roma/07_18,item:71e5ab175b2e1824414379002d031c44b572451f1eee1b2e7d6475fd6892d70c,1988-1989,1988-1989-dad084,/items/italia/teams/roma/collections/02-15/1988-1989-dad084,/items/italia/teams/roma/collections/07-18/1988-1989-dad084,unique record references,ET028_EXCLUSIVE
45799,paises/italia/roma/8889.htm#editorial:hx001:table-101:description-table-108,paises/italia/roma,camisas/italia/roma/02_15,camisas/italia/roma/07_18,item:970b333725c257c2fb1e61987cb819284e5ef6179d68a9a5a234df58b0a20469,1988-1989,1988-1989-f3b7ec,/items/italia/teams/roma/collections/02-15/1988-1989-f3b7ec,/items/italia/teams/roma/collections/07-18/1988-1989-f3b7ec,unique record references,ET028_EXCLUSIVE
45863,paises/italia/sampdoria/8283.htm#editorial:hx001:table-56:description-table-63,paises/italia/sampdoria,camisas/italia/sampdoria/08_16,camisas/italia/sampdoria/05_24,item:3966b51a8d8070a549a4b33a9f4cd20545dffeb521dc6f7094fecaf67f6157c4,1982-1983,1982-1983-f1a5d0,/items/italia/teams/sampdoria/collections/08-16/1982-1983-f1a5d0,/items/italia/teams/sampdoria/collections/05-24/1982-1983-f1a5d0,unique record references,ET028_EXCLUSIVE
45920,paises/italia/torino/0203.htm#editorial:hx001:table-147:description-table-156,paises/italia/torino,camisas/italia/torino/00-10,camisas/italia/torino/07_13_2,item:68536f7c9f2b397c9ead8c4d42f8ef8bfb162323271380cae41ecd9a62381b89,2002-2003,2002-2003-69b2ce,/items/italia/teams/torino/collections/00-10/2002-2003-69b2ce,/items/italia/teams/torino/collections/07-13-2/2002-2003-69b2ce,unique record references,ET028_EXCLUSIVE
45945,paises/italia/torino/0405.htm#editorial:hx001:table-298:description-table-305,paises/italia/torino,camisas/italia/torino/00-10,camisas/italia/torino/07_13_2,item:42c22291325e4bf4a1fd2ce75255cfbbd0a3bdb9a56d9e1282a4c79b8d7ddcf6,2004-2005,2004-2005-2e9450,/items/italia/teams/torino/collections/00-10/2004-2005-2e9450,/items/italia/teams/torino/collections/07-13-2/2004-2005-2e9450,unique record references,ET028_EXCLUSIVE
45956,paises/italia/torino/0607.htm#editorial:hx001:table-233:description-table-242,paises/italia/torino,camisas/italia/torino/00-10,camisas/italia/torino/07_13_2,item:9e069ee53594dee4799e718ee8d24b2ab07b7b59e0bb50aca6778ea4beaa763b,2006-2007,2006-2007-88868c,/items/italia/teams/torino/collections/00-10/2006-2007-88868c,/items/italia/teams/torino/collections/07-13-2/2006-2007-88868c,unique record references,ET028_EXCLUSIVE
45971,paises/italia/torino/0708.htm#editorial:hx001:table-352:description-table-359,paises/italia/torino,camisas/italia/torino/foto_tor,camisas/italia/torino/07_13_2,item:a6d12c4c864bbef073c58876697f137f4ab44900714d264a4da641356610b29f,2007-2008,2007-2008-c8f26e,/items/italia/teams/torino/collections/foto-tor/2007-2008-c8f26e,/items/italia/teams/torino/collections/07-13-2/2007-2008-c8f26e,unique record references,ET028_EXCLUSIVE
45988,paises/italia/torino/0809.htm#editorial:hx001:table-113:description-table-122,paises/italia/torino,camisas/italia/torino/foto_tor,camisas/italia/torino/07_13_2,item:891197d19af759ca6f7dcbb86a56c8e7de093a445a91dcf85f6be0dc9d85cb55,2008-2009,2008-2009-4607db,/items/italia/teams/torino/collections/foto-tor/2008-2009-4607db,/items/italia/teams/torino/collections/07-13-2/2008-2009-4607db,unique record references,ET028_EXCLUSIVE
46000,paises/italia/torino/0809.htm#editorial:hx001:table-411:description-table-418,paises/italia/torino,camisas/italia/torino/foto_tor,camisas/italia/torino/07_13_2,item:95d5af438140787955998878322758a75dbb4b8e10ed731134f3191de9b119c7,2008-2009,2008-2009-7a8f13,/items/italia/teams/torino/collections/foto-tor/2008-2009-7a8f13,/items/italia/teams/torino/collections/07-13-2/2008-2009-7a8f13,unique record references,ET028_EXCLUSIVE
46003,paises/italia/torino/0809.htm#editorial:hx001:table-490:description-table-499,paises/italia/torino,camisas/italia/torino/foto_tor,camisas/italia/torino/07_13_2,item:71f982cd3619913d3dd4efce92bfbbfabae6aad08c9fe7aad0123cf51ab56b25,2008-2009,2008-2009-c1b3fd,/items/italia/teams/torino/collections/foto-tor/2008-2009-c1b3fd,/items/italia/teams/torino/collections/07-13-2/2008-2009-c1b3fd,unique record references,ET028_EXCLUSIVE
46004,paises/italia/torino/0809.htm#editorial:hx001:table-517:description-table-524,paises/italia/torino,camisas/italia/torino/foto_tor,camisas/italia/torino/07_13_2,item:06c51fb120b49f537af988b8de40a422cfd1097f01e307bf18881a97f853fc13,2008-2009,2008-2009-14a631,/items/italia/teams/torino/collections/foto-tor/2008-2009-14a631,/items/italia/teams/torino/collections/07-13-2/2008-2009-14a631,unique record references,ET028_EXCLUSIVE
46024,paises/italia/torino/1011.htm#editorial:hx001:table-357:description-table-364,paises/italia/torino,camisas/italia/torino/00-10,camisas/italia/torino/07_13_2,item:85729d09fdc9ae4894aed0ad26cdde37192f324894f17f183c9c85964cb2db3f,2010-2011,2010-2011-175ba1,/items/italia/teams/torino/collections/00-10/2010-2011-175ba1,/items/italia/teams/torino/collections/07-13-2/2010-2011-175ba1,unique record references,ET028_EXCLUSIVE
46028,paises/italia/torino/1011.htm#editorial:hx001:table-429:description-table-436,paises/italia/torino,camisas/italia/torino/00-10,camisas/italia/torino/10_13,item:870a7507d8c3f0befc0dee6da5434bbe48823b71c6f87ef5dce8eb2b521a5ff8,2010-2011,2010-2011-fe58c4,/items/italia/teams/torino/collections/00-10/2010-2011-fe58c4,/items/italia/teams/torino/collections/10-13/2010-2011-fe58c4,unique record references,ET028_EXCLUSIVE
46044,paises/italia/torino/1112.htm#editorial:hx001:table-313:description-table-322,paises/italia/torino,camisas/italia/torino/10-20,camisas/italia/torino/10_13,item:9c01d71db4c85b61e60a63f1f115ceff6e7199f6f0718846c718289283b1e0ef,2011-2012,2011-2012-738a42,/items/italia/teams/torino/collections/10-20/2011-2012-738a42,/items/italia/teams/torino/collections/10-13/2011-2012-738a42,unique record references,ET028_EXCLUSIVE
46065,paises/italia/torino/1415.htm#editorial:hx001:table-69:description-table-78,paises/italia/torino,camisas/italia/torino/03_15,camisas/italia/torino/02_16,item:8745b57571b443d2940b577295adf83315f4d1e77e25234aa456f011f4e50fd0,2014-2015,2014-2015-25e569,/items/italia/teams/torino/collections/03-15/2014-2015-25e569,/items/italia/teams/torino/collections/02-16/2014-2015-25e569,unique record references,ET028_EXCLUSIVE
46066,paises/italia/torino/1415.htm#editorial:hx001:table-88:description-table-97,paises/italia/torino,camisas/italia/torino/03_15,camisas/italia/torino/02_16,item:2af861dd1108ca8f2e239c38adb855e68eab2dfa42ac63cae16028d307f34869,2014-2015,2014-2015-36ccc9,/items/italia/teams/torino/collections/03-15/2014-2015-36ccc9,/items/italia/teams/torino/collections/02-16/2014-2015-36ccc9,unique record references,ET028_EXCLUSIVE
46074,paises/italia/torino/1415.htm#editorial:hx001:table-240:description-table-249,paises/italia/torino,camisas/italia/torino/03_15,camisas/italia/torino/02_16,item:8f87a59248271108c3d19defe9df9a4c4beb38b6de9ef6d24f19ddc1ba7cdcb0,2014-2015,2014-2015-fc6958,/items/italia/teams/torino/collections/03-15/2014-2015-fc6958,/items/italia/teams/torino/collections/02-16/2014-2015-fc6958,unique record references,ET028_EXCLUSIVE
46092,paises/italia/torino/1516.htm#editorial:hx001:table-107:description-table-116,paises/italia/torino,camisas/italia/torino/03_17,camisas/italia/torino/07_18,item:2f178bfb166fe3a230b7031d18b377d2f8618678945814e5fb5b09c0d25496e8,2015-2016,2015-2016-bfef3a,/items/italia/teams/torino/collections/03-17/2015-2016-bfef3a,/items/italia/teams/torino/collections/07-18/2015-2016-bfef3a,unique record references,ET028_EXCLUSIVE
46096,paises/italia/torino/1516.htm#editorial:hx001:table-188:description-table-197,paises/italia/torino,camisas/italia/torino/03_17,camisas/italia/torino/07_17,item:80ba66e665c7bf3c217cb6efbe839737c9b2edc2bd2ef94ef38de20d3161c8fd,2015-2016,2015-2016-67ca04,/items/italia/teams/torino/collections/03-17/2015-2016-67ca04,/items/italia/teams/torino/collections/07-17/2015-2016-67ca04,unique record references,ET028_EXCLUSIVE
46104,paises/italia/torino/1617.htm#editorial:hx001:table-163:description-table-172,paises/italia/torino,camisas/italia/torino/08_17,camisas/italia/torino/03_19,item:a77ed83d4ccef5235679e3ed6fe3e14710beeb49826a21bae99487903b34a556,2016-2017,2016-2017-fba0f5,/items/italia/teams/torino/collections/08-17/2016-2017-fba0f5,/items/italia/teams/torino/collections/03-19/2016-2017-fba0f5,unique record references,ET028_EXCLUSIVE
46105,paises/italia/torino/1617.htm#editorial:hx001:table-188:description-table-197,paises/italia/torino,camisas/italia/torino/08_17,camisas/italia/torino/03_19,item:60dcb8abb9132e229f60bc1ac0b16a55c5583f398fd30c572c28b6e0a0bdadc3,2016-2017,2016-2017-f2feec,/items/italia/teams/torino/collections/08-17/2016-2017-f2feec,/items/italia/teams/torino/collections/03-19/2016-2017-f2feec,unique record references,ET028_EXCLUSIVE
46109,paises/italia/torino/1617.htm#editorial:hx001:table-274:description-table-283,paises/italia/torino,camisas/italia/torino/08_17,camisas/italia/torino/03_19,item:259f5cc3902c4193b466c8c433d905df6b59dbf0fbc55c035e959c8b35c74cb8,2016-2017,2016-2017-703941,/items/italia/teams/torino/collections/08-17/2016-2017-703941,/items/italia/teams/torino/collections/03-19/2016-2017-703941,unique record references,ET028_EXCLUSIVE
46111,paises/italia/torino/1718.htm#editorial:hx001:table-35:description-table-44,paises/italia/torino,camisas/italia/torino/06_18,camisas/italia/torino/03_19_2,item:e6157dc53f1416f04e057da95a83bc5ffc8d0e297f0bfd212925b332c041f3a4,2017-2018,2017-2018-84d227,/items/italia/teams/torino/collections/06-18/2017-2018-84d227,/items/italia/teams/torino/collections/03-19-2/2017-2018-84d227,unique record references,ET028_EXCLUSIVE
46113,paises/italia/torino/1718.htm#editorial:hx001:table-80:description-table-89,paises/italia/torino,camisas/italia/torino/06_18,camisas/italia/torino/03_19_2,item:ef402baaf5355b37a748d43b56c4a2ce8f9081ccff2c1dd01e959cbfeda8aea1,2017-2018,2017-2018-69154c,/items/italia/teams/torino/collections/06-18/2017-2018-69154c,/items/italia/teams/torino/collections/03-19-2/2017-2018-69154c,unique record references,ET028_EXCLUSIVE
46114,paises/italia/torino/1718.htm#editorial:hx001:table-103:description-table-112,paises/italia/torino,camisas/italia/torino/06_18,camisas/italia/torino/03_19,item:ef61ece0b880e5004f4d0340d8bb171859dd33ee8962a045a94baec3b3a78976,2017-2018,2017-2018-eadaa0,/items/italia/teams/torino/collections/06-18/2017-2018-eadaa0,/items/italia/teams/torino/collections/03-19/2017-2018-eadaa0,unique record references,ET028_EXCLUSIVE
46115,paises/italia/torino/1718.htm#editorial:hx001:table-126:description-table-135,paises/italia/torino,camisas/italia/torino/06_18,camisas/italia/torino/03_19,item:9e83e40a7538f67948b1f20283ba58c6706e78bdb913536a9429e8d91a33648a,2017-2018,2017-2018-3c2c1a,/items/italia/teams/torino/collections/06-18/2017-2018-3c2c1a,/items/italia/teams/torino/collections/03-19/2017-2018-3c2c1a,unique record references,ET028_EXCLUSIVE
46116,paises/italia/torino/1718.htm#editorial:hx001:table-150:description-table-159,paises/italia/torino,camisas/italia/torino/06_18,camisas/italia/torino/03_19,item:bbca3750102e7ca60c80cb869a66e7e8248fc473f5348988d5e7a2739ef09d54,2017-2018,2017-2018-aeabe6,/items/italia/teams/torino/collections/06-18/2017-2018-aeabe6,/items/italia/teams/torino/collections/03-19/2017-2018-aeabe6,unique record references,ET028_EXCLUSIVE
46117,paises/italia/torino/1718.htm#editorial:hx001:table-174:description-table-183,paises/italia/torino,camisas/italia/torino/06_18,camisas/italia/torino/03_19_2,item:03c7e3b4dd4fcae1869ae09be1c0b57337c2e42951f8b6f94e995fb360923b3f,2017-2018,2017-2018-d44501,/items/italia/teams/torino/collections/06-18/2017-2018-d44501,/items/italia/teams/torino/collections/03-19-2/2017-2018-d44501,unique record references,ET028_EXCLUSIVE
46118,paises/italia/torino/1718.htm#editorial:hx001:table-198:description-table-207,paises/italia/torino,camisas/italia/torino/06_18,camisas/italia/torino/03_19_2,item:1f13177f8cfce0d7c9553efad6a3102536c5388b4bc62b867349d887ca5e8902,2017-2018,2017-2018-64804a,/items/italia/teams/torino/collections/06-18/2017-2018-64804a,/items/italia/teams/torino/collections/03-19-2/2017-2018-64804a,unique record references,ET028_EXCLUSIVE
46119,paises/italia/torino/1718.htm#editorial:hx001:table-222:description-table-231,paises/italia/torino,camisas/italia/torino/06_18,camisas/italia/torino/03_19,item:3220ef831d7980a15cecbb57b49eea609ee1ccb11906b505059c917f49c3df95,2017-2018,2017-2018-805ad6,/items/italia/teams/torino/collections/06-18/2017-2018-805ad6,/items/italia/teams/torino/collections/03-19/2017-2018-805ad6,unique record references,ET028_EXCLUSIVE
46120,paises/italia/torino/1718.htm#editorial:hx001:table-246:description-table-255,paises/italia/torino,camisas/italia/torino/06_18,camisas/italia/torino/03_19_2,item:cc8c46b4126751a6ca96d8daa6c379dc8aef11850a2a8c2f9bb84ab56f40a8ab,2017-2018,2017-2018-23da72,/items/italia/teams/torino/collections/06-18/2017-2018-23da72,/items/italia/teams/torino/collections/03-19-2/2017-2018-23da72,unique record references,ET028_EXCLUSIVE
46121,paises/italia/torino/1718.htm#editorial:hx001:table-270:description-table-279,paises/italia/torino,camisas/italia/torino/06_18,camisas/italia/torino/03_19_2,item:330ab1a702358e9f3fefa07b6c95f961b0dc0fefbdbbf87e22915fbb6c8bc8c1,2017-2018,2017-2018-a26e98,/items/italia/teams/torino/collections/06-18/2017-2018-a26e98,/items/italia/teams/torino/collections/03-19-2/2017-2018-a26e98,unique record references,ET028_EXCLUSIVE
46124,paises/italia/torino/1819.htm#editorial:hx001:table-39:description-table-48,paises/italia/torino,camisas/italia/torino/07_19,camisas/italia/torino/03_19,item:c5818c65e8dcd3fa5e3acd1c7be6d152093f3ae058c2b8452afed07cfa3d2eaf,2018-2019,2018-2019-3e2ec0,/items/italia/teams/torino/collections/07-19/2018-2019-3e2ec0,/items/italia/teams/torino/collections/03-19/2018-2019-3e2ec0,unique record references,ET028_EXCLUSIVE
46125,paises/italia/torino/1819.htm#editorial:hx001:table-60:description-table-69,paises/italia/torino,camisas/italia/torino/07_19,camisas/italia/torino/03_19,item:0f9f6e438e62f744c19c41a02e976527e003635ef91ed8a16bf3046a918c0b93,2018-2019,2018-2019-9c402f,/items/italia/teams/torino/collections/07-19/2018-2019-9c402f,/items/italia/teams/torino/collections/03-19/2018-2019-9c402f,unique record references,ET028_EXCLUSIVE
46126,paises/italia/torino/1819.htm#editorial:hx001:table-81:description-table-90,paises/italia/torino,camisas/italia/torino/07_19,camisas/italia/torino/03_19_2,item:094a519b28001a612a78e00438ed0e9b4b3b0990c17ecc12be4c00ec7ea5691d,2018-2019,2018-2019-7d8256,/items/italia/teams/torino/collections/07-19/2018-2019-7d8256,/items/italia/teams/torino/collections/03-19-2/2018-2019-7d8256,unique record references,ET028_EXCLUSIVE
46128,paises/italia/torino/1819.htm#editorial:hx001:table-128:description-table-137,paises/italia/torino,camisas/italia/torino/07_19,camisas/italia/torino/10_19,item:3a1e862716c450d43ccd26396e7fdeed8790486debdbe11eb7bacc08906ba447,2018-2019,2018-2019-d8fcab,/items/italia/teams/torino/collections/07-19/2018-2019-d8fcab,/items/italia/teams/torino/collections/10-19/2018-2019-d8fcab,unique record references,ET028_EXCLUSIVE
46129,paises/italia/torino/1819.htm#editorial:hx001:table-151:description-table-160,paises/italia/torino,camisas/italia/torino/07_19,camisas/italia/torino/03_19,item:0c8adc887359e85c568d02b7067546dfecd2e731266aac4486cccd30eb0a8647,2018-2019,2018-2019-ac8900,/items/italia/teams/torino/collections/07-19/2018-2019-ac8900,/items/italia/teams/torino/collections/03-19/2018-2019-ac8900,unique record references,ET028_EXCLUSIVE
46130,paises/italia/torino/1819.htm#editorial:hx001:table-174:description-table-183,paises/italia/torino,camisas/italia/torino/07_19,camisas/italia/torino/03_19_2,item:ff7b2ea654b52bcf6e8a982c6de68d338b5aea6be19ca6fb66f474ff03f76faf,2018-2019,2018-2019-22d5c0,/items/italia/teams/torino/collections/07-19/2018-2019-22d5c0,/items/italia/teams/torino/collections/03-19-2/2018-2019-22d5c0,unique record references,ET028_EXCLUSIVE
46132,paises/italia/torino/1819.htm#editorial:hx001:table-220:description-table-229,paises/italia/torino,camisas/italia/torino/07_19,camisas/italia/torino/10_19,item:5f4dacbb1a703878ce48d1fdeaad070365f955cf8e5b89ef8bc555e28714f5b8,2018-2019,2018-2019-a53820,/items/italia/teams/torino/collections/07-19/2018-2019-a53820,/items/italia/teams/torino/collections/10-19/2018-2019-a53820,unique record references,ET028_EXCLUSIVE
46133,paises/italia/torino/1819.htm#editorial:hx001:table-241:description-table-250,paises/italia/torino,camisas/italia/torino/07_19,camisas/italia/torino/03_19,item:212d6f360d1d75257425b4a905fea3433f8b635ce3264b03d52cfc433a64b5fd,2018-2019,2018-2019-27b8ae,/items/italia/teams/torino/collections/07-19/2018-2019-27b8ae,/items/italia/teams/torino/collections/03-19/2018-2019-27b8ae,unique record references,ET028_EXCLUSIVE
46134,paises/italia/torino/1819.htm#editorial:hx001:table-265:description-table-274,paises/italia/torino,camisas/italia/torino/07_19,camisas/italia/torino/03_19,item:8f49f2f6819a48c8cb1467249724f2bbaf32576dfeed6b2415ec666bdac60ba9,2018-2019,2018-2019-9b5d67,/items/italia/teams/torino/collections/07-19/2018-2019-9b5d67,/items/italia/teams/torino/collections/03-19/2018-2019-9b5d67,unique record references,ET028_EXCLUSIVE
46140,paises/italia/torino/1920.htm#editorial:hx001:table-119:description-table-128,paises/italia/torino,camisas/italia/torino/08_22,camisas/italia/torino/05_23,item:dc360a79560e67ed290aea0f6af9567709a0be5e1833f959455aaeb6ced550ad,2019-2020,2019-2020-e22fce,/items/italia/teams/torino/collections/08-22/2019-2020-e22fce,/items/italia/teams/torino/collections/05-23/2019-2020-e22fce,unique record references,ET028_EXCLUSIVE
46156,paises/italia/torino/2021.htm#editorial:hx001:table-173:description-table-180,paises/italia/torino,camisas/italia/torino/08_22,camisas/italia/torino/06_23,item:8c67f6b3342f97ea3b4e7a2cb670944064a353f4cf95dc9b92bd901b0779f97e,2020-2021,2020-2021-8612bf,/items/italia/teams/torino/collections/08-22/2020-2021-8612bf,/items/italia/teams/torino/collections/06-23/2020-2021-8612bf,unique record references,ET028_EXCLUSIVE
46205,paises/italia/torino/4344.htm#editorial:hx001:table-50:description-table-58,paises/italia/torino,camisas/italia/torino/foto_tor,camisas/italia/torino/03_25,item:9806ae2fc2f2b2f9d6cc3f51796d4a7c2c01019f80bd27dda09b89b04c348553,1943-1944,1943-1944-c88a5a,/items/italia/teams/torino/collections/foto-tor/1943-1944-c88a5a,/items/italia/teams/torino/collections/03-25/1943-1944-c88a5a,unique record references,ET028_EXCLUSIVE
46224,paises/italia/torino/4748.htm#editorial:hx001:table-48:description-table-57,paises/italia/torino,camisas/italia/torino/foto_tor,camisas/italia/torino/05_23,item:1b3d3dfdc97403208cd54f89c41867b107307e633d913b2fa426d8bb20607ac1,1947-1948,1947-1948-0a9087,/items/italia/teams/torino/collections/foto-tor/1947-1948-0a9087,/items/italia/teams/torino/collections/05-23/1947-1948-0a9087,unique record references,ET028_EXCLUSIVE
46226,paises/italia/torino/4748.htm#editorial:hx001:table-90:description-table-99,paises/italia/torino,camisas/italia/torino/foto_tor,camisas/italia/torino/05_23,item:09e278b669894d9de68cf273ba591ce4228fff7b116b6747f960603d7c0a4b6f,1947-1948,1947-1948-217286,/items/italia/teams/torino/collections/foto-tor/1947-1948-217286,/items/italia/teams/torino/collections/05-23/1947-1948-217286,unique record references,ET028_EXCLUSIVE
46258,paises/italia/torino/5960.htm#editorial:hx001:table-63:description-table-72,paises/italia/torino,camisas/italia/torino/foto_tor,camisas/italia/torino/03_20,item:e077024efeed6e07d85994bc79365bbef9b3c562352a567da8d3b0660bff435e,1959-1960,1959-1960-4cde04,/items/italia/teams/torino/collections/foto-tor/1959-1960-4cde04,/items/italia/teams/torino/collections/03-20/1959-1960-4cde04,unique record references,ET028_EXCLUSIVE
46259,paises/italia/torino/5960.htm#editorial:hx001:table-81:description-table-90,paises/italia/torino,camisas/italia/torino/foto_tor,camisas/italia/torino/03_20,item:ccd1502772dc03ac60e6cb3af6bd05787cd730c302dd02d3d0a2300269213bdd,1959-1960,1959-1960-e81c1a,/items/italia/teams/torino/collections/foto-tor/1959-1960-e81c1a,/items/italia/teams/torino/collections/03-20/1959-1960-e81c1a,unique record references,ET028_EXCLUSIVE
46261,paises/italia/torino/6061.htm#editorial:hx001:table-25:description-table-32,paises/italia/torino,camisas/italia/torino/foto_tor,camisas/italia/torino/08_18_3,item:6e7bf041e374dff8acf92ccd3ccd6a27c6c9c8d32c9e16722e782c43aa406c69,1960-1961,1960-1961-18d7e3,/items/italia/teams/torino/collections/foto-tor/1960-1961-18d7e3,/items/italia/teams/torino/collections/08-18-3/1960-1961-18d7e3,unique record references,ET028_EXCLUSIVE
46262,paises/italia/torino/6061.htm#editorial:hx001:table-41:description-table-50,paises/italia/torino,camisas/italia/torino/foto_tor,camisas/italia/torino/03_20,item:ad4b400bd9cc5c995e484f1f746c3bbc3742e0c7396bf8978868fd19dba56495,1960-1961,1960-1961-61160b,/items/italia/teams/torino/collections/foto-tor/1960-1961-61160b,/items/italia/teams/torino/collections/03-20/1960-1961-61160b,unique record references,ET028_EXCLUSIVE
46263,paises/italia/torino/6061.htm#editorial:hx001:table-59:description-table-68,paises/italia/torino,camisas/italia/torino/foto_tor,camisas/italia/torino/03_20,item:489380d8800b11821c0a2772d843bf949bcf0cdd09e1c06e13944938fd2e300d,1960-1961,1960-1961-eb5b93,/items/italia/teams/torino/collections/foto-tor/1960-1961-eb5b93,/items/italia/teams/torino/collections/03-20/1960-1961-eb5b93,unique record references,ET028_EXCLUSIVE
46266,paises/italia/torino/6162.htm#editorial:hx001:table-45:description-table-54,paises/italia/torino,camisas/italia/torino/foto_tor,camisas/italia/torino/08_18_3,item:4f2ed088c56e5b6b0b3c700c42a230e883c153cf13f04734bff2725d7fe0cdbb,1961-1962,1961-1962-7c9cd1,/items/italia/teams/torino/collections/foto-tor/1961-1962-7c9cd1,/items/italia/teams/torino/collections/08-18-3/1961-1962-7c9cd1,unique record references,ET028_EXCLUSIVE
46267,paises/italia/torino/6162.htm#editorial:hx001:table-63:description-table-72,paises/italia/torino,camisas/italia/torino/foto_tor,camisas/italia/torino/03_20,item:ce973c43354faa4240dd71ba7a1db63c3746d967a00a217dc57a9a3aa561c745,1961-1962,1961-1962-b1f6fe,/items/italia/teams/torino/collections/foto-tor/1961-1962-b1f6fe,/items/italia/teams/torino/collections/03-20/1961-1962-b1f6fe,unique record references,ET028_EXCLUSIVE
46268,paises/italia/torino/6162.htm#editorial:hx001:table-81:description-table-90,paises/italia/torino,camisas/italia/torino/foto_tor,camisas/italia/torino/03_20,item:446f58133cf9197ace7169be763fc13c824411528ce2ac1e035d461fab378ad7,1961-1962,1961-1962-ed3713,/items/italia/teams/torino/collections/foto-tor/1961-1962-ed3713,/items/italia/teams/torino/collections/03-20/1961-1962-ed3713,unique record references,ET028_EXCLUSIVE
46271,paises/italia/torino/6162.htm#editorial:hx001:table-135:description-table-141,paises/italia/torino,camisas/italia/torino/foto_tor,camisas/italia/torino/08_18,item:55b6e0414396226a33b5a0b4c0531b19176d5638eeb15cb87f8f3e2d0f078039,1961-1962,1961-1962-804aa8,/items/italia/teams/torino/collections/foto-tor/1961-1962-804aa8,/items/italia/teams/torino/collections/08-18/1961-1962-804aa8,unique record references,ET028_EXCLUSIVE
46275,paises/italia/torino/6263.htm#editorial:hx001:table-66:description-table-75,paises/italia/torino,camisas/italia/torino/foto_tor,camisas/italia/torino/03_20,item:18a901c351b1ef7e3c3f865f1a68e7eeecea1d5818b127f4269ab7bc081e41e5,1962-1963,1962-1963-3179ca,/items/italia/teams/torino/collections/foto-tor/1962-1963-3179ca,/items/italia/teams/torino/collections/03-20/1962-1963-3179ca,unique record references,ET028_EXCLUSIVE
46276,paises/italia/torino/6263.htm#editorial:hx001:table-84:description-table-93,paises/italia/torino,camisas/italia/torino/foto_tor,camisas/italia/torino/03_20,item:dfdcdb42625d56730931122116da66bb3484833700dfde983e676570bb9faba7,1962-1963,1962-1963-e3e2b1,/items/italia/teams/torino/collections/foto-tor/1962-1963-e3e2b1,/items/italia/teams/torino/collections/03-20/1962-1963-e3e2b1,unique record references,ET028_EXCLUSIVE
46280,paises/italia/torino/6364.htm#editorial:hx001:table-63:description-table-72,paises/italia/torino,camisas/italia/torino/foto_tor,camisas/italia/torino/03_20,item:c66f9bd1554fa818db445b107ca92e8cd73a733c4e8e21611c747729aeb3f029,1963-1964,1963-1964-4c75aa,/items/italia/teams/torino/collections/foto-tor/1963-1964-4c75aa,/items/italia/teams/torino/collections/03-20/1963-1964-4c75aa,unique record references,ET028_EXCLUSIVE
46284,paises/italia/torino/6465.htm#editorial:hx001:table-45:description-table-54,paises/italia/torino,camisas/italia/torino/foto_tor,camisas/italia/torino/03_20,item:94e713736f27e05ac2348ff41fbc7127909410de643a0b7b125a489350d5d62d,1964-1965,1964-1965-a64fbf,/items/italia/teams/torino/collections/foto-tor/1964-1965-a64fbf,/items/italia/teams/torino/collections/03-20/1964-1965-a64fbf,unique record references,ET028_EXCLUSIVE
46287,paises/italia/torino/6566.htm#editorial:hx001:table-46:description-table-55,paises/italia/torino,camisas/italia/torino/foto_tor,camisas/italia/torino/08_18,item:709f3dc8bc7cc7ef5739b0e4b8dda0311efffb5c5738411c1b1e84dd1a6b3a46,1965-1966,1965-1966-b156b4,/items/italia/teams/torino/collections/foto-tor/1965-1966-b156b4,/items/italia/teams/torino/collections/08-18/1965-1966-b156b4,unique record references,ET028_EXCLUSIVE
46289,paises/italia/torino/6566.htm#editorial:hx001:table-83:description-table-90,paises/italia/torino,camisas/italia/torino/foto_tor,camisas/italia/torino/08_18_2,item:35daeaa2e7a82edb2e7582c3340f481787932fb907110e4c7944df27c041f030,1965-1966,1965-1966-48fc78,/items/italia/teams/torino/collections/foto-tor/1965-1966-48fc78,/items/italia/teams/torino/collections/08-18-2/1965-1966-48fc78,unique record references,ET028_EXCLUSIVE
46293,paises/italia/torino/6667.htm#editorial:hx001:table-68:description-table-77,paises/italia/torino,camisas/italia/torino/foto_tor,camisas/italia/torino/09_15,item:3231713c3899e4779bdefdfb37cab823d0ce0093383a9fff750d33c6b3005f6c,1966-1967,1966-1967-c01c77,/items/italia/teams/torino/collections/foto-tor/1966-1967-c01c77,/items/italia/teams/torino/collections/09-15/1966-1967-c01c77,unique record references,ET028_EXCLUSIVE
46297,paises/italia/torino/6768.htm#editorial:hx001:table-48:description-table-57,paises/italia/torino,camisas/italia/torino/foto_tor,camisas/italia/torino/11_21_2,item:925616f0b7a4d9df3d51d95923b546fa726d936ba3c4382932b03b1b5f885e3a,1967-1968,1967-1968-3b8179,/items/italia/teams/torino/collections/foto-tor/1967-1968-3b8179,/items/italia/teams/torino/collections/11-21-2/1967-1968-3b8179,unique record references,ET028_EXCLUSIVE
46299,paises/italia/torino/6768.htm#editorial:hx001:table-86:description-table-93,paises/italia/torino,camisas/italia/torino/foto_tor,camisas/italia/torino/70-80,item:0e6460135346d52598f6cc64f301497dddbd0dcf89e0ce047f2cdbe62fc39ef9,1967-1968,1967-1968-d9370d,/items/italia/teams/torino/collections/foto-tor/1967-1968-d9370d,/items/italia/teams/torino/collections/70-80/1967-1968-d9370d,unique record references,ET028_EXCLUSIVE
46303,paises/italia/torino/6869.htm#editorial:hx001:table-43:description-table-50,paises/italia/torino,camisas/italia/torino/foto_tor,camisas/italia/torino/03_20,item:42a9659714ed948d7cb8ac4130e3029f2fa7399b285adf03c219df1d7cebbb31,1968-1969,1968-1969-30fc4b,/items/italia/teams/torino/collections/foto-tor/1968-1969-30fc4b,/items/italia/teams/torino/collections/03-20/1968-1969-30fc4b,unique record references,ET028_EXCLUSIVE
46304,paises/italia/torino/6869.htm#editorial:hx001:table-61:description-table-68,paises/italia/torino,camisas/italia/torino/foto_tor,camisas/italia/torino/11_21_2,item:4e721f0e8e1bfb0e7f228997ad6734de4819cf4983a9bf17cef12413df56317a,1968-1969,1968-1969-ff1e2d,/items/italia/teams/torino/collections/foto-tor/1968-1969-ff1e2d,/items/italia/teams/torino/collections/11-21-2/1968-1969-ff1e2d,unique record references,ET028_EXCLUSIVE
46305,paises/italia/torino/6869.htm#editorial:hx001:table-81:description-table-88,paises/italia/torino,camisas/italia/torino/foto_tor,camisas/italia/torino/11_21_2,item:5a7eef280870ea821d808f4fc822561bf30622dfa73a551aad99ec06dbdec0fc,1968-1969,1968-1969-c849c3,/items/italia/teams/torino/collections/foto-tor/1968-1969-c849c3,/items/italia/teams/torino/collections/11-21-2/1968-1969-c849c3,unique record references,ET028_EXCLUSIVE
46307,paises/italia/torino/6869.htm#editorial:hx001:table-121:description-table-130,paises/italia/torino,camisas/italia/torino/foto_tor,camisas/italia/torino/03_20,item:6a27535a5eb48f7afabdea4346c7d6627180194fc574d539efd8158206bcd8eb,1968-1969,1968-1969-343f06,/items/italia/teams/torino/collections/foto-tor/1968-1969-343f06,/items/italia/teams/torino/collections/03-20/1968-1969-343f06,unique record references,ET028_EXCLUSIVE
46310,paises/italia/torino/6970.htm#editorial:hx001:table-47:description-table-56,paises/italia/torino,camisas/italia/torino/foto_tor,camisas/italia/torino/07_13,item:398b06a369d1aa1ff5dcb5323ab64592be05931d8622970c5ede24ada82ae9b6,1969-1970,1969-1970-721cfa,/items/italia/teams/torino/collections/foto-tor/1969-1970-721cfa,/items/italia/teams/torino/collections/07-13/1969-1970-721cfa,unique record references,ET028_EXCLUSIVE
46314,paises/italia/torino/6970.htm#editorial:hx001:table-119:description-table-126,paises/italia/torino,camisas/italia/torino/foto_tor,camisas/italia/torino/03_20,item:938441d4d91e91b40b439b0dfff91101b2de69678595abb72e6fdd1b2ddd6b2f,1969-1970,1969-1970-c72399,/items/italia/teams/torino/collections/foto-tor/1969-1970-c72399,/items/italia/teams/torino/collections/03-20/1969-1970-c72399,unique record references,ET028_EXCLUSIVE
46315,paises/italia/torino/6970.htm#editorial:hx001:table-135:description-table-144,paises/italia/torino,camisas/italia/torino/foto_tor,camisas/italia/torino/06_23,item:059e66ba0fdd5d4c0ab472e7626257bb63a82e277e783d0412ecec488ec892c2,1969-1970,1969-1970-6f344b,/items/italia/teams/torino/collections/foto-tor/1969-1970-6f344b,/items/italia/teams/torino/collections/06-23/1969-1970-6f344b,unique record references,ET028_EXCLUSIVE
46318,paises/italia/torino/7071.htm#editorial:hx001:table-46:description-table-54,paises/italia/torino,camisas/italia/torino/foto_tor,camisas/italia/torino/12_17,item:1aabedd8aeefff26c98bd96c3543e9e40cf40abe5d93663d953597340318756b,1970-1971,1970-1971-4f0780,/items/italia/teams/torino/collections/foto-tor/1970-1971-4f0780,/items/italia/teams/torino/collections/12-17/1970-1971-4f0780,unique record references,ET028_EXCLUSIVE
46321,paises/italia/torino/7172.htm#editorial:hx001:table-52:description-table-61,paises/italia/torino,camisas/italia/torino/foto_tor,camisas/italia/torino/11_21_2,item:90919ea35bc7f929189127f0b33b65153e4d3712891ef220af0f21a7fe0232ea,1971-1972,1971-1972-1b4578,/items/italia/teams/torino/collections/foto-tor/1971-1972-1b4578,/items/italia/teams/torino/collections/11-21-2/1971-1972-1b4578,unique record references,ET028_EXCLUSIVE
46322,paises/italia/torino/7172.htm#editorial:hx001:table-74:description-table-83,paises/italia/torino,camisas/italia/torino/foto_tor,camisas/italia/torino/07_13,item:4518934725568e4f80b12cfa124745863fbff452aa4f21a141dbcee6efcbe665,1971-1972,1971-1972-582c1b,/items/italia/teams/torino/collections/foto-tor/1971-1972-582c1b,/items/italia/teams/torino/collections/07-13/1971-1972-582c1b,unique record references,ET028_EXCLUSIVE
46323,paises/italia/torino/7172.htm#editorial:hx001:table-96:description-table-105,paises/italia/torino,camisas/italia/torino/foto_tor,camisas/italia/torino/11_21_2,item:237c8146def17e10aae341470014eb570817ac4262bee4705548a3e41f100b50,1971-1972,1971-1972-ea9111,/items/italia/teams/torino/collections/foto-tor/1971-1972-ea9111,/items/italia/teams/torino/collections/11-21-2/1971-1972-ea9111,unique record references,ET028_EXCLUSIVE
46324,paises/italia/torino/7172.htm#editorial:hx001:table-118:description-table-125,paises/italia/torino,camisas/italia/torino/foto_tor,camisas/italia/torino/08_18,item:b9c0282c007140a6483d1bfc63823276a18158cf9a4b5d659bf38a350d108a3c,1971-1972,1971-1972-323cdf,/items/italia/teams/torino/collections/foto-tor/1971-1972-323cdf,/items/italia/teams/torino/collections/08-18/1971-1972-323cdf,unique record references,ET028_EXCLUSIVE
46325,paises/italia/torino/7172.htm#editorial:hx001:table-138:description-table-145,paises/italia/torino,camisas/italia/torino/foto_tor,camisas/italia/torino/04_20,item:ed36a1291ff2e89e7d8b385eb001139439f8631c33f1a6900bb2735e48f748af,1971-1972,1971-1972-58048a,/items/italia/teams/torino/collections/foto-tor/1971-1972-58048a,/items/italia/teams/torino/collections/04-20/1971-1972-58048a,unique record references,ET028_EXCLUSIVE
46326,paises/italia/torino/7172.htm#editorial:hx001:table-158:description-table-167,paises/italia/torino,camisas/italia/torino/foto_tor,camisas/italia/torino/11_21_2,item:afd3ef85a5da2f162a13eea8f80a8d2462895c32fe76288b33b8bfc7ac978b14,1971-1972,1971-1972-84858e,/items/italia/teams/torino/collections/foto-tor/1971-1972-84858e,/items/italia/teams/torino/collections/11-21-2/1971-1972-84858e,unique record references,ET028_EXCLUSIVE
46327,paises/italia/torino/7172.htm#editorial:hx001:table-180:description-table-191,paises/italia/torino,camisas/italia/torino/foto_tor,camisas/italia/torino/05_23,item:b998a82f05414eb8de4f4c49e6c0e60b692bcc5df5f9235ab7047a51b01203bc,1971-1972,1971-1972-654fe4,/items/italia/teams/torino/collections/foto-tor/1971-1972-654fe4,/items/italia/teams/torino/collections/05-23/1971-1972-654fe4,unique record references,ET028_EXCLUSIVE
46330,paises/italia/torino/7273.htm#editorial:hx001:table-44:description-table-53,paises/italia/torino,camisas/italia/torino/foto_tor,camisas/italia/torino/03_20,item:60c6de1367282a07c1da6c1abed513ee9ddfb9f6a84f8553fa49dd70364efc9f,1972-1973,1972-1973-f40414,/items/italia/teams/torino/collections/foto-tor/1972-1973-f40414,/items/italia/teams/torino/collections/03-20/1972-1973-f40414,unique record references,ET028_EXCLUSIVE
46337,paises/italia/torino/7475.htm#editorial:hx001:table-27:description-table-36,paises/italia/torino,camisas/italia/torino/foto_tor,camisas/italia/torino/07_13,item:dcc591c3caaa863687c20cd83cb278335cb2ce51d68500591e4af42023aadccb,1974-1975,1974-1975-421fd7,/items/italia/teams/torino/collections/foto-tor/1974-1975-421fd7,/items/italia/teams/torino/collections/07-13/1974-1975-421fd7,unique record references,ET028_EXCLUSIVE
46339,paises/italia/torino/7475.htm#editorial:hx001:table-65:description-table-72,paises/italia/torino,camisas/italia/torino/foto_tor,camisas/italia/torino/70-80,item:793cdd81185279a32b2df688ef7b8f22ecd0b10cd76402947c65018777bbf34a,1974-1975,1974-1975-b54a07,/items/italia/teams/torino/collections/foto-tor/1974-1975-b54a07,/items/italia/teams/torino/collections/70-80/1974-1975-b54a07,unique record references,ET028_EXCLUSIVE
46341,paises/italia/torino/7475.htm#editorial:hx001:table-101:description-table-110,paises/italia/torino,camisas/italia/torino/foto_tor,camisas/italia/torino/02_17,item:5bbdcaf8452c9c265f6a9f83dab94a614dd00168f431e4017d072f68f48a3156,1974-1975,1974-1975-85a3e1,/items/italia/teams/torino/collections/foto-tor/1974-1975-85a3e1,/items/italia/teams/torino/collections/02-17/1974-1975-85a3e1,unique record references,ET028_EXCLUSIVE
46345,paises/italia/torino/7576.htm#editorial:hx001:table-66:description-table-75,paises/italia/torino,camisas/italia/torino/foto_tor,camisas/italia/torino/02_17,item:84e4bdb89ba3c8753fd45f92814e3243b50ed451c9c198b09e4fbab8980db413,1975-1976,1975-1976-98f9ac,/items/italia/teams/torino/collections/foto-tor/1975-1976-98f9ac,/items/italia/teams/torino/collections/02-17/1975-1976-98f9ac,unique record references,ET028_EXCLUSIVE
46353,paises/italia/torino/7677.htm#editorial:hx001:table-121:description-table-130,paises/italia/torino,camisas/italia/torino/foto_tor,camisas/italia/torino/11_21_2,item:b38c221e2b500aab6c67211fca375670176e748b6e640afff627d2651dc7c790,1976-1977,1976-1977-30f5d6,/items/italia/teams/torino/collections/foto-tor/1976-1977-30f5d6,/items/italia/teams/torino/collections/11-21-2/1976-1977-30f5d6,unique record references,ET028_EXCLUSIVE
46354,paises/italia/torino/7677.htm#editorial:hx001:table-140:description-table-149,paises/italia/torino,camisas/italia/torino/foto_tor,camisas/italia/torino/09_15,item:5c25682e6b66de005db390c0ff08d8aace83ca481a14b954453ab8472dc24bd8,1976-1977,1976-1977-afeb57,/items/italia/teams/torino/collections/foto-tor/1976-1977-afeb57,/items/italia/teams/torino/collections/09-15/1976-1977-afeb57,unique record references,ET028_EXCLUSIVE
46355,paises/italia/torino/7677.htm#editorial:hx001:table-159:description-table-168,paises/italia/torino,camisas/italia/torino/foto_tor,camisas/italia/torino/09_24,item:0deeca432de762bda1f64554df4d2d467bb4ddd9c85eabadbc72ba8dd8bf9eb8,1976-1977,1976-1977-0f8fd7,/items/italia/teams/torino/collections/foto-tor/1976-1977-0f8fd7,/items/italia/teams/torino/collections/09-24/1976-1977-0f8fd7,unique record references,ET028_EXCLUSIVE
46369,paises/italia/torino/7980.htm#editorial:hx001:table-25:description-table-34,paises/italia/torino,camisas/italia/torino/foto_tor,camisas/italia/torino/07_13,item:28cf0b860ea386ce65455bdc267c861cf96d01a896064dac6c638014686697b0,1979-1980,1979-1980-005863,/items/italia/teams/torino/collections/foto-tor/1979-1980-005863,/items/italia/teams/torino/collections/07-13/1979-1980-005863,unique record references,ET028_EXCLUSIVE
46372,paises/italia/torino/7980.htm#editorial:hx001:table-83:description-table-92,paises/italia/torino,camisas/italia/torino/foto_tor,camisas/italia/torino/07_13,item:2a9c2111bdb4d05c95d1a24f687801d4e11c90fd4fa6f3032e13c2ff676e964d,1979-1980,1979-1980-2a161d,/items/italia/teams/torino/collections/foto-tor/1979-1980-2a161d,/items/italia/teams/torino/collections/07-13/1979-1980-2a161d,unique record references,ET028_EXCLUSIVE
46373,paises/italia/torino/7980.htm#editorial:hx001:table-102:description-table-111,paises/italia/torino,camisas/italia/torino/foto_tor,camisas/italia/torino/02_17,item:bf07dce30f53f00fcb66702f73a9747eb66a53b8eb9ef91a449b4234532584e3,1979-1980,1979-1980-3b2b58,/items/italia/teams/torino/collections/foto-tor/1979-1980-3b2b58,/items/italia/teams/torino/collections/02-17/1979-1980-3b2b58,unique record references,ET028_EXCLUSIVE
46374,paises/italia/torino/7980.htm#editorial:hx001:table-121:description-table-130,paises/italia/torino,camisas/italia/torino/foto_tor,camisas/italia/torino/09_24,item:1fe1686b4df6ed3259a1c312e4b62aef374c60892554968352825a5e362b7c76,1979-1980,1979-1980-edd459,/items/italia/teams/torino/collections/foto-tor/1979-1980-edd459,/items/italia/teams/torino/collections/09-24/1979-1980-edd459,unique record references,ET028_EXCLUSIVE
46375,paises/italia/torino/7980.htm#editorial:hx001:table-140:description-table-151,paises/italia/torino,camisas/italia/torino/foto_tor,camisas/italia/torino/02_17,item:968e8a3466e5a8697fe6b92f442908fd16219f8509587c9be09ebc71ee4ae529,1979-1980,1979-1980-1d0cc5,/items/italia/teams/torino/collections/foto-tor/1979-1980-1d0cc5,/items/italia/teams/torino/collections/02-17/1979-1980-1d0cc5,unique record references,ET028_EXCLUSIVE
46384,paises/italia/torino/8283.htm#editorial:hx001:table-52:description-table-61,paises/italia/torino,camisas/italia/torino/foto_tor,camisas/italia/torino/05_23,item:225cab30c6164616507abc336ea79ea21446584e551acfe7a5775c0cd12a38c0,1982-1983,1982-1983-84c24c,/items/italia/teams/torino/collections/foto-tor/1982-1983-84c24c,/items/italia/teams/torino/collections/05-23/1982-1983-84c24c,unique record references,ET028_EXCLUSIVE
46388,paises/italia/torino/8283.htm#editorial:hx001:table-134:description-table-143,paises/italia/torino,camisas/italia/torino/foto_tor,camisas/italia/torino/03_20,item:92175e1285862facd986bd6966613ec66d03b5c5cade4f69c27dc4614389fd9b,1982-1983,1982-1983-edb14e,/items/italia/teams/torino/collections/foto-tor/1982-1983-edb14e,/items/italia/teams/torino/collections/03-20/1982-1983-edb14e,unique record references,ET028_EXCLUSIVE
46389,paises/italia/torino/8283.htm#editorial:hx001:table-161:description-table-170,paises/italia/torino,camisas/italia/torino/foto_tor,camisas/italia/torino/05_23,item:a8570885a23e3e9e7a0309638fd5663ecffbc0a6ca2afdd12a30c8f7aeb60eb3,1982-1983,1982-1983-6b267b,/items/italia/teams/torino/collections/foto-tor/1982-1983-6b267b,/items/italia/teams/torino/collections/05-23/1982-1983-6b267b,unique record references,ET028_EXCLUSIVE
46391,paises/italia/torino/8283.htm#editorial:hx001:table-211:description-table-218,paises/italia/torino,camisas/italia/torino/foto_tor,camisas/italia/torino/11_21_2,item:5c12f17f203230d53bfd5378f32b6cf6d26c7f2d76e1e3463c0ececa6a74dff3,1982-1983,1982-1983-a74838,/items/italia/teams/torino/collections/foto-tor/1982-1983-a74838,/items/italia/teams/torino/collections/11-21-2/1982-1983-a74838,unique record references,ET028_EXCLUSIVE
46395,paises/italia/torino/8384.htm#editorial:hx001:table-47:description-table-56,paises/italia/torino,camisas/italia/torino/foto_tor,camisas/italia/torino/03_15_2,item:dc8b5f84c2532481fd70a6f2e622725af287bcdb649a9dc6e5c580e5917776d7,1983-1984,1983-1984-cba048,/items/italia/teams/torino/collections/foto-tor/1983-1984-cba048,/items/italia/teams/torino/collections/03-15-2/1983-1984-cba048,unique record references,ET028_EXCLUSIVE
46396,paises/italia/torino/8384.htm#editorial:hx001:table-67:description-table-76,paises/italia/torino,camisas/italia/torino/foto_tor,camisas/italia/torino/02_17,item:25a634a2f43f3fee03e9fc0c28ff324be4fcc4e89b9303fb72accb5bf891fbf9,1983-1984,1983-1984-1eb7d5,/items/italia/teams/torino/collections/foto-tor/1983-1984-1eb7d5,/items/italia/teams/torino/collections/02-17/1983-1984-1eb7d5,unique record references,ET028_EXCLUSIVE
46402,paises/italia/torino/8485.htm#editorial:hx001:table-83:description-table-92,paises/italia/torino,camisas/italia/torino/foto_tor,camisas/italia/torino/08_18_2,item:6df5eb5661e84add16d0914ad6d7350cf29a7dd69cc097e54b536d7302b9553c,1984-1985,1984-1985-eddee7,/items/italia/teams/torino/collections/foto-tor/1984-1985-eddee7,/items/italia/teams/torino/collections/08-18-2/1984-1985-eddee7,unique record references,ET028_EXCLUSIVE
46404,paises/italia/torino/8485.htm#editorial:hx001:table-121:description-table-130,paises/italia/torino,camisas/italia/torino/foto_tor,camisas/italia/torino/04_15,item:8f9a0e34fd48a6a75d775ef188a5d90a9dbe6e71e291949ca2a7df11e73ab14f,1984-1985,1984-1985-90b440,/items/italia/teams/torino/collections/foto-tor/1984-1985-90b440,/items/italia/teams/torino/collections/04-15/1984-1985-90b440,unique record references,ET028_EXCLUSIVE
46405,paises/italia/torino/8485.htm#editorial:hx001:table-140:description-table-149,paises/italia/torino,camisas/italia/torino/foto_tor,camisas/italia/torino/80-90,item:082c4f8429c8173e81cde74535912f7c5a4a3e09ac5f62449ad3900f0807e3ea,1984-1985,1984-1985-385f7d,/items/italia/teams/torino/collections/foto-tor/1984-1985-385f7d,/items/italia/teams/torino/collections/80-90/1984-1985-385f7d,unique record references,ET028_EXCLUSIVE
46421,paises/italia/torino/8687.htm#editorial:hx001:table-225:description-table-232,paises/italia/torino,camisas/italia/torino/foto_tor,camisas/italia/torino/07_13_2,item:97a9bd52a6947fb8d55aa885e686b70150c36d600c4e872e6b6cc9c8a2c1b35e,1986-1987,1986-1987-bd17e1,/items/italia/teams/torino/collections/foto-tor/1986-1987-bd17e1,/items/italia/teams/torino/collections/07-13-2/1986-1987-bd17e1,unique record references,ET028_EXCLUSIVE
46422,paises/italia/torino/8687.htm#editorial:hx001:table-243:description-table-250,paises/italia/torino,camisas/italia/torino/foto_tor,camisas/italia/torino/07_13_2,item:815d4519d933a13bfd79123b7ce6fe0a47e5b7aa0745ef2e6675e230ff10b049,1986-1987,1986-1987-179296,/items/italia/teams/torino/collections/foto-tor/1986-1987-179296,/items/italia/teams/torino/collections/07-13-2/1986-1987-179296,unique record references,ET028_EXCLUSIVE
46433,paises/italia/torino/8788.htm#editorial:hx001:table-206:description-table-215,paises/italia/torino,camisas/italia/torino/foto_tor,camisas/italia/torino/09_15,item:5b75b8f7d54dbb5b40662a99f354353f2e0e0ff3d5fc4ea4a30608fadc1defcb,1987-1988,1987-1988-1420d5,/items/italia/teams/torino/collections/foto-tor/1987-1988-1420d5,/items/italia/teams/torino/collections/09-15/1987-1988-1420d5,unique record references,ET028_EXCLUSIVE
46435,paises/italia/torino/8788.htm#editorial:hx001:table-250:description-table-259,paises/italia/torino,camisas/italia/torino/foto_tor,camisas/italia/torino/02_17,item:4dcf5c85749e06a88b6f53067613b92e3c7b6527222eea1ffc12f4c2fc5a4fba,1987-1988,1987-1988-fe5df9,/items/italia/teams/torino/collections/foto-tor/1987-1988-fe5df9,/items/italia/teams/torino/collections/02-17/1987-1988-fe5df9,unique record references,ET028_EXCLUSIVE
46440,paises/italia/torino/8788.htm#editorial:hx001:table-353:description-table-360,paises/italia/torino,camisas/italia/torino/foto_tor,camisas/italia/torino/02_22,item:7c9baaf62781e53d357005fc709b525d72e3f4f23d368053058cca85f10977a2,1987-1988,1987-1988-540c6b,/items/italia/teams/torino/collections/foto-tor/1987-1988-540c6b,/items/italia/teams/torino/collections/02-22/1987-1988-540c6b,unique record references,ET028_EXCLUSIVE
46446,paises/italia/torino/8889.htm#editorial:hx001:table-67:description-table-77,paises/italia/torino,camisas/italia/torino/foto_tor,camisas/italia/torino/02_17,item:dc7e2ba1c22077db34a0539aa7eba04f67aca3dbdf8c9fdfd350a64eab4c49af,1988-1989,1988-1989-716e7d,/items/italia/teams/torino/collections/foto-tor/1988-1989-716e7d,/items/italia/teams/torino/collections/02-17/1988-1989-716e7d,unique record references,ET028_EXCLUSIVE
46447,paises/italia/torino/8889.htm#editorial:hx001:table-90:description-table-98,paises/italia/torino,camisas/italia/torino/foto_tor,camisas/italia/torino/11_21,item:62002416b20011f563206e79a3051ef0131f239a9859793ea935fc60af6c784f,1988-1989,1988-1989-c0cbe6,/items/italia/teams/torino/collections/foto-tor/1988-1989-c0cbe6,/items/italia/teams/torino/collections/11-21/1988-1989-c0cbe6,unique record references,ET028_EXCLUSIVE
46448,paises/italia/torino/8889.htm#editorial:hx001:table-111:description-table-119,paises/italia/torino,camisas/italia/torino/foto_tor,camisas/italia/torino/05_24,item:1e2e4321001f99643349f9401cc6de121a8519cfd6183b6228c65adf8c1ba496,1988-1989,1988-1989-fff606,/items/italia/teams/torino/collections/foto-tor/1988-1989-fff606,/items/italia/teams/torino/collections/05-24/1988-1989-fff606,unique record references,ET028_EXCLUSIVE
46449,paises/italia/torino/8889.htm#editorial:hx001:table-132:description-table-140,paises/italia/torino,camisas/italia/torino/foto_tor,camisas/italia/torino/05_24,item:9ff9a5fa81bf32693fb934ea99a8971aee9adc8e6cd8ae70d339aa1db049bbb5,1988-1989,1988-1989-f1866d,/items/italia/teams/torino/collections/foto-tor/1988-1989-f1866d,/items/italia/teams/torino/collections/05-24/1988-1989-f1866d,unique record references,ET028_EXCLUSIVE
46452,paises/italia/torino/8889.htm#editorial:hx001:table-192:description-table-202,paises/italia/torino,camisas/italia/torino/foto_tor,camisas/italia/torino/07_13_2,item:941d61181f8aeeebcc67affd1628503b7de144e3f30f54ca91dde456a3de327e,1988-1989,1988-1989-6b9ff5,/items/italia/teams/torino/collections/foto-tor/1988-1989-6b9ff5,/items/italia/teams/torino/collections/07-13-2/1988-1989-6b9ff5,unique record references,ET028_EXCLUSIVE
46458,paises/italia/torino/8990.htm#editorial:hx001:table-71:description-table-81,paises/italia/torino,camisas/italia/torino/foto_tor,camisas/italia/torino/02_17,item:c03881d67f782ba820cbaec7823d55f73c7e97e89f063415e0fcb0cb5f1bed5c,1989-1990,1989-1990-b80006,/items/italia/teams/torino/collections/foto-tor/1989-1990-b80006,/items/italia/teams/torino/collections/02-17/1989-1990-b80006,unique record references,ET028_EXCLUSIVE
46462,paises/italia/torino/8990.htm#editorial:hx001:table-154:description-table-161,paises/italia/torino,camisas/italia/torino/foto_tor,camisas/italia/torino/80-90,item:99bb8947e2d3fe5f6a0399d4370a2d1d578d684af13e4b66055ac734e86ccdb5,1989-1990,1989-1990-8987fe,/items/italia/teams/torino/collections/foto-tor/1989-1990-8987fe,/items/italia/teams/torino/collections/80-90/1989-1990-8987fe,unique record references,ET028_EXCLUSIVE
46478,paises/italia/torino/9192.htm#editorial:hx001:table-253:description-table-260,paises/italia/torino,camisas/italia/torino/foto_tor,camisas/italia/torino/10_13,item:2b6cbe6711fc820150baa4b08bcc65105730a22829ceaa2908558a333a22c35a,1991-1992,1991-1992-a06344,/items/italia/teams/torino/collections/foto-tor/1991-1992-a06344,/items/italia/teams/torino/collections/10-13/1991-1992-a06344,unique record references,ET028_EXCLUSIVE
46498,paises/italia/torino/9394.htm#editorial:hx001:table-159:description-table-166,paises/italia/torino,camisas/italia/torino/foto_tor,camisas/italia/torino/10_13,item:46bf066850e71c4b096eb58fb2937d011f2c1f7b0599177edbcde2aa44ca228b,1993-1994,1993-1994-8aa581,/items/italia/teams/torino/collections/foto-tor/1993-1994-8aa581,/items/italia/teams/torino/collections/10-13/1993-1994-8aa581,unique record references,ET028_EXCLUSIVE
46506,paises/italia/torino/9596.htm#editorial:hx001:table-46:description-table-53,paises/italia/torino,camisas/italia/torino/foto_tor,camisas/italia/torino/07_13_2,item:8cc75e95d9f7878b8cc0d8806c8e9d76a6d8f1b056fae0b38735f0912b4de15e,1995-1996,1995-1996-8245a3,/items/italia/teams/torino/collections/foto-tor/1995-1996-8245a3,/items/italia/teams/torino/collections/07-13-2/1995-1996-8245a3,unique record references,ET028_EXCLUSIVE
46510,paises/italia/torino/9596.htm#editorial:hx001:table-127:description-table-136,paises/italia/torino,camisas/italia/torino/foto_tor,camisas/italia/torino/07_13_2,item:6480937667cb2610f4054c85fa5dac2e61bd16ccfb345f0d01e79ef20e5ab60b,1995-1996,1995-1996-857cde,/items/italia/teams/torino/collections/foto-tor/1995-1996-857cde,/items/italia/teams/torino/collections/07-13-2/1995-1996-857cde,unique record references,ET028_EXCLUSIVE
46511,paises/italia/torino/9596.htm#editorial:hx001:table-146:description-table-153,paises/italia/torino,camisas/italia/torino/foto_tor,camisas/italia/torino/10_19,item:945cda6f95482326757435e6ae8a487c700d33ca599d91392f1f2433d7b2ca82,1995-1996,1995-1996-c149a7,/items/italia/teams/torino/collections/foto-tor/1995-1996-c149a7,/items/italia/teams/torino/collections/10-19/1995-1996-c149a7,unique record references,ET028_EXCLUSIVE
46529,paises/italia/torino/9899.htm#editorial:hx001:table-87:description-table-97,paises/italia/torino,camisas/italia/torino/foto_tor,camisas/italia/torino/08_16,item:373091c510a85e229c7c5d58061183b0bf526974697e85c051301f2761bc33f8,1998-1999,1998-1999-0b104b,/items/italia/teams/torino/collections/foto-tor/1998-1999-0b104b,/items/italia/teams/torino/collections/08-16/1998-1999-0b104b,unique record references,ET028_EXCLUSIVE
46591,paises/italia/udinese/9293.htm#editorial:hx001:table-31:description-table-40,paises/italia/udinese,camisas/italia/udinese/02_17,camisas/italia/udinese/10_19,item:d28aceab3d130b0a1e2dab0f533fbca92495cec35fea7cceca7d56b0ec3634b4,1992-1993,1992-1993-e207c3,/items/italia/teams/udinese/collections/02-17/1992-1993-e207c3,/items/italia/teams/udinese/collections/10-19/1992-1993-e207c3,unique record references,ET028_EXCLUSIVE
46614,paises/italia/verona/8990.htm#editorial:hx001:table-35:description-table-44,paises/italia/verona,camisas/italia/verona/02_17,camisas/italia/verona/10_19,item:25e09f0031824aca049353e3eaa243f6b364e21e15eb7aa90968ec7b892b5556,1989-1990,1989-1990-491046,/items/italia/teams/verona/collections/02-17/1989-1990-491046,/items/italia/teams/verona/collections/10-19/1989-1990-491046,unique record references,ET028_EXCLUSIVE
46622,paises/italia/vicenza/7778.htm#editorial:hx001:table-31:description-table-38,paises/italia/vicenza,camisas/italia/vicenza/02_17,camisas/italia/vicenza/04_20,item:f9025928507c3a93a0620b7f06e938bdb2b7e671ffab6953598a86793857bbb4,1977-1978,1977-1978-d6e695,/items/italia/teams/vicenza/collections/02-17/1977-1978-d6e695,/items/italia/teams/vicenza/collections/04-20/1977-1978-d6e695,unique record references,ET028_EXCLUSIVE
46623,paises/italia/vicenza/7778.htm#editorial:hx001:table-49:description-table-56,paises/italia/vicenza,camisas/italia/vicenza/02_17,camisas/italia/vicenza/02_25,item:f5ec7d88762f9c4f330b810343ff8c828ed57d6acf27772726cbd5626f372e2d,1977-1978,1977-1978-f84784,/items/italia/teams/vicenza/collections/02-17/1977-1978-f84784,/items/italia/teams/vicenza/collections/02-25/1977-1978-f84784,unique record references,ET028_EXCLUSIVE
46702,paises/outros/cerro uru/2018.htm#editorial:hx001:table-36:description-table-45,paises/outros/cerro uru,camisas/outros/cerro_uru/09_18,camisas/outros/cerro_uru/03_19,item:80f8a8410a46890b901625c6572b9df7e6c3048ea3712793053689b4bf6160c9,2018,2018-611b5e,/items/outros/teams/cerro-uru/collections/09-18/2018-611b5e,/items/outros/teams/cerro-uru/collections/03-19/2018-611b5e,unique record references,ET028_EXCLUSIVE
46703,paises/outros/cerro uru/2018.htm#editorial:hx001:table-61:description-table-70,paises/outros/cerro uru,camisas/outros/cerro_uru/09_18,camisas/outros/cerro_uru/03_19,item:b4342671cbf866b52d7707689fd918c7eb2ae7607fa9a4a01afefc970db97b33,2018,2018-0d12a2,/items/outros/teams/cerro-uru/collections/09-18/2018-0d12a2,/items/outros/teams/cerro-uru/collections/03-19/2018-0d12a2,unique record references,ET028_EXCLUSIVE
46778,paises/outros/mexico/2014.htm#editorial:hx001:table-35:description-table-44,paises/outros/mexico,camisas/outros/mexico/08_14_2,camisas/outros/mexico/08_14,item:1a9ca0b14002cbbb30606641e7d071bdb537465d9afd76fc60e7d5a22a001a4e,2014,2014-493a77,/items/outros/teams/mexico/collections/08-14-2/2014-493a77,/items/outros/teams/mexico/collections/08-14/2014-493a77,unique record references,ET028_EXCLUSIVE
46779,paises/outros/mexico/2014.htm#editorial:hx001:table-62:description-table-71,paises/outros/mexico,camisas/outros/mexico/08_14_2,camisas/outros/mexico/03_15,item:b9ebe27cc66d6f71b7670a294dd593c5f1606a9e0018e1fb07dce87a44f7e5b3,2014,2014-cdb607,/items/outros/teams/mexico/collections/08-14-2/2014-cdb607,/items/outros/teams/mexico/collections/03-15/2014-cdb607,unique record references,ET028_EXCLUSIVE
46854,paises/outros/venezuela/2015.htm#editorial:hx001:table-34:description-table-43,paises/outros/venezuela,camisas/outros/venezuela/01_16,camisas/outros/venezuela/06_16,item:706f6b20e09c2eead682feb8a6c2614f18c1f0d24c3e97f7a27f11316be181d0,2015,2015-f701c8,/items/outros/teams/venezuela/collections/01-16/2015-f701c8,/items/outros/teams/venezuela/collections/06-16/2015-f701c8,unique record references,ET028_EXCLUSIVE
