item_id,identity,team_path,collection_before,collection_after,stable_key_before,stable_key_after,applied
42423,paises/brasil/atletico/1979.htm#editorial:hx001:table-65:description-table-74,paises/brasil/atletico,camisas/brasil/atletico/10_12,camisas/brasil/atletico/02_17,item:172eec4933820cf41e20d20a1fe7a1e31689b3bc04b0004868151828fdc8962a,item:0f4b0b33d595cdc6479609f15011aaea2f80581c729972305be9ddd5c7d30a46,TRUE
42425,paises/brasil/atletico/1979.htm#editorial:hx001:table-101:description-table-108,paises/brasil/atletico,camisas/brasil/atletico/10_12,camisas/brasil/atletico/04_16,item:dfae688fcf5f60ccd5c6d50b85abab8329a07a5a91217f47afb1cec62a10758b,item:02ac60406c92173873d145e518439388f3e305aaa2832cf8ab37bf394fa2f736,TRUE
42432,paises/brasil/atletico/1981.htm#editorial:hx001:table-72:description-table-81,paises/brasil/atletico,camisas/brasil/atletico/10_12,camisas/brasil/atletico/03_16,item:6229389ac8a3324113fc45181f5fbbda5bc10901f130927c52ce106653b10bbc,item:6c05e385d9a7eca42bf0fd8f1014aa235101119580a7092390be13ac83f4aeb6,TRUE
42434,paises/brasil/atletico/1981.htm#editorial:hx001:table-110:description-table-117,paises/brasil/atletico,camisas/brasil/atletico/10_12,camisas/brasil/atletico/01_20,item:acaeb7f72d351d02ceb9ee07a75d999b2029cd442563a495a076d5f805df4411,item:e43087672d952ea151e403a806d0eded262b79099faee6314d8ec953c553a3d9,TRUE
42439,paises/brasil/atletico/1981.htm#editorial:hx001:table-201:description-table-208,paises/brasil/atletico,camisas/brasil/atletico/10_12,camisas/brasil/atletico/03_16,item:f5e11575189c31b49963eb35bf80335ebaea67d05ccba5fabd7ac6386509dcf0,item:9223671d6d2fe6c31c386e8f117fff60a07a1af62b90b4229f878e4fc945046b,TRUE
42443,paises/brasil/atletico/1982.htm#editorial:hx001:table-69:description-table-76,paises/brasil/atletico,camisas/brasil/atletico/11_21_2,camisas/brasil/atletico/11_17,item:7dadf5069e72854479ad8bbe0839794314c062517139b9c1e95ca459f457e78d,item:543993a43969166705ca2e2e5d5acc2cceea16ffb762df05aa8db6163e45104f,TRUE
42444,paises/brasil/atletico/1982.htm#editorial:hx001:table-86:description-table-93,paises/brasil/atletico,camisas/brasil/atletico/11_21_2,camisas/brasil/atletico/11_17,item:1fad2503a485ea0283b4691470940b45208a5f05de0a802d179eef6b48ca3145,item:83d93b9a29f2236bd7194494c419ee06c83276ccad3983b0b3f7b43a02bf0a3d,TRUE
42445,paises/brasil/atletico/1982.htm#editorial:hx001:table-103:description-table-110,paises/brasil/atletico,camisas/brasil/atletico/11_21_2,camisas/brasil/atletico/03_16,item:23f06ed48d14fdf05a8877e552b3081d4f906138b967d63d5f9a52c440defea0,item:d92759ba943f47fc60f536b8d0dcf96f735d0b2e024833307ccf7eb39b780556,TRUE
42454,paises/brasil/atletico/1987.htm#editorial:hx001:table-64:description-table-71,paises/brasil/atletico,camisas/brasil/atletico/05_15,camisas/brasil/atletico/03_16,item:408cd735cea2038018275b2a1d6a1d48aac4a1f80cde5fde9b35272b1b8def75,item:02f6e72ae6a283353b79d2a5cd07054cfbe8b4038b665ac90d7ad4b4128a2760,TRUE
42455,paises/brasil/atletico/1987.htm#editorial:hx001:table-80:description-table-87,paises/brasil/atletico,camisas/brasil/atletico/05_15,camisas/brasil/atletico/03_16,item:4805c0bdbb3addcb0f6cac590bc8740eb191206cf297783702edaf7c5e445e25,item:1134a7c63a197e860acbebcc34e0326dfc41256125f922a19640e149a785e556,TRUE
42469,paises/brasil/atletico/1994.htm#editorial:hx001:table-79:description-table-86,paises/brasil/atletico,camisas/brasil/atletico/10_09,camisas/brasil/atletico/07_13,item:01a7ef5782a1a6cbb5a1c39c5fed409857da0948bc7d51c986b3822ac6ca0990,item:4757dff2f6df6455d2f53c88d190810f65879d30e6ffaf4497741c56d267f611,TRUE
42472,paises/brasil/atletico/1995.htm#editorial:hx001:table-45:description-table-52,paises/brasil/atletico,camisas/brasil/atletico/10_09,camisas/brasil/atletico/03_16,item:9b50fe0d9fab5997ec9af8cc874ef6284d9bd888791cd4b3279ff175dbc4a8c4,item:5896cfc9091aeabf4b92f3e25322cc3ac4bc6e917d657566d8a4db24c2e630df,TRUE
42520,paises/brasil/atletico/2014.htm#editorial:hx001:table-55:description-table-64,paises/brasil/atletico,camisas/brasil/atletico/04_14,camisas/brasil/atletico/03_16,item:20249e0713440fb07472dc34e0c41a32e598aa858ca6635ba73edc5137159cb4,item:51eb5a9bafccd11cf1a223565f84ae1af3697a900b955dc29e47595b7823ddff,TRUE
42522,paises/brasil/atletico/2014.htm#editorial:hx001:table-99:description-table-108,paises/brasil/atletico,camisas/brasil/atletico/04_14,camisas/brasil/atletico/06_14,item:f6e232809eacefdb4a612d20305ca6692ca7eacc0ad8ccf0259614a111228d35,item:dc411fe9d514020280591c6a8600b380232620c32a590fbc0ed2786c603db1b6,TRUE
42524,paises/brasil/atletico/2014.htm#editorial:hx001:table-143:description-table-152,paises/brasil/atletico,camisas/brasil/atletico/04_14,camisas/brasil/atletico/03_16,item:5e0023838683c3f1f71d4d8ff90be91b456f37df37ee8984eda325b4569550dd,item:eadd9fd6eaa3110bcae6082df4a8073da14482e93c1e8edae92090347d94c606,TRUE
42525,paises/brasil/atletico/2014.htm#editorial:hx001:table-165:description-table-174,paises/brasil/atletico,camisas/brasil/atletico/04_14,camisas/brasil/atletico/06_14,item:e6eef1347ccf0dcc1f3b3ae8f4c69e70b650c7ad3bc2d00dfa81519d8c18eaf9,item:15de6cdfe376cbe235769be7343079209728ba9b2c821a3c23192c77fe7f015f,TRUE
42526,paises/brasil/atletico/2014.htm#editorial:hx001:table-187:description-table-196,paises/brasil/atletico,camisas/brasil/atletico/04_14,camisas/brasil/atletico/08_14,item:419175ba00b4dae16a2fa4fa942e7cbb54980da3cf8b3bdeeeb8b4ef99fcc6c9,item:cec764bddd298bdd322c478eb3925d2e999a5e4f8e340405c35d00409e1e6fc2,TRUE
42528,paises/brasil/atletico/2014.htm#editorial:hx001:table-231:description-table-238,paises/brasil/atletico,camisas/brasil/atletico/04_14,camisas/brasil/atletico/06_14,item:ea3f3bfcc4a34a6077f1aca1807d3464fba75552f8c3f10bc0d03e7818d7d893,item:5e6e271c0361deafb58b1e4887d3115fd386ca65e43907248dc1e76fed6d5d5b,TRUE
42530,paises/brasil/atletico/2014.htm#editorial:hx001:table-271:description-table-280,paises/brasil/atletico,camisas/brasil/atletico/04_14,camisas/brasil/atletico/03_16,item:084844580cfe4bf7269af7508ad4f81d19b2071c9d8a9189835a8563daf65315,item:73d1cd16855ca9cae0cbb31f42d9caa972b73c3639828924fa5e946641a333ce,TRUE
42531,paises/brasil/atletico/2014.htm#editorial:hx001:table-293:description-table-302,paises/brasil/atletico,camisas/brasil/atletico/04_14,camisas/brasil/atletico/03_16,item:46f7678a7f0535918c8d721a85b5e75aac37ec2f56a4af0634ed8a877d934942,item:5221279546833603d2760498a5982d38ccb8a7d624fcff7112de3e933046e906,TRUE
42532,paises/brasil/atletico/2014.htm#editorial:hx001:table-315:description-table-324,paises/brasil/atletico,camisas/brasil/atletico/04_14,camisas/brasil/atletico/08_14_2,item:73b586329febee3a7673da20af8deaae0f331204859a8b25bc82f409ba5cc43d,item:bead00e60ad16bd850fdd8244274c6d96af5bdc98d74e576b6b94ab534521084,TRUE
42537,paises/brasil/atletico/2015.htm#editorial:hx001:table-107:description-table-116,paises/brasil/atletico,camisas/brasil/atletico/04_15,camisas/brasil/atletico/03_16,item:22812046c7a3427411ef29210447d4b5cdd904110dacdee79793398c4fa923d2,item:6c9ce90b48ff853d3f178427faa689adea0eb70468cbce9c5a6458fc817c4c7a,TRUE
42538,paises/brasil/atletico/2015.htm#editorial:hx001:table-132:description-table-141,paises/brasil/atletico,camisas/brasil/atletico/04_15,camisas/brasil/atletico/03_16,item:8729ca6d722505b079b1d5c91c552470b5f32049b73a465f43ca407a3617ba6c,item:deb9340782cc309e04c7d8d843826184ad9031a341f390ae2c1c290a0e6d1e1d,TRUE
42539,paises/brasil/atletico/2015.htm#editorial:hx001:table-158:description-table-167,paises/brasil/atletico,camisas/brasil/atletico/04_15,camisas/brasil/atletico/03_16,item:d2918dece17c472de8e32fc7d73f101a8e87cc51578497f0ea05a967abc919a2,item:57a62a342d464c0baed132ccd521aa834f7297dc29dcc08c24919308ca763d38,TRUE
42540,paises/brasil/atletico/2015.htm#editorial:hx001:table-183:description-table-192,paises/brasil/atletico,camisas/brasil/atletico/04_15,camisas/brasil/atletico/03_16,item:59a8232818e2f1471f7e903bf331f264abba61cf1933c96cfd2285cec49ee6e8,item:1971dfa990711103fd2beb68fb271eaa15fda960e5c10fbed2a8d1e3d248efdb,TRUE
42541,paises/brasil/atletico/2015.htm#editorial:hx001:table-208:description-table-217,paises/brasil/atletico,camisas/brasil/atletico/04_15,camisas/brasil/atletico/03_16,item:70141d5cb7d0a332408c9a34ed0e5012e68a1610c79cb51937f7d7ea0a3e0aac,item:f96907105ca0ebd8b77465a3454e30e2fa0fd7fb6728287ebd6f359f70f8cf23,TRUE
42542,paises/brasil/atletico/2015.htm#editorial:hx001:table-233:description-table-242,paises/brasil/atletico,camisas/brasil/atletico/04_15,camisas/brasil/atletico/06_16,item:1c2829d3761834f9f3b8c68c7af5793107a00846fee1cd3fa8fd4d4b7c0b0f43,item:25a0d9d2d534bf2be1cfe46f9575dee344827f68e809cb588775d908919b3abf,TRUE
42543,paises/brasil/atletico/2015.htm#editorial:hx001:table-258:description-table-267,paises/brasil/atletico,camisas/brasil/atletico/04_15,camisas/brasil/atletico/06_16,item:b4ee5c87ada853a75b053bca143fe9f4576d3f609d1129109e6ee195f092b669,item:5a8935e77d2150c2d0b967c3860000e6f0f889d7a46242147cb0804501b33156,TRUE
42544,paises/brasil/atletico/2015.htm#editorial:hx001:table-283:description-table-292,paises/brasil/atletico,camisas/brasil/atletico/04_15,camisas/brasil/atletico/06_16,item:9aee98b3831670e09821f03d36cb2b8c4a79ea7c43f3b12d49c45d00207e46be,item:2a2373d48c68665202a810b85f98ef2e14135dd7606b5b25211ee2c561e7c0b9,TRUE
42547,paises/brasil/atletico/2015.htm#editorial:hx001:table-360:description-table-369,paises/brasil/atletico,camisas/brasil/atletico/04_15,camisas/brasil/atletico/03_16,item:d5968a393a8685f73f2bdf61bf373015034178a3c8f7a91fb1718893ecec14e2,item:890482f7593a8636921419f066b14395d830d13e9e11f4340ab6d37dc0eca008,TRUE
42548,paises/brasil/atletico/2015.htm#editorial:hx001:table-386:description-table-395,paises/brasil/atletico,camisas/brasil/atletico/04_15,camisas/brasil/atletico/03_16,item:5b73ceef2e618b338a3aa08cdc1bcc074c98f2ae1a8f6a48c54297d5bccd2d09,item:1f64012a28536ba5b89f9993d87a19d3305598d23a9d653ff3c860fc42b4063d,TRUE
42549,paises/brasil/atletico/2015.htm#editorial:hx001:table-412:description-table-421,paises/brasil/atletico,camisas/brasil/atletico/04_15,camisas/brasil/atletico/03_16,item:28127e57ea8d36c719f5b5557fcb0b9467dbf0fba51b44e1e5b5be53bc3e23e4,item:89691eca8342f674234d93d9c5a7f3ad04b7658d5c4ccbe7c96df188e124a015,TRUE
42550,paises/brasil/atletico/2015.htm#editorial:hx001:table-438:description-table-447,paises/brasil/atletico,camisas/brasil/atletico/04_15,camisas/brasil/atletico/03_16,item:25caac4cc18b9c31de49171f2258cc66115b95c7f620b9d55f300668b0829d4f,item:2397aba341f445eb5a36e3399d736eb76017deaadc305e8c2b340ae8970a77c4,TRUE
42551,paises/brasil/atletico/2015.htm#editorial:hx001:table-463:description-table-472,paises/brasil/atletico,camisas/brasil/atletico/04_15,camisas/brasil/atletico/03_16,item:656e3dad7882561cd985a787c22981c3c6234fdff963b54941907c44399c2886,item:1b7a642d92bb64a138e64406542b931725a17b9189b8ac4dffba6e5138b894b6,TRUE
42552,paises/brasil/atletico/2015.htm#editorial:hx001:table-488:description-table-497,paises/brasil/atletico,camisas/brasil/atletico/04_15,camisas/brasil/atletico/04_16,item:8a9a85a44333a4368a7e08aea8f87ec5f5e2839313b4e2fdf88bc35d0db934ca,item:bd2f8761e8e4f85c0f80896bbea3f5a0a6799705bdc765f3175481846ee66e41,TRUE
42553,paises/brasil/atletico/2015.htm#editorial:hx001:table-513:description-table-522,paises/brasil/atletico,camisas/brasil/atletico/04_15,camisas/brasil/atletico/04_16,item:9d2f7075fbaea13bf3ea1c38d3994aeb3b83c2093f8c1e6565748e0811417f58,item:af792929f6db5bd261851f54cc352a33d2594cfdda72c4f3d3fe870d459e9f9b,TRUE
42554,paises/brasil/atletico/2015.htm#editorial:hx001:table-538:description-table-547,paises/brasil/atletico,camisas/brasil/atletico/04_15,camisas/brasil/atletico/04_16,item:1b036e02ae5a323f8ce447e656477efbc3ef9cd2928db09e5e0df2c1bf85d750,item:2fe9f5788cf636c5fe34aa887b97aede5ce247d2fbf55b26d036b31daa9e8505,TRUE
42557,paises/brasil/atletico/2015.htm#editorial:hx001:table-613:description-table-622,paises/brasil/atletico,camisas/brasil/atletico/04_15,camisas/brasil/atletico/03_16,item:7fea1a660d651df35a9dc382cae13d5b42a82b36c29514427d41fa7c777a6c1a,item:e68b6a96e4bac2a958a7c84061658ae0a57444e38605278d881805ba4ed82684,TRUE
42559,paises/brasil/atletico/2015.htm#editorial:hx001:table-663:description-table-672,paises/brasil/atletico,camisas/brasil/atletico/04_15,camisas/brasil/atletico/03_16,item:14657c3c0dd2a428e61926838ed572081224d8b14f8d31297e749c328af189ae,item:92765bbd18bb4a9d5362d9fb0d574efe120544b6d1a7b91ba489e927ccb13b60,TRUE
42560,paises/brasil/atletico/2015.htm#editorial:hx001:table-688:description-table-695,paises/brasil/atletico,camisas/brasil/atletico/04_15,camisas/brasil/atletico/03_16,item:38f5c07aa5a36f5ca45e0d60f8215ac84c495aabaa9355679ec7eb0fe6ed2bae,item:8eb2a01cd55cb4bd877472e07c2f678deb656246d2de3924ba427f384b6fa40b,TRUE
42568,paises/brasil/atletico/2016.htm#editorial:hx001:table-165:description-table-174,paises/brasil/atletico,camisas/brasil/atletico/03_17,camisas/brasil/atletico/04_20,item:55b869d85f4964088f50e5f0249346bac987884f00b7add834623f10178119ff,item:12782a3eec214ddabbf5b6a72b9e26336aa36b6b8f3dfe8ed4cd16f644ae2d16,TRUE
42569,paises/brasil/atletico/2016.htm#editorial:hx001:table-188:description-table-197,paises/brasil/atletico,camisas/brasil/atletico/03_17,camisas/brasil/atletico/04_20,item:8fcc2758aeae379e1c3afeae63f1465158e6f11cb5cbfb757dbfbb0254e5fd68,item:8b3725bfdf8657e371e6e9948399ed6df5cf8f1d86caeb0593d8aaba9403a0f0,TRUE
42570,paises/brasil/atletico/2016.htm#editorial:hx001:table-211:description-table-220,paises/brasil/atletico,camisas/brasil/atletico/03_17,camisas/brasil/atletico/04_20,item:c2b164b29c77f6eb7c5f115be9548cb16ba23ea8ddd9f2b4c87ae7acfe6017b0,item:b6799524f642764b3e3e62579c752a25bce3309f7a186528528d7ceb9fa63999,TRUE
42583,paises/brasil/atletico/2017.htm#editorial:hx001:table-33:description-table-42,paises/brasil/atletico,camisas/brasil/atletico/07_17,camisas/brasil/atletico/03_20,item:befd897028411553c82029bd25d12f5f46a47ed2663252153f7b697f5cf9956c,item:ca304c96747d9f46d01cbd3d96eee10cfad558b32ab0cd954a6f6f45d95b1b2a,TRUE
42584,paises/brasil/atletico/2017.htm#editorial:hx001:table-56:description-table-65,paises/brasil/atletico,camisas/brasil/atletico/07_17,camisas/brasil/atletico/03_20,item:ec57bf89bf4b8413776cdc3d7a05108fcaa67f4b3d9a30df3bcf2f91fcb33994,item:d744c46d4ce27fac66692ef437223896b60227a7586be9a027476f6fe6ec3544,TRUE
42586,paises/brasil/atletico/2017.htm#editorial:hx001:table-101:description-table-110,paises/brasil/atletico,camisas/brasil/atletico/07_17,camisas/brasil/atletico/11_17,item:984634383166c06adfbcea95de1d0ddbc96f43f1efaa7f3b6756ce96dda8e5f7,item:c76109e2c60944ead9f5f50566c547e07a1722ec30acde6e2b95e4ea02620449,TRUE
42587,paises/brasil/atletico/2017.htm#editorial:hx001:table-123:description-table-132,paises/brasil/atletico,camisas/brasil/atletico/07_17,camisas/brasil/atletico/11_17,item:0c69765ac7a981820bb48cb7cadd65212d50742646c42ce78f0e41e67290332e,item:4097bff02cbaa308cab2b61d4ebb75f749faf84c761b942fe96f2541240829bd,TRUE
42589,paises/brasil/atletico/2017.htm#editorial:hx001:table-167:description-table-176,paises/brasil/atletico,camisas/brasil/atletico/07_17,camisas/brasil/atletico/02_22,item:b829da9360bb829a7c0f9e3f1d615a132d4b677dcfd53029db49b96db790b0fb,item:8d5bb7e64c36e74c1ef9fb9e8f4bb50b3ed93f1f1a2c0cd529fe5e8916ede980,TRUE
42590,paises/brasil/atletico/2017.htm#editorial:hx001:table-190:description-table-199,paises/brasil/atletico,camisas/brasil/atletico/07_17,camisas/brasil/atletico/11_17,item:900db3f4fbbd2b48282f648e7a013fd8ecc89c4b471675c7b1fd5c1747db5427,item:a77be5d2b45d980b8160050bbc985f308433a06870bb2e26cb9bb3a827d1dd18,TRUE
42592,paises/brasil/atletico/2017.htm#editorial:hx001:table-234:description-table-243,paises/brasil/atletico,camisas/brasil/atletico/07_17,camisas/brasil/atletico/01_18,item:d2404132952063dbd1731884e1255227ee8b9fbadc69ac456b49078afe9c4c57,item:0a3776b41b80a135df1d24c5715151b95b277db24c53e2f25e6029f4030da846,TRUE
42593,paises/brasil/atletico/2017.htm#editorial:hx001:table-256:description-table-265,paises/brasil/atletico,camisas/brasil/atletico/07_17,camisas/brasil/atletico/11_17,item:cc7a39cbc912e94cef26cd05c5d847fc593a459c52081115cb4a03549d7833b9,item:7fa2d618a004eb78f6034a4a09812701c4d6ae16076e6fe0bf933ff40409f8b7,TRUE
42595,paises/brasil/atletico/2017.htm#editorial:hx001:table-300:description-table-309,paises/brasil/atletico,camisas/brasil/atletico/07_17,camisas/brasil/atletico/11_17,item:b7bac5a6c83a76219ffa7652311cab4d19fe3621705c0ca13e9b671ead53424b,item:6b8f2bddfa6de76269eeccdd874ebf415cb2f6ff721e84e1c6be34d8839c3498,TRUE
42599,paises/brasil/atletico/2018.htm#editorial:hx001:table-80:description-table-89,paises/brasil/atletico,camisas/brasil/atletico/07_18,camisas/brasil/atletico/08_18,item:d0a13a6b88c3cd16bc53ab1f35574b0469f95d353766b723ced1f107d6be402c,item:6edb886ca06080ad4656d02241729489226b8197d9bc92f8ea3b5e39f6c700e4,TRUE
42600,paises/brasil/atletico/2018.htm#editorial:hx001:table-103:description-table-112,paises/brasil/atletico,camisas/brasil/atletico/07_18,camisas/brasil/atletico/08_18,item:71d263b584c25db7ecdc3cfebb380defe7883ff3f612c74e23a19ae59062a826,item:38fa140be33ebc57af69bc34333ef030adcace6697996cf30896681c9cd1010e,TRUE
42602,paises/brasil/atletico/2018.htm#editorial:hx001:table-148:description-table-157,paises/brasil/atletico,camisas/brasil/atletico/07_18,camisas/brasil/atletico/10_18,item:b106f2d1397e14af6c8acec89d07d3d1528bf5077c7ddb2f36309ac796597bf2,item:afcb5c67769e58050d8089c95b2f89746a392303e4b7550a231137697ec9d1b8,TRUE
42603,paises/brasil/atletico/2018.htm#editorial:hx001:table-171:description-table-180,paises/brasil/atletico,camisas/brasil/atletico/07_18,camisas/brasil/atletico/10_18,item:78080d155a073193be9a35beb7e4307ba5893265a59e866666af6a42bc24ebff,item:64eca4abd5f4ad75d21e6555ab7ea4deee3c0352ce3a73ec8f10a9042039e663,TRUE
42604,paises/brasil/atletico/2018.htm#editorial:hx001:table-194:description-table-203,paises/brasil/atletico,camisas/brasil/atletico/07_18,camisas/brasil/atletico/10_18,item:4d0405220159af1e8c420cb150963f93a2c7d3e6f1e675d942a2fd98f00434d9,item:19b2d810f98cb6c3fd3d57ef262cbab2685c21866988a49e9df1f906dbc804ab,TRUE
42605,paises/brasil/atletico/2018.htm#editorial:hx001:table-217:description-table-226,paises/brasil/atletico,camisas/brasil/atletico/07_18,camisas/brasil/atletico/03_19,item:d75e49a68a2e61489aac10a4631c12b7846f07158733a3b1a345c12072b27c8d,item:6527160620e28dac6555539f3e7c7f303306dd27fd45683001b5f02288e0463f,TRUE
42606,paises/brasil/atletico/2018.htm#editorial:hx001:table-240:description-table-249,paises/brasil/atletico,camisas/brasil/atletico/07_18,camisas/brasil/atletico/01_19,item:ced9c564b625a79a7c86dc8953f3fc9d7f71a629f76e469763e8483fc696621a,item:0f6ef509bf1d21c5123ee60045bee1630bf951c657debe274e24f633a47de0a3,TRUE
42607,paises/brasil/atletico/2018.htm#editorial:hx001:table-263:description-table-272,paises/brasil/atletico,camisas/brasil/atletico/07_18,camisas/brasil/atletico/01_19,item:469ab89c7e946992a01a687cbac5519ca23687ea5c098b5ed1c6490251a0b3b8,item:0aff37258da1f72fdc1e2af74e80c43aa25a2ed834ed6ec991c675043184b7d6,TRUE
42608,paises/brasil/atletico/2018.htm#editorial:hx001:table-286:description-table-295,paises/brasil/atletico,camisas/brasil/atletico/07_18,camisas/brasil/atletico/03_19,item:c03a3ff7d022c0bebc0cd8e266d39b7512ee5122ddc30379054ffcfebd35fc2e,item:4b2e00f8d8a42feae891bb99ccbaf80848697b6e40a7473c3155e454815611d2,TRUE
42609,paises/brasil/atletico/2018.htm#editorial:hx001:table-310:description-table-319,paises/brasil/atletico,camisas/brasil/atletico/07_18,camisas/brasil/atletico/03_19,item:6190a8bb25075dd23d13c2f8470115bbadfb75b21b06e3a611ad1442beeda76f,item:b3b0c9c9f8a83e8cc9d18b58668cab2b63f7eb976d79d8e5077160139bac4300,TRUE
42610,paises/brasil/atletico/2018.htm#editorial:hx001:table-334:description-table-343,paises/brasil/atletico,camisas/brasil/atletico/07_18,camisas/brasil/atletico/03_19,item:15d8a9c1583ffd42e6c3b268c2880bc8ebfa4ed5592810e731ca0056480a20bc,item:3d0f3a7542b99b48a7a4368902c24ed412b58f69b9fd48e47e37b5404486e363,TRUE
42611,paises/brasil/atletico/2018.htm#editorial:hx001:table-358:description-table-367,paises/brasil/atletico,camisas/brasil/atletico/07_18,camisas/brasil/atletico/08_18,item:7bea5e021e144c26c53017547426b7ae0e664b8dd5d5742370b6fe8e170971ca,item:e169255a32587fc435bd74227898b391fa184d2ec38085e30821fddff947d151,TRUE
42612,paises/brasil/atletico/2018.htm#editorial:hx001:table-381:description-table-390,paises/brasil/atletico,camisas/brasil/atletico/07_18,camisas/brasil/atletico/08_18,item:ed514403e734532fef78e2f3c4587196f7a3c52e2fb7bc6f0aab66b7424d5db5,item:7ed8add17cd9957f20dc5852ebcebdce270111d1387c59aee8c8957d16d32ba6,TRUE
42613,paises/brasil/atletico/2018.htm#editorial:hx001:table-404:description-table-413,paises/brasil/atletico,camisas/brasil/atletico/07_18,camisas/brasil/atletico/08_18,item:da256aa859e14b84f43e09574f34ffb9c40c8f14974f4ef56ca0641d7e6892de,item:618d31b3c1482193168e6fe9d366954530da1b00788a2cdb2c208dc914f5bf27,TRUE
42614,paises/brasil/atletico/2018.htm#editorial:hx001:table-427:description-table-436,paises/brasil/atletico,camisas/brasil/atletico/07_18,camisas/brasil/atletico/08_18,item:c098f89c38838db98c61d77dc49ec788d2b5b72e56d59c7ea62be12eeb14b3f5,item:65f0819a46dcf1ab0017bdbbef9e7948049ea58eea47b6f322e789d7d5099d64,TRUE
42615,paises/brasil/atletico/2018.htm#editorial:hx001:table-450:description-table-459,paises/brasil/atletico,camisas/brasil/atletico/07_18,camisas/brasil/atletico/09_18,item:2039d6a66e0099f1dc37365d33b522426e1d1e0faf004932e9a2ba80a0a31510,item:96365b2f5e3b19410017e0f4b1b4e5fda00d6be2868388a9b7eee6b603748e05,TRUE
42616,paises/brasil/atletico/2018.htm#editorial:hx001:table-473:description-table-482,paises/brasil/atletico,camisas/brasil/atletico/07_18,camisas/brasil/atletico/09_18,item:fd5ac79c6a9bc4a3f1076851351d7703b7e3c3e028a9a7f0ffeddb65aa6f8c38,item:8b83e6347b08e6bb567489d7057fc1a5e81c0b25813dd660b1e499707677d30d,TRUE
42621,paises/brasil/atletico/2019.htm#editorial:hx001:table-103:description-table-112,paises/brasil/atletico,camisas/brasil/atletico/11_21,camisas/brasil/atletico/10_19,item:7c865fe2b9f9f02b5a77831f8ed803e9b9fa6682315ad38484ae672eafaac848,item:7f39b8ef203dccf372e75885c8ef02192667f2f86be08ed70904c01583acd739,TRUE
42622,paises/brasil/atletico/2019.htm#editorial:hx001:table-126:description-table-135,paises/brasil/atletico,camisas/brasil/atletico/11_21,camisas/brasil/atletico/10_19,item:3edc7f438d6d22a6eceea5f335e366b7c9a7d80fd89388f6dbb1ee551eac518f,item:58e4938d886f05f0d685984d09c1f50c137b94188f734fd318912e749467bed9,TRUE
42623,paises/brasil/atletico/2019.htm#editorial:hx001:table-149:description-table-158,paises/brasil/atletico,camisas/brasil/atletico/11_21,camisas/brasil/atletico/01_20,item:8df218401be8ea30723a6b6316d3f13ab82ad780240dbd5a5614343562735c81,item:7eeb0ff0e0dad69a486bd0b72b94547fdaac21aca7258b8fa386a965353f8499,TRUE
42624,paises/brasil/atletico/2019.htm#editorial:hx001:table-172:description-table-181,paises/brasil/atletico,camisas/brasil/atletico/11_21,camisas/brasil/atletico/01_20,item:0ebe5c3e917b681710d04d097251530fb107609ca8856c247815f5e9cf9dbf4b,item:8e31d4c5e165da8301dafa72977eace65212a2569153a88ce80f46ca760230a8,TRUE
42625,paises/brasil/atletico/2019.htm#editorial:hx001:table-195:description-table-204,paises/brasil/atletico,camisas/brasil/atletico/11_21,camisas/brasil/atletico/03_20,item:a040fb1415f0e3d34f6d670e4d4dd3699e81405b03cc84e061723c402fa5a395,item:cff26911a37374b33f207944ae6f21ca45661cc723bfac968f177f5417cb6699,TRUE
42626,paises/brasil/atletico/2019.htm#editorial:hx001:table-218:description-table-227,paises/brasil/atletico,camisas/brasil/atletico/11_21,camisas/brasil/atletico/01_20,item:807e721e41fbcbad8cea82940e52da15f1cf4ab683042ee0a615571edb395ccc,item:dffeeeb246185437308c2fbe14dbd7292dd03ae48159ffa544fc0fc0644fc681,TRUE
42628,paises/brasil/atletico/2019.htm#editorial:hx001:table-264:description-table-273,paises/brasil/atletico,camisas/brasil/atletico/11_21,camisas/brasil/atletico/01_20,item:f3978e7d7d33f60897b55cfdc69b0ecdba4c78cda6d9089d511a5b2e4cc0fc95,item:ca0e088d246efcd6e656faea53370e7e3f28bbd7e46dff3d6a60beb4e7223503,TRUE
42629,paises/brasil/atletico/2019.htm#editorial:hx001:table-287:description-table-296,paises/brasil/atletico,camisas/brasil/atletico/11_21,camisas/brasil/atletico/01_20,item:35f553bbcf3a1406042e81f60c658a21e859f31f596ac9d1a7144bdd89b3ff29,item:19d9ae87b7f1283bc2b0a3a648715750c9cc1965579c657b10d9a55f597f6e22,TRUE
42630,paises/brasil/atletico/2019.htm#editorial:hx001:table-310:description-table-319,paises/brasil/atletico,camisas/brasil/atletico/11_21,camisas/brasil/atletico/01_20,item:27b8af8a1a250a03fa9490baa1175d9439ced57b13d342f2facbaa50cdb3e80b,item:f6179c5cdd386fb8952d8b12db59fcff1b2c63f7915fa951db7913a6575701a4,TRUE
42631,paises/brasil/atletico/2019.htm#editorial:hx001:table-333:description-table-342,paises/brasil/atletico,camisas/brasil/atletico/11_21,camisas/brasil/atletico/01_20,item:1ba3d8bd45365cec12d0870641f62287666d01a0c5c7853e13fb8f75de368d6a,item:fba813ab6017da9f68d124e6f33de461a6d2d3702be03d0270b02b7eca8db3e6,TRUE
42632,paises/brasil/atletico/2019.htm#editorial:hx001:table-356:description-table-365,paises/brasil/atletico,camisas/brasil/atletico/11_21,camisas/brasil/atletico/03_20,item:25df89cbe26587621c08c19cd963d73325a54e811331a9b2a9fd843f90081e79,item:b5b3ac0c94b826837f33e4abd02f6805d95d9cf60b2e065c1fbb0361ddc6ead4,TRUE
42634,paises/brasil/atletico/2019.htm#editorial:hx001:table-402:description-table-411,paises/brasil/atletico,camisas/brasil/atletico/11_21,camisas/brasil/atletico/01_20,item:f5e514c741214bb371a379ca8d73fbb411be60a32155df55c59b54b571aa20a8,item:418084a8d138864d5a089a050d51ba02bd2f514ea850f759f6411a71786d0fbc,TRUE
42635,paises/brasil/atletico/2019.htm#editorial:hx001:table-425:description-table-434,paises/brasil/atletico,camisas/brasil/atletico/11_21,camisas/brasil/atletico/03_20,item:a84407ded8158739152b11f82aec1ad472122a13e736a173baf93101cf9c6c43,item:3d7a821c9f11406f03bf650dca1000bee18883045226334aca2767962e0ad5c4,TRUE
42636,paises/brasil/atletico/2019.htm#editorial:hx001:table-448:description-table-455,paises/brasil/atletico,camisas/brasil/atletico/11_21,camisas/brasil/atletico/03_20,item:65cedbd7e707556a2d0556c3f505ada24a2fe8f087f7dfd77c3baec07902d1c9,item:1ab0ffd1dd982957aedb7410519239d89d871ac34ec2ec11c3c9e475d63642d3,TRUE
42642,paises/brasil/atletico/2021.htm#editorial:hx001:table-57:description-table-66,paises/brasil/atletico,camisas/brasil/atletico/11_21_2,camisas/brasil/atletico/02_22,item:0bd021f6fd40c7586818b7cc7e02ed8d1135f823dd59d4ce96c6725d23a9ee65,item:18265c4fec36f1a63068f761d3a9fa33898da72a862e268c4180667ce686123c,TRUE
42643,paises/brasil/atletico/2021.htm#editorial:hx001:table-80:description-table-89,paises/brasil/atletico,camisas/brasil/atletico/11_21_2,camisas/brasil/atletico/07_22,item:e67fd90e70c99e3552b57f9d4851b0cc098b819fb21e610ae8544480475b3594,item:2465fa39b7f3f463930fdeee183f7f6f5933480299df28bb6250b99e23413d83,TRUE
42644,paises/brasil/atletico/2021.htm#editorial:hx001:table-103:description-table-112,paises/brasil/atletico,camisas/brasil/atletico/11_21_2,camisas/brasil/atletico/07_22,item:76b8e1436c1dd87d5668d8e03791ad1535fc3f83bdcbeb7bcb7c025ad6f0f630,item:489a3453af45811250b8d5de9e320e0c94bac26eec0687aa00adbb5f6aca551c,TRUE
42647,paises/brasil/atletico/2021.htm#editorial:hx001:table-180:description-table-189,paises/brasil/atletico,camisas/brasil/atletico/11_21_2,camisas/brasil/atletico/02_22,item:3100a4744ed577a0144ec5203e5b895c872947e592d28ada3f9d0796a5a4b171,item:bf1e2377eec8457433eda8e6c514fa10a6db0290745bc1354fc5f2fb61edc1e8,TRUE
42648,paises/brasil/atletico/2021.htm#editorial:hx001:table-203:description-table-212,paises/brasil/atletico,camisas/brasil/atletico/11_21_2,camisas/brasil/atletico/02_22,item:f5b24fdd6986c8aa7a267ae467840172b4a59809108aa49c2dc37ef6b0d5649a,item:432467fa6abf02a9c26d03caf40e34a1f6850c27c9b2b545ab3f9bf6ef3341d6,TRUE
42649,paises/brasil/atletico/2021.htm#editorial:hx001:table-226:description-table-235,paises/brasil/atletico,camisas/brasil/atletico/11_21_2,camisas/brasil/atletico/07_22,item:19756aacc49c743ed05768286d4c0a542a617bb6a7e5f898100e98ca007c49aa,item:db4301d5a56eb20e53366a331fc608529d0d43c113e4f5ff194bd05d03ba944d,TRUE
42650,paises/brasil/atletico/2021.htm#editorial:hx001:table-250:description-table-259,paises/brasil/atletico,camisas/brasil/atletico/11_21_2,camisas/brasil/atletico/03_23,item:b1936c7117a18f35c59e80aed5059649e38829995d1930ecbebf3e7534445ea6,item:69601226f662d95031e5e175017ac7e36824fea9c8b40d0f1de3ca21139f20c0,TRUE
42651,paises/brasil/atletico/2021.htm#editorial:hx001:table-273:description-table-282,paises/brasil/atletico,camisas/brasil/atletico/11_21_2,camisas/brasil/atletico/08_23,item:353a9ec1bd9ab9231eaeb307fbe38a619a3d5a99018161d219d862d871992ddf,item:fc04e24ac7221bf4a2fe216dfd98f459e623509128c05615b84ba670e13ed3f0,TRUE
42657,paises/brasil/atletico/2021.htm#editorial:hx001:table-423:description-table-432,paises/brasil/atletico,camisas/brasil/atletico/11_21_2,camisas/brasil/atletico/11_22,item:14568264d8e4679a34440840be69d2bab4bd5af7112ed62e9f46af17e69d0172,item:d0beb138a9e77e05890e456bb10e6032dafa3e6d8be1e8d4685c7bd3f03e0bec,TRUE
42660,paises/brasil/atletico/2021.htm#editorial:hx001:table-504:description-table-511,paises/brasil/atletico,camisas/brasil/atletico/11_21_2,camisas/brasil/atletico/03_23,item:c4fb91aa23b22668cd969826bb61320b3ca42994ab4565fff68348da283eb1e3,item:6bcc76c247c13d37ad50c008f5a40b7ea3c8a462291202ead1e412292c7ead32,TRUE
42661,paises/brasil/atletico/2021.htm#editorial:hx001:table-529:description-table-536,paises/brasil/atletico,camisas/brasil/atletico/11_21_2,camisas/brasil/atletico/08_23,item:b69ffe7db5874c30dadbee6f78626b4b9b38143cb62c22317757c6f5db1cba89,item:f9d7b284016499a5198c0963995cc02368dfe8168c6d41cd5a83e91289d0648c,TRUE
42664,paises/brasil/atletico/2021.htm#editorial:hx001:table-600:description-table-609,paises/brasil/atletico,camisas/brasil/atletico/11_21_2,camisas/brasil/atletico/07_22,item:2221ebc45630380071889b948c34981fd673aaa589b32d2b4590c9d2b9acb8f5,item:761519b55f4973e69bc51f5dafef9fee9684c5e13cd5eef7a9aa5ab33cf96922,TRUE
42665,paises/brasil/atletico/2021.htm#editorial:hx001:table-623:description-table-632,paises/brasil/atletico,camisas/brasil/atletico/11_21_2,camisas/brasil/atletico/02_22,item:16544ae3d7a082f67ba4afdc251919ae2984cd861694a2ed1286ccd45a9a1ae7,item:006d352345a68ac1ef9e7be2b2c83e70d1a89e98d6e3e096309a95bcfa9322db,TRUE
42666,paises/brasil/atletico/2021.htm#editorial:hx001:table-646:description-table-655,paises/brasil/atletico,camisas/brasil/atletico/11_21_2,camisas/brasil/atletico/08_23,item:a8a6f69fc2291ac7523b81ff3be206cf401aa2d1f0e4d37e8e037e0ec8fc10d4,item:9ef30bb2d74ff7afb81c96253805564673ef1ae465d6f9d20aeded9d2450cfe1,TRUE
42675,paises/brasil/atletico/2022.htm#editorial:hx001:table-172:description-table-181,paises/brasil/atletico,camisas/brasil/atletico/09_22,camisas/brasil/atletico/08_23,item:371236627d10304daa0553c55b425bfe0a37b1b04e2d741c8d43faa662a70f2f,item:54529fdc33bc320abb18247db7bbd344b1be2566490495531fa22de6740cdc7d,TRUE
42678,paises/brasil/atletico/2022.htm#editorial:hx001:table-249:description-table-258,paises/brasil/atletico,camisas/brasil/atletico/09_22,camisas/brasil/atletico/03_23,item:b651aa78c74e6a1c503dbda8a144afe8accf9af2916b169e8de42cc8c5f401f2,item:18b0f75a1e3b7d20cf7417d31c836f53e6e738abe5e1af38606b203002e517ee,TRUE
42681,paises/brasil/atletico/2022.htm#editorial:hx001:table-322:description-table-331,paises/brasil/atletico,camisas/brasil/atletico/09_22,camisas/brasil/atletico/03_23,item:eeac1f790cf730f50d485a03c046eac98f86348c9a0e1ad99d998f2f985a9261,item:6fa62392d43a3999fd8a186721649a271e87a22943f1cfc111aad19c736600ee,TRUE
42682,paises/brasil/atletico/2022.htm#editorial:hx001:table-345:description-table-354,paises/brasil/atletico,camisas/brasil/atletico/09_22,camisas/brasil/atletico/03_23,item:f66d91e0d9ef91bb9b26037c278802b0daa8774a4f3607270b14aacf3730267b,item:725e99e6e9f0c7127123ded3b6a6e09036dcacf8c3ab02ff63e0c7b22fdb95dc,TRUE
42683,paises/brasil/atletico/2022.htm#editorial:hx001:table-368:description-table-377,paises/brasil/atletico,camisas/brasil/atletico/09_22,camisas/brasil/atletico/03_23,item:645252ccfecdaeade6fdebe5c221f31cd4183e372f723c1067f852b479628b4a,item:e13e7719a833aa8e8551208011a86605243b90999f10d85a4bd5ac3e9cd79302,TRUE
42684,paises/brasil/atletico/2022.htm#editorial:hx001:table-391:description-table-400,paises/brasil/atletico,camisas/brasil/atletico/09_22,camisas/brasil/atletico/03_23,item:0b2b2ec868bfedbb0e881343b65a7528337185ae28a07ea4635e350a73d29c3d,item:1187f571fd92843e6c831fd4d62e8fab7e2dc473bf2da7e124befd31e6c14886,TRUE
42685,paises/brasil/atletico/2022.htm#editorial:hx001:table-414:description-table-423,paises/brasil/atletico,camisas/brasil/atletico/09_22,camisas/brasil/atletico/03_23,item:67cb6d3595974eab0a1fb6cf1b5940eabf2c9ccbc9908eb8701a5ecb118c7950,item:78fa508b88473a09d4f2fc0348aaab0cca80a0f052a5a0dadd866a2c51aa0206,TRUE
42686,paises/brasil/atletico/2022.htm#editorial:hx001:table-437:description-table-444,paises/brasil/atletico,camisas/brasil/atletico/09_22,camisas/brasil/atletico/09_24_2,item:274945f7b873aa3efead124675abdb6aa062c0e956fb53f8d51792552c0b2734,item:18a088a9993ddb838015cc0f7ba9de6a463091e0ebb68bed0fa18b4644c28265,TRUE
42687,paises/brasil/atletico/2022.htm#editorial:hx001:table-458:description-table-465,paises/brasil/atletico,camisas/brasil/atletico/09_22,camisas/brasil/atletico/09_24_2,item:a5dd5baf5458d2e243c67394c71c8f2bb6fa7d6c6d56912aca310c8080e5ea5a,item:c12fb15b25ac3ab1997b763ddd9b9b198de9f09e1f73db14609004b4b54081fd,TRUE
42688,paises/brasil/atletico/2022.htm#editorial:hx001:table-479:description-table-486,paises/brasil/atletico,camisas/brasil/atletico/09_22,camisas/brasil/atletico/03_25,item:c3fc73cd0fb142ba0e8e40eff2c9f4a3d9edba6fa52eb768c8dc4b0bb75a47bd,item:eb162c3d2cbe648ba570c8f99b21b301d1b7b55d3197a2f2a88f88c45542d8bc,TRUE
42690,paises/brasil/atletico/2022.htm#editorial:hx001:table-527:description-table-534,paises/brasil/atletico,camisas/brasil/atletico/09_22,camisas/brasil/atletico/09_24_2,item:149ea530f78e202ede7a81fcb3c8c36f70f81253084a43a442307d839ec15a61,item:f43631ba5b8978bd283d990cd570375d6b9bcc490d7051c1f07507f7262bd94d,TRUE
42693,paises/brasil/atletico/2023.htm#editorial:hx001:table-65:description-table-74,paises/brasil/atletico,camisas/brasil/atletico/01_24,camisas/brasil/atletico/08_23,item:b75d97ff5f55ec13c8eaaae0b95a248e44611f2c6d9d165f8469338adc96491d,item:6153e1a69e33acb7f326a1bd85a6744e8b588cdb03b9b188c1e8209237c2a54d,TRUE
42694,paises/brasil/atletico/2023.htm#editorial:hx001:table-89:description-table-98,paises/brasil/atletico,camisas/brasil/atletico/01_24,camisas/brasil/atletico/08_23,item:0c039e90789ffa092c1bb5add280a2eb82a7f8c92d81875f3cb42bbcac683e2b,item:2a0f0dc43d41a37af330979a8aadf8e063ecab96abb0d393c030f0995c8550d5,TRUE
42695,paises/brasil/atletico/2023.htm#editorial:hx001:table-113:description-table-122,paises/brasil/atletico,camisas/brasil/atletico/01_24,camisas/brasil/atletico/08_23,item:219a416efcb6bb52d997d1482b0de81eb5d41bfc79eec5d4658e035322f2a3bd,item:e394aea95b93937d912a06dc8d472c01a518d7e6206ed669342890b2fe8cd74e,TRUE
42696,paises/brasil/atletico/2023.htm#editorial:hx001:table-137:description-table-146,paises/brasil/atletico,camisas/brasil/atletico/01_24,camisas/brasil/atletico/08_23,item:a0e7981bc53bc65d87753288908b786ed0302c79cb709bf00bf848fa2757284c,item:a3662a522adb6e0f05e98903e176243a8c6ff4f38667beb27061da4c5fad911d,TRUE
42699,paises/brasil/atletico/2023.htm#editorial:hx001:table-215:description-table-224,paises/brasil/atletico,camisas/brasil/atletico/01_24,camisas/brasil/atletico/05_24,item:7f3099d514fc996b2b8e05128387c95ae5c88abe12bafd653e1e4968b4001cd9,item:452e4bb55a56ef2e18bde71bb3f635fccfcec2c10e7d5482987ee32a7d3139da,TRUE
42700,paises/brasil/atletico/2023.htm#editorial:hx001:table-242:description-table-251,paises/brasil/atletico,camisas/brasil/atletico/01_24,camisas/brasil/atletico/03_25,item:76daab7937d7b05d9d17ce7eb444945f7c717b74567719592d4c4cffa921db31,item:576b109924e2fc8eda5fa6682e4df2846ef945c95441bfe3d8ee710b8817298c,TRUE
42701,paises/brasil/atletico/2023.htm#editorial:hx001:table-270:description-table-279,paises/brasil/atletico,camisas/brasil/atletico/01_24,camisas/brasil/atletico/03_25,item:1fdea06bdc17e6f3222935e1efefc245cc2db0bd5f2a041601ad860be50e69b5,item:1233955167ec2c0e4efd54e0ebd067cf85fca679c6b1477143701f957926d4dc,TRUE
42702,paises/brasil/atletico/2023.htm#editorial:hx001:table-304:description-table-313,paises/brasil/atletico,camisas/brasil/atletico/01_24,camisas/brasil/atletico/07_25_2,item:45b698938164a1a040bce2b0776a5adda36805adf96639e26351f8f9b9fef6b0,item:93bf627e2840442c175a213c2238656971bc66afe5de5ae898f8e9f2832bece7,TRUE
42703,paises/brasil/atletico/2023.htm#editorial:hx001:table-338:description-table-347,paises/brasil/atletico,camisas/brasil/atletico/01_24,camisas/brasil/atletico/03_25,item:0d8b7527cf1c18ce88f9242a053a791a7ad18db24ff26ccd58a2d2a262e7e2ce,item:94408847c32eb6cbb71b8ca968ca8412301111798e57b853bcc0a6df18e6d75c,TRUE
42704,paises/brasil/atletico/2023.htm#editorial:hx001:table-366:description-table-375,paises/brasil/atletico,camisas/brasil/atletico/01_24,camisas/brasil/atletico/03_25,item:063f7fd1bf0e9ea86d2daf4fd1ce8d584f63dc5192ebaf7b44f424e6dcd6c898,item:064a3fc82ed84ff23f901cd3702367ea69ea85cae3dc20270fd7e42f0f129d0f,TRUE
42706,paises/brasil/atletico/2023.htm#editorial:hx001:table-421:description-table-430,paises/brasil/atletico,camisas/brasil/atletico/01_24,camisas/brasil/atletico/08_23,item:22e568d3a5a9016a85088008adfd8541b03d70a1b3ce98901de13dfa642d28ec,item:b97316056efacb4afb7a8c634153a8b1b51042e353d4bd56d29111874f0fea8b,TRUE
42714,paises/brasil/atletico/2023.htm#editorial:hx001:table-605:description-table-614,paises/brasil/atletico,camisas/brasil/atletico/01_24,camisas/brasil/atletico/05_24,item:4fd84179a4c53472e9c42c56c5fdfa1d93c3e0fc284255576bdb427eb9600d75,item:f34bcdf7e85832b2c8269674af6b393c235043354d85ec9825f0b4a77c8aebc2,TRUE
42715,paises/brasil/atletico/2023.htm#editorial:hx001:table-632:description-table-641,paises/brasil/atletico,camisas/brasil/atletico/01_24,camisas/brasil/atletico/05_24,item:906fd918430e5481a123606d87fbec49c71a7e0dede601455611122f4393e6ec,item:3bdcb961a318b665f9c74bf460f88eb101310d97564467f45fc79038b274e6b5,TRUE
42719,paises/brasil/atletico/2023.htm#editorial:hx001:table-732:description-table-739,paises/brasil/atletico,camisas/brasil/atletico/01_24,camisas/brasil/atletico/08_23,item:60d0db7e8c3e7e5b4c4319874b3f352c035c7b1267222d69657896ca0bc34188,item:a786f07f197e2e5ecbd0e2e053d46d0fb7aaa249267a7470c83427b54c216130,TRUE
42720,paises/brasil/atletico/2023.htm#editorial:hx001:table-753:description-table-760,paises/brasil/atletico,camisas/brasil/atletico/01_24,camisas/brasil/atletico/08_23,item:1c84983249929c0e28d6a90cca4ce683931b7dde09c298d338539d10296eaff9,item:6eba963c3dc81ca7ecb502f30c7b531567b93e544d37223fdf8e0fc721553ddd,TRUE
42721,paises/brasil/atletico/2023.htm#editorial:hx001:table-774:description-table-783,paises/brasil/atletico,camisas/brasil/atletico/01_24,camisas/brasil/atletico/09_24_2,item:2a29e98c0ee71ad7ef8641d103f26ab5563f03b2551a350ab6202a78d106d631,item:5b2ccae2012d3a53f43ae36d34deb4a012b71ed7b93cbba6f595035d1379f5ba,TRUE
42722,paises/brasil/atletico/2023.htm#editorial:hx001:table-797:description-table-806,paises/brasil/atletico,camisas/brasil/atletico/01_24,camisas/brasil/atletico/09_24_2,item:3906aa8140ee0870b07faadc117dfe6b3af150948e59575c4083b7cba2b6b2d6,item:4d3131105e4c95381926f171dcff9ac2f6283399db96cc1297ed064096dbf226,TRUE
42723,paises/brasil/atletico/2023.htm#editorial:hx001:table-820:description-table-829,paises/brasil/atletico,camisas/brasil/atletico/01_24,camisas/brasil/atletico/09_24_2,item:87cb09a8c7d1bbd1f979859abbe8e403d861af5b1ccf1c07578dce5e95dd965d,item:2d891154c8238eb3d2d8c52e9654b3d22fdc0d4174cad487ecd8ae25f85268fe,TRUE
42724,paises/brasil/atletico/2023.htm#editorial:hx001:table-843:description-table-850,paises/brasil/atletico,camisas/brasil/atletico/01_24,camisas/brasil/atletico/09_24_2,item:c3081866c4d69d53ff72f7ce23309afbd89b7ba1d4eb2c76494e0477d49f7248,item:430e6354621be57d2905e4d71279d0bd1aefa077bb1f3f0b1fdb2f3cda2ff8d6,TRUE
42727,paises/brasil/atletico/2023_.htm#editorial:hx001:table-65:description-table-74,paises/brasil/atletico,camisas/brasil/atletico/01_24,camisas/brasil/atletico/08_23,item:0cee3b23657aa1b86411acf64a9e66522751e04f07adea9261faa47c42f302d4,item:098a35e4c0cdb98c9a440096339a88c2ed2ee978dc4339742a8a796254d14eab,TRUE
42728,paises/brasil/atletico/2023_.htm#editorial:hx001:table-89:description-table-98,paises/brasil/atletico,camisas/brasil/atletico/01_24,camisas/brasil/atletico/08_23,item:dce6c5c98a74ecec55df7552dc5e700dfa0906137ea8ee04ab4e618983f0746f,item:02eea7ff4e1ac0cf03a26958d3ec306ab858156d1f53860751332a8d8427b67e,TRUE
42729,paises/brasil/atletico/2023_.htm#editorial:hx001:table-113:description-table-122,paises/brasil/atletico,camisas/brasil/atletico/01_24,camisas/brasil/atletico/08_23,item:c7c509a6c8d36b0710b3a18bee762e644508a89cf6f955ff78487dd4021d6372,item:2d3d6e8c062dead0c789150de07977b1a76fa15fd6b88cff48e843c1be1cc392,TRUE
42730,paises/brasil/atletico/2023_.htm#editorial:hx001:table-137:description-table-146,paises/brasil/atletico,camisas/brasil/atletico/01_24,camisas/brasil/atletico/08_23,item:aa728c18dff6e60fb3399f6eb3110e5e3e2d8c0429eb0603c87ff991efae3f9c,item:425ebd66bbb1ab532c75561c899646d81aed86fac0097cb3d736af925ae23de9,TRUE
42733,paises/brasil/atletico/2023_.htm#editorial:hx001:table-215:description-table-224,paises/brasil/atletico,camisas/brasil/atletico/01_24,camisas/brasil/atletico/05_24,item:7a62464a28e4fb794c36229d163ee048140034fb48e73e80c1f6af4f0d2a429e,item:837a9f9b5c8f4fd7c43d96c0527ff3bdb039a4dd22de1b72fb81a5480e41a29d,TRUE
42735,paises/brasil/atletico/2023_.htm#editorial:hx001:table-269:description-table-278,paises/brasil/atletico,camisas/brasil/atletico/01_24,camisas/brasil/atletico/08_23,item:6354931e2e9be57284f448a8b3319ab27850ae4a27d4fd9bee35bde5545684d5,item:22016523f822054dbf6723bea3f32f1124d396da047341f447bbbd90f91b8aeb,TRUE
42743,paises/brasil/atletico/2023_.htm#editorial:hx001:table-453:description-table-462,paises/brasil/atletico,camisas/brasil/atletico/01_24,camisas/brasil/atletico/05_24,item:885afe22617c045563bed8630e63aa209046bbb79952565044eb5967f276f6f3,item:ceb85d92eae0492e45ff14781ad19090bb0099b35278ce13bff6cdca06dbb771,TRUE
42744,paises/brasil/atletico/2023_.htm#editorial:hx001:table-480:description-table-489,paises/brasil/atletico,camisas/brasil/atletico/01_24,camisas/brasil/atletico/05_24,item:3cd72278262e41e44ac6368eb16e89b40496a6562050e85b6a62bcbe93921076,item:44dc5dcab28f70d431ae09c201cdf9b234e687350dc87ca51270776578e9140e,TRUE
42748,paises/brasil/atletico/2023_.htm#editorial:hx001:table-580:description-table-587,paises/brasil/atletico,camisas/brasil/atletico/01_24,camisas/brasil/atletico/08_23,item:f2020422a6c2c18c39bf3e2b5de769b16e62de6f4ca4ca324f17eccaaecdf6b5,item:e58d675986dc711b1fb7ce8e11f268174aca8fe8887a71a52ef4234034025639,TRUE
42749,paises/brasil/atletico/2023_.htm#editorial:hx001:table-601:description-table-608,paises/brasil/atletico,camisas/brasil/atletico/01_24,camisas/brasil/atletico/08_23,item:e7fa94736b6fa03f0a55783ca061f746d328752b99fb159af787ec291ddbcbb2,item:926003e02ce6f67cb32f10dbecbffb43855a6b560c740dba297644caae26b267,TRUE
42752,paises/brasil/atletico/2024.htm#editorial:hx001:table-65:description-table-74,paises/brasil/atletico,camisas/brasil/atletico/09_24_3,camisas/brasil/atletico/03_25,item:e6d131fcda944d8aa31984eacd899bb48782aec0aaca1721d6f98e741ba7d2b7,item:ede4c29c4dfaeb0ca4920921306e845178c308fcb6f261cec84fdcb0acf86575,TRUE
42753,paises/brasil/atletico/2024.htm#editorial:hx001:table-93:description-table-102,paises/brasil/atletico,camisas/brasil/atletico/09_24_3,camisas/brasil/atletico/03_25,item:ff9ba43951d22c736c901904773c04542c869daadf4c8a70353eeb59ef68b6a4,item:471849bdcd75ca43ca1ffa9866d5c9442b8d065192db937b8f16d1f93eb75cd4,TRUE
42755,paises/brasil/atletico/2024.htm#editorial:hx001:table-148:description-table-157,paises/brasil/atletico,camisas/brasil/atletico/09_24_3,camisas/brasil/atletico/03_25,item:f987916888456a2e3813b59c4c6a12148893b1b101106b32ee846b46e06f8cd7,item:2f8ad1ee2a3cd40b8a736b0a9c7ae9e2734f9c5d2489a751799f194d00d04e76,TRUE
42758,paises/brasil/atletico/2024.htm#editorial:hx001:table-243:description-table-250,paises/brasil/atletico,camisas/brasil/atletico/09_24_3,camisas/brasil/atletico/03_25,item:9af29161c8f81d04757cd90b26b7eff610be0553df8c9e3a691f8ec1bf218b9a,item:3daad12bb7302e7ba490aede5ba244ac469f5f694eef821ae547a6e891491f3a,TRUE
42759,paises/brasil/atletico/2024.htm#editorial:hx001:table-269:description-table-278,paises/brasil/atletico,camisas/brasil/atletico/09_24_3,camisas/brasil/atletico/03_25,item:dc5716b6b847444468b810847b7575ea6041dd633ef4ac3d7adf53ca615367b5,item:5074c5ec6a7d8155ee728042404c673e76e5b4efc0f89bc979338aca3f463323,TRUE
42760,paises/brasil/atletico/2024.htm#editorial:hx001:table-296:description-table-305,paises/brasil/atletico,camisas/brasil/atletico/09_24_3,camisas/brasil/atletico/03_25,item:c1d5fec179798509346bbc0a3f8393658c67f615b1b2ebb208258ef4dd04e31e,item:dc89ca20b43e4e71caa4324633d7060924bd7370b469e32ef54886c3f911f286,TRUE
42761,paises/brasil/atletico/2024.htm#editorial:hx001:table-323:description-table-332,paises/brasil/atletico,camisas/brasil/atletico/09_24_3,camisas/brasil/atletico/03_25,item:84bbc2c9e752fe396a36c6db0dea2a77db61eae91c9265a8c53d002b7890b52f,item:5ae3328e5a26c2eb86d4cc05d1bd3be5b3cd2064063b8f8178429c3d935e7c24,TRUE
42763,paises/brasil/atletico/2024.htm#editorial:hx001:table-377:description-table-386,paises/brasil/atletico,camisas/brasil/atletico/09_24_3,camisas/brasil/atletico/03_25,item:d892cbd63e239a783224bb347dfe349608e9d1a07aac0355c2e06e63ef3b32a4,item:e5c0842b9302cc8028cfc18fef8a038b89ed382d5b8403ecdd593f4fa45d3e5f,TRUE
42764,paises/brasil/atletico/2024.htm#editorial:hx001:table-404:description-table-413,paises/brasil/atletico,camisas/brasil/atletico/09_24_3,camisas/brasil/atletico/03_25,item:b4e4e27efcbe657868fd06fdd3b869590e176f0a45b78c1a450e2700d8575410,item:8c6ee50377479948b337552e38f4727195ae6cab89b4280fd865d53e03b91d72,TRUE
42765,paises/brasil/atletico/2024.htm#editorial:hx001:table-432:description-table-441,paises/brasil/atletico,camisas/brasil/atletico/09_24_3,camisas/brasil/atletico/03_25,item:3f34569287e5e945ba467aac701185d2687ac08fd44bf226022506873557cf5c,item:5dd5990dccec5688e61da7af9d5f86e467908341d142a1799e11dd0aa41f4d32,TRUE
42766,paises/brasil/atletico/2024.htm#editorial:hx001:table-460:description-table-469,paises/brasil/atletico,camisas/brasil/atletico/09_24_3,camisas/brasil/atletico/03_25,item:9eb07eb76134ceb8641f681807302bdcf12188af61eda0e3126d8fc55a16bc50,item:d2ebd8f71be9b1516fd1202618f821bec728ac3f4541b806f6f1cf79265ec2d2,TRUE
42767,paises/brasil/atletico/2024.htm#editorial:hx001:table-488:description-table-497,paises/brasil/atletico,camisas/brasil/atletico/09_24_3,camisas/brasil/atletico/03_25,item:e6b037a8a7ae9715faa1df984d5dbc9b494091de91fd9d7d17b7c41533ce5b47,item:e858ae95f139a3b34c61f1bdb14164cc23e0a2c4aac17171213a38ad088ec467,TRUE
42769,paises/brasil/atletico/2024.htm#editorial:hx001:table-542:description-table-549,paises/brasil/atletico,camisas/brasil/atletico/09_24_3,camisas/brasil/atletico/03_25,item:9ee60911f401ee1f63ac9ed7bc3b26b71be180ca5e5f3b1917f02ff4ef86556d,item:d66bbaa005b0797df8aa0216c6e026da2cb68f27259e387ee6aa7c28e94af578,TRUE
42772,paises/brasil/atletico/2024.htm#editorial:hx001:table-617:description-table-626,paises/brasil/atletico,camisas/brasil/atletico/09_24_3,camisas/brasil/atletico/02_25,item:ca1bee45f5c869a36f9f1f148169a0b11146c85bf0ed45166ffb10470bb3166e,item:31e07f4767b9717c6e0da133a9cac643a31bebfd03bfb21b64375bd78bd2fc17,TRUE
42773,paises/brasil/atletico/2024.htm#editorial:hx001:table-644:description-table-653,paises/brasil/atletico,camisas/brasil/atletico/09_24_3,camisas/brasil/atletico/02_25,item:805429c79c1d6d4ca4046d89d494107cb5b9d1f7c8aedb5e43a8870a921aa558,item:21a30c5d7551216a5afe2767db7c828de8129bbeb00a1c4da78d0392b034eecd,TRUE
42782,paises/brasil/atleticop/2018.htm#editorial:hx001:table-31:description-table-40,paises/brasil/atleticop,camisas/brasil/atleticop/03_19,camisas/brasil/atleticop/11_21,item:c94179b7c1bb893a56857227a9422d4ebad265e423552b86fdecefa996a3a24c,item:5cc9b884520ee23fe88662be27ef7ac44c923276c91131cdc78f000eee770431,TRUE
42830,paises/brasil/botafogo/2017.htm#editorial:hx001:table-29:description-table-38,paises/brasil/botafogo,camisas/brasil/botafogo/11_17,camisas/brasil/botafogo/01_18,item:bcf21535e3d036d21be5e829088f8f9c847cb1c51030cd89350e15aceb39dc8e,item:b7925258fae0927e9dd60a154011c9a7cff622351ac2c557ca89c87a9a12291f,TRUE
42832,paises/brasil/botafogo/2018.htm#editorial:hx001:table-29:description-table-38,paises/brasil/botafogo,camisas/brasil/botafogo/11_18,camisas/brasil/botafogo/03_19,item:820de28af76e5549d0aa821f8d34b025a43c81a8637741db30d3e20f99db7cf1,item:557e8ca42032481f248d83c10e67fd4c19b1927c2a0aac331c6d2e2837ad2fa8,TRUE
42833,paises/brasil/botafogo/2018.htm#editorial:hx001:table-47:description-table-56,paises/brasil/botafogo,camisas/brasil/botafogo/11_18,camisas/brasil/botafogo/11_21,item:6f482165ddddd440bc87cf5958773783cb73042c4b365024bae5f4db777344c9,item:30a8b88fbe8ef079ccdd008c774d76bf680757af3764addad9634b5ed1d6f21b,TRUE
42858,paises/brasil/chapecoense/2019.html#editorial:hx001:table-56:description-table-65,paises/brasil/chapecoense,camisas/brasil/chapecoense/10_19,camisas/brasil/chapecoense/01_20,item:98421a2ce9eb2fee2df465afbcbac3edf85661a8a6b7b78bdbbcf2cf1d8958fd,item:0b8efee2cdc406593c6833bb67e36c1a8c0187466d00a021b42c74a4b6881c04,TRUE
42920,paises/brasil/corinthians/2014.htm#editorial:hx001:table-56:description-table-65,paises/brasil/corinthians,camisas/brasil/corinthians/06_14,camisas/brasil/corinthians/03_15,item:3267822409426b680d20a60f28660f1cfe009d3ecaeda1651d475fd5c1ab9730,item:0ea2ca6be74cff025dd75935863e99e169b31b3957a7d54a4d99c0557dc7b670,TRUE
42925,paises/brasil/corinthians/2015.htm#editorial:hx001:table-56:description-table-65,paises/brasil/corinthians,camisas/brasil/corinthians/04_15,camisas/brasil/corinthians/05_15,item:ceee071e9467f5b9a6b2c9156b33e17b9ca93f4a171db5ce02a1dc4433c2163f,item:46606ba4237118c74c4275d54c87e1453c32ec7e6153c2bb58f11b911bb08424,TRUE
42926,paises/brasil/corinthians/2015.htm#editorial:hx001:table-75:description-table-84,paises/brasil/corinthians,camisas/brasil/corinthians/04_15,camisas/brasil/corinthians/01_16,item:5738f244ad26624ff584bc73bb53dae14a84b546b689fa69120a9bce27dc2f1c,item:026895b7e04231b5f58fde1fb1bcc34e5455ad79263fa7541391fe1031084e59,TRUE
42927,paises/brasil/corinthians/2015.htm#editorial:hx001:table-94:description-table-103,paises/brasil/corinthians,camisas/brasil/corinthians/04_15,camisas/brasil/corinthians/03_16,item:2b054ec7b8dcd0885fbcc183c0d90545b97bfc7203440dc41ab362ae9b122ce5,item:4c8e8a669eca347146f7348e55a5fc5fd9e3664b81681b0fe6e57e74ec67e863,TRUE
42928,paises/brasil/corinthians/2015.htm#editorial:hx001:table-113:description-table-122,paises/brasil/corinthians,camisas/brasil/corinthians/04_15,camisas/brasil/corinthians/04_16,item:52e0203384a9724a6548374a79991b4fc37769c43b0035bbcb2935d885efb519,item:326729c81c0da76b21780f36dcc7a95c0a70fa70cbc395d02cbdbc0183235b85,TRUE
42929,paises/brasil/corinthians/2015.htm#editorial:hx001:table-132:description-table-141,paises/brasil/corinthians,camisas/brasil/corinthians/04_15,camisas/brasil/corinthians/06_16,item:1e73cf8e8485ab7e9a086cec7ca94a897d265c6a407ec783cb6dda4d9022f2ba,item:3266ca48d4b5f75aaa7ac754cbbfc20f539b42d16e82015a23ea77ca4528f76d,TRUE
42930,paises/brasil/corinthians/2015.htm#editorial:hx001:table-151:description-table-160,paises/brasil/corinthians,camisas/brasil/corinthians/04_15,camisas/brasil/corinthians/06_16,item:f9b1399ff9df242c4523c5321eb0828139673a0877ba3d1506895723d13adb04,item:499cfd7d3bc6e67eacb911a8fc99c0f63ee21f2912e53ba136435215776207b5,TRUE
42932,paises/brasil/corinthians/2015.htm#editorial:hx001:table-193:description-table-202,paises/brasil/corinthians,camisas/brasil/corinthians/04_15,camisas/brasil/corinthians/01_16,item:69eb7d5f0b8d26172116b06c7cb637074ca01e076432d2a7d257418e145ee725,item:3d4aa27b53db570c3c4d9e60dd55330badd02cf5572a710aef045b8d2cb8b214,TRUE
42933,paises/brasil/corinthians/2015.htm#editorial:hx001:table-212:description-table-221,paises/brasil/corinthians,camisas/brasil/corinthians/04_15,camisas/brasil/corinthians/01_16,item:35cca3c79155190addda3c1c0d7240e728a5caa96133719d7eaaab2c820b80eb,item:09afc350e0d94d03ce792e380b64b5ed5d12640bb70d0dba149a6202b6c0048b,TRUE
42934,paises/brasil/corinthians/2015.htm#editorial:hx001:table-231:description-table-240,paises/brasil/corinthians,camisas/brasil/corinthians/04_15,camisas/brasil/corinthians/04_16,item:de7d17fbdcc7a1b87c3c8a588ef73c77bdc3eff989ad7374beee9ae86f9db2d8,item:e823e7b5b00943584d042faf683b24426533a6df31476ebc3a0e61f4df69f7f4,TRUE
42935,paises/brasil/corinthians/2015.htm#editorial:hx001:table-250:description-table-257,paises/brasil/corinthians,camisas/brasil/corinthians/04_15,camisas/brasil/corinthians/03_16,item:d801e92af1f8690cc004cf5a9e98321c5ab5f686862cd37eb848efe5d1a19830,item:0f691599bfd1beea87385f6071578af4fdb459b5720334ed6c38be0591f97229,TRUE
42937,paises/brasil/corinthians/2016.htm#editorial:hx001:table-31:description-table-40,paises/brasil/corinthians,camisas/brasil/corinthians/07_17,camisas/brasil/corinthians/06_16,item:2ad665ec07145870e0f34bd8f757a5731454a5236dafb02452abd7ddf1cbc8ef,item:b80ced31d7c3686ff4991791c0eefff736b52e11dabbc0f4eab02731430a6253,TRUE
42940,paises/brasil/corinthians/2016.htm#editorial:hx001:table-88:description-table-97,paises/brasil/corinthians,camisas/brasil/corinthians/07_17,camisas/brasil/corinthians/02_17,item:3089dd2bf458b777da3e59a331b961bff00f403d6ea2099558c8517c26f6e449,item:083525639e3b9d1a8d842de7a9bb05557e3d22db4a77f356c7ee0c9ac93ca135,TRUE
42941,paises/brasil/corinthians/2016.htm#editorial:hx001:table-107:description-table-116,paises/brasil/corinthians,camisas/brasil/corinthians/07_17,camisas/brasil/corinthians/08_17,item:0c46d9d57d7715c11ba3e7b6b5ce5d60454e9475af4358e6d62ba15b345d9d15,item:91de41ef8110ef848d85c028b88b74df7ef70473fcf56ecd4f18350e413af0ea,TRUE
42958,paises/brasil/corinthians/2017.htm#editorial:hx001:table-30:description-table-39,paises/brasil/corinthians,camisas/brasil/corinthians/07_17,camisas/brasil/corinthians/11_17,item:f0d58547ec8ad0ea02052d46e6082b2f49d374f70adaeb49ce718a19096286d4,item:ba5f4b7d2c2de5e071f97ec3ca16b1f3f949392ffa2cd713b59b1a1037e29614,TRUE
42959,paises/brasil/corinthians/2017.htm#editorial:hx001:table-49:description-table-58,paises/brasil/corinthians,camisas/brasil/corinthians/07_17,camisas/brasil/corinthians/01_18,item:3c672a49ce5b7628c57ff5084dad29ea46033a01f0d41e2cf71577caf331d586,item:feb160aecd1b84d9f6121cb8a0daf9fef4a001319b0618a32c28941b3b34df2e,TRUE
42962,paises/brasil/corinthians/2017.htm#editorial:hx001:table-106:description-table-115,paises/brasil/corinthians,camisas/brasil/corinthians/07_17,camisas/brasil/corinthians/11_17,item:005a9553adfc3c54bd1a735b1dee00f4bb6fdae92c5898e8de2e7a206775c56d,item:1e5d0de54049cade5f8dba7ee662c87aaf63b9582f0bf2051997c655d9a9c81c,TRUE
42963,paises/brasil/corinthians/2017.htm#editorial:hx001:table-125:description-table-134,paises/brasil/corinthians,camisas/brasil/corinthians/07_17,camisas/brasil/corinthians/11_17,item:f9351c5fbff72773ede09acf6de03825216f693d50ce3bce73c8d17d943f465c,item:19a764521378ecb14d39a2bc1bbb8ee86da9108f9ebfd37911c3d800797f2e23,TRUE
42964,paises/brasil/corinthians/2017.htm#editorial:hx001:table-144:description-table-153,paises/brasil/corinthians,camisas/brasil/corinthians/07_17,camisas/brasil/corinthians/01_18,item:ca29d09a4422e7a608e5b4d52e41272d8dcfa2daf69a4c8aff67bb890f0c7fad,item:4204a4a3ed9b8df1481268583db4da68c59e08dd7bbf53ec7f0359aef48c41a1,TRUE
42965,paises/brasil/corinthians/2017.htm#editorial:hx001:table-163:description-table-172,paises/brasil/corinthians,camisas/brasil/corinthians/07_17,camisas/brasil/corinthians/01_18,item:21d55c93a3581589b673e567949c144c13549cd8810d79ae13746871d0e1318c,item:80737890125a4fab3f06de008357b42bc791ed4839d06a262ec92b3d78a0deeb,TRUE
42966,paises/brasil/corinthians/2017.htm#editorial:hx001:table-182:description-table-191,paises/brasil/corinthians,camisas/brasil/corinthians/07_17,camisas/brasil/corinthians/01_18,item:5e56d042da639d80b28d04c034ab0ecea5da780ff0f848f0b619953c6b711964,item:11e92087b96f69c4ec91c1a5502ca62f60aff8aed7f91c0449cd91997ed6e6c4,TRUE
42968,paises/brasil/corinthians/2017.htm#editorial:hx001:table-220:description-table-229,paises/brasil/corinthians,camisas/brasil/corinthians/07_17,camisas/brasil/corinthians/11_17,item:5bed468eb77bb22c41c36542a223c32394d204a9d5b94f379bb5052924447d01,item:4fe72023e916a935671806e59550f2c0d41c72e3070ffc144023b57ece11b71d,TRUE
42969,paises/brasil/corinthians/2017.htm#editorial:hx001:table-239:description-table-248,paises/brasil/corinthians,camisas/brasil/corinthians/07_17,camisas/brasil/corinthians/11_17,item:4f25bdb3fb7ef5d8b1ed718462cdd15e44a957378c2236696a993e679ae0f1a9,item:2cf5dac276752fd24302200afc048451f2e301f30a12564da691ff76ab9295f6,TRUE
42971,paises/brasil/corinthians/2018.htm#editorial:hx001:table-31:description-table-40,paises/brasil/corinthians,camisas/brasil/corinthians/06_18,camisas/brasil/corinthians/07_18,item:0aefcd0f383eec569f48b85ceb8091c804b233b5826aa31dfeffb6cfe3610546,item:0bcf2f7ccb8bad3ae9c9bd4a4d64939606808131a8e8c9e09d384a6b3ab00fb7,TRUE
42972,paises/brasil/corinthians/2018.htm#editorial:hx001:table-52:description-table-61,paises/brasil/corinthians,camisas/brasil/corinthians/06_18,camisas/brasil/corinthians/07_18,item:f19918d974fe1e432f1361000b36cc7570d333c4e138df06ca9c2dff9caecd3a,item:c4cb380c457892f1d53d9419dc396a00a0c12d9f67e474e78a4352259a97250b,TRUE
42973,paises/brasil/corinthians/2018.htm#editorial:hx001:table-73:description-table-82,paises/brasil/corinthians,camisas/brasil/corinthians/06_18,camisas/brasil/corinthians/09_18,item:85db2033f6e63f68ed0882d32153182a44ffa3d7dfaa65b5067d94c9108dd612,item:3f295a773e66966f6cad854f4da86d2d8ee8fae7a00005afbe25e644cbdde0e3,TRUE
42974,paises/brasil/corinthians/2018.htm#editorial:hx001:table-94:description-table-103,paises/brasil/corinthians,camisas/brasil/corinthians/06_18,camisas/brasil/corinthians/10_18,item:567b5ed5b5f63c95a86246dfd7e7153674f12ee4ce5813b87bb0db2fc18d1b94,item:1720194194a311743d2ecec0927b52bfee0cec3092e71bc1f90d8783e62862a7,TRUE
42975,paises/brasil/corinthians/2018.htm#editorial:hx001:table-115:description-table-124,paises/brasil/corinthians,camisas/brasil/corinthians/06_18,camisas/brasil/corinthians/07_18,item:52a9ddc9e95fb281ed5ebd53de9d4878c178a51147a605522e555937b2a5ef13,item:7a2be7cb59edca510212539de87e0f9598241331abdf8578cf1a6a67c1d402f2,TRUE
42976,paises/brasil/corinthians/2018.htm#editorial:hx001:table-135:description-table-144,paises/brasil/corinthians,camisas/brasil/corinthians/06_18,camisas/brasil/corinthians/08_18,item:92a2259619d797561d60e9a7c952482301ce04d3ca24f6144dfd199c34097d65,item:ad3211055f2657146a531b91142c75e55ad419284b4e4f491f968920c91a1723,TRUE
42977,paises/brasil/corinthians/2018.htm#editorial:hx001:table-156:description-table-165,paises/brasil/corinthians,camisas/brasil/corinthians/06_18,camisas/brasil/corinthians/10_18,item:e5d3abbcb3ee34d93a8c30f9b79e5d7b9d97b55ee46f781e0fa524ed324052a0,item:0c17b4332ba9daa2d7a5b913f68f744386347adfbf7c07c9f4337af6602e61a9,TRUE
42978,paises/brasil/corinthians/2018.htm#editorial:hx001:table-177:description-table-186,paises/brasil/corinthians,camisas/brasil/corinthians/06_18,camisas/brasil/corinthians/11_18,item:ccdfad6b8888e5889b4311bdaf87ddd3334c94f7322b1535dd29c79ff365f5e6,item:5856d16d2dfd9ecfac1b18e513bc18a527620852c112cb7bb914aee83b4bd4fb,TRUE
42979,paises/brasil/corinthians/2018.htm#editorial:hx001:table-199:description-table-208,paises/brasil/corinthians,camisas/brasil/corinthians/06_18,camisas/brasil/corinthians/11_21,item:da24bfa414a429149b51f9a7602cc2313abea3850db6e15abc1a8c54a638ad1c,item:9d1dc73b9a5161313eeb9a6fd49699802a94c6bede27a78102c93f2b9ce74dd0,TRUE
42980,paises/brasil/corinthians/2018.htm#editorial:hx001:table-220:description-table-229,paises/brasil/corinthians,camisas/brasil/corinthians/06_18,camisas/brasil/corinthians/01_20,item:65666f685bb6875835e39b0183201359b9909f8123af5fbd08fc96aa114657c2,item:b48ce214da3371f65d36da20ce2626e76d3ea976c7b75339fa63b9f53db3d716,TRUE
42981,paises/brasil/corinthians/2018.htm#editorial:hx001:table-241:description-table-250,paises/brasil/corinthians,camisas/brasil/corinthians/06_18,camisas/brasil/corinthians/01_20,item:d2a5ebc9d7b5ca5630a580ed5e4758d760dd9003140ed2cd5e0a4dfaddec0cc7,item:e6144bb519dcab293259729a7012481dc5bf86ee589b6d2368b574a28855e816,TRUE
42982,paises/brasil/corinthians/2018.htm#editorial:hx001:table-263:description-table-272,paises/brasil/corinthians,camisas/brasil/corinthians/06_18,camisas/brasil/corinthians/01_20,item:632cadc583e8d3c74679fd56250e6ace2b49fc3a0b3dfc1a6e2bcee265220bd4,item:e277c3e059555a5fbf415992b578a21af6c4f67881ed21dd0b5d6301d6495c17,TRUE
42985,paises/brasil/corinthians/2019.htm#editorial:hx001:table-53:description-table-62,paises/brasil/corinthians,camisas/brasil/corinthians/07_19,camisas/brasil/corinthians/01_20,item:ac4b88d945e5661b8ea7f56f3da2b432391e96c7565aaaca66d3c4cc6e74d2d5,item:5ff0a8bfd505cb7b7f5cf1acc2eb9de1852822c0eb011ff97b5e089249035de2,TRUE
42986,paises/brasil/corinthians/2019.htm#editorial:hx001:table-74:description-table-83,paises/brasil/corinthians,camisas/brasil/corinthians/07_19,camisas/brasil/corinthians/01_20,item:832fd61f02e0fdc433410b732bafe67a4c7dc1c9aa52630e24716657eec9d8e2,item:81e141d474fd4fde794cf5427c971264677490ed7305bfaaa00df075db5e8035,TRUE
42987,paises/brasil/corinthians/2019.htm#editorial:hx001:table-95:description-table-104,paises/brasil/corinthians,camisas/brasil/corinthians/07_19,camisas/brasil/corinthians/01_20,item:3215c35b96d259a5b579181eeff11447bb58b8a0a0dd5f9aea3ee47cf079c6c1,item:0483ec088a55ff6b73dcbc38f09ed5b7c4e41cc429290f6493169fb0c7a9cbb0,TRUE
42990,paises/brasil/corinthians/2019.htm#editorial:hx001:table-166:description-table-175,paises/brasil/corinthians,camisas/brasil/corinthians/07_19,camisas/brasil/corinthians/01_20,item:13f4b51a1aa591ce9682b7a61f8e9bf6bc3eb88d438eb4e73a11559a93a662a9,item:b1166c8606e83de88c9cb550cb8d819b347896d0cf9fe7b7a9573c8ccaef0a4e,TRUE
42992,paises/brasil/corinthians/2019.htm#editorial:hx001:table-208:description-table-217,paises/brasil/corinthians,camisas/brasil/corinthians/07_19,camisas/brasil/corinthians/03_20,item:d1a1e70f900d2502524547de7adbc752fbbc2924df3c9ed5c4c19428ff3d898d,item:4245f10c18fc0192672a18581104b7422757b2e02a5111a494a9f29662f4dacf,TRUE
42993,paises/brasil/corinthians/2019.htm#editorial:hx001:table-229:description-table-238,paises/brasil/corinthians,camisas/brasil/corinthians/07_19,camisas/brasil/corinthians/01_20,item:c7ad29e20a77af27eeb1a919a2bc396d70618d709f6c61f29485ce9b57d0d0e1,item:7ad608bbb801289bed20de342f5c22b9dd7d17c12ab7e5ab746043ded34dd068,TRUE
42994,paises/brasil/corinthians/2019.htm#editorial:hx001:table-251:description-table-260,paises/brasil/corinthians,camisas/brasil/corinthians/07_19,camisas/brasil/corinthians/01_20,item:68bfb3d02346cb935791a4d021ac02ae7d5625ce84493c2ca8527403bd184728,item:5f09bc35d9e7abe618ca1b6e0741ab59fb6534eb2a696e3e96c97cd71bb2a6bc,TRUE
42995,paises/brasil/corinthians/2019.htm#editorial:hx001:table-273:description-table-282,paises/brasil/corinthians,camisas/brasil/corinthians/07_19,camisas/brasil/corinthians/01_20,item:c56a16db6ae11cfe6f6bb2932c99f8ba85aa716798affbf98a944fb570e71ba7,item:bf52bf1f42e8b619550c5c61b1ba5edf7a7adc6cf4599c6058e7c5b3c5754f90,TRUE
42996,paises/brasil/corinthians/2019.htm#editorial:hx001:table-295:description-table-302,paises/brasil/corinthians,camisas/brasil/corinthians/07_19,camisas/brasil/corinthians/03_20,item:da32956ab8a0c5c5f68cb76d1df597f2840442e017627e02795b46b199e8e96a,item:78d0558c5d4cb52e59774334ebc85dc5604cbe49d3e083731c89fb46f8594e23,TRUE
42997,paises/brasil/corinthians/2019.htm#editorial:hx001:table-314:description-table-323,paises/brasil/corinthians,camisas/brasil/corinthians/07_19,camisas/brasil/corinthians/01_20,item:ffc1576fb61413dca623c3b1768f412e038483135d84aea775adc7eebd03f886,item:737a7ed56bfdd07e04c9c7576a3f06f9f3a02bf1ca9a0b8deb9c4d327ee15648,TRUE
43001,paises/brasil/corinthians/2020.htm#editorial:hx001:table-74:description-table-83,paises/brasil/corinthians,camisas/brasil/corinthians/04_21,camisas/brasil/corinthians/11_21_2,item:e0d460299b1e76fed7d2d762a11004fd2465e6421e5e8be4a90af80389c27998,item:7dbbb0496f7ed86df56b863de604b883d2865f2c340c8d1d741e0b834d8d9305,TRUE
43066,paises/brasil/cruzeiro/2015.htm#editorial:hx001:table-32:description-table-41,paises/brasil/cruzeiro,camisas/brasil/cruzeiro/05_15,camisas/brasil/cruzeiro/03_16,item:f0f463f71b3c9c04031e49e0e1d29f134aaf77e9401b8696519bd5d9dd1f2342,item:9ad93edc406dc1cd7d60e0bdd30b55be97fb1ede03faf4c199b1bdee2efccf5e,TRUE
43067,paises/brasil/cruzeiro/2015.htm#editorial:hx001:table-53:description-table-62,paises/brasil/cruzeiro,camisas/brasil/cruzeiro/05_15,camisas/brasil/cruzeiro/01_16,item:f2565cc604cbc2bafcb33abee2b8ed6a1a80481aa0d94d70c14581d907eeff87,item:2f5b9a88561f9e4c5ff48972f7453608d0ee37972c413a78b9a6a9a2064c82c2,TRUE
43068,paises/brasil/cruzeiro/2015.htm#editorial:hx001:table-74:description-table-83,paises/brasil/cruzeiro,camisas/brasil/cruzeiro/05_15,camisas/brasil/cruzeiro/03_16,item:1d949317dd314061f88cfa898503fc8ce4fcca608b3e1898c6a891a6ea6315b7,item:9644fc6707edd714420427c301d1674d43d72467b7165f630b44ed0b14ff0176,TRUE
43069,paises/brasil/cruzeiro/2015.htm#editorial:hx001:table-95:description-table-104,paises/brasil/cruzeiro,camisas/brasil/cruzeiro/05_15,camisas/brasil/cruzeiro/01_16,item:afb9188f64bd8a977cef1ab74679ba9ac0c41bb7426d608e0324ffa35ec2b16d,item:2378b8061ddd9888b9c17749544d7980cc3e1865fbd45eb50d5b87d13a1de7cd,TRUE
43070,paises/brasil/cruzeiro/2015.htm#editorial:hx001:table-116:description-table-125,paises/brasil/cruzeiro,camisas/brasil/cruzeiro/05_15,camisas/brasil/cruzeiro/03_16,item:3d247fd0df9cbf998620eee03e4fbbc757dffce5ed7eda30048101c35d1c3cbc,item:d2a42cfd5a9b1072b2308f841b51249a641fa69d1ce72d04ab50676a861632de,TRUE
43072,paises/brasil/cruzeiro/2016.htm#editorial:hx001:table-32:description-table-41,paises/brasil/cruzeiro,camisas/brasil/cruzeiro/02_17,camisas/brasil/cruzeiro/07_17,item:d4e89a652ca2ec26d9e672d92e48ede0853cb5c098713a5ced1a1150587f4579,item:7a20aefae4f9b06c8bdc8a9a8169ff48bea3d58219667b2d1e5fe908a890b76e,TRUE
43073,paises/brasil/cruzeiro/2016.htm#editorial:hx001:table-53:description-table-62,paises/brasil/cruzeiro,camisas/brasil/cruzeiro/02_17,camisas/brasil/cruzeiro/07_17,item:4b1caddd8046e24b3989664e09b6f3e0317b7ea215cd35e1ea146da6be8a25c8,item:82a25dcbd78d4c03786bc6d132f02dc0bdf5e58964e7b963dee5fc073aba008c,TRUE
43074,paises/brasil/cruzeiro/2016.htm#editorial:hx001:table-74:description-table-83,paises/brasil/cruzeiro,camisas/brasil/cruzeiro/02_17,camisas/brasil/cruzeiro/07_17,item:296b517bafaaa6088d1d6da983372eeedb5175d3c5380f04aa98c2003822a608,item:ecb3527d344b3329bbe699a515da6cfbf464209ac393930d8d33ee27fe86f994,TRUE
43075,paises/brasil/cruzeiro/2016.htm#editorial:hx001:table-95:description-table-104,paises/brasil/cruzeiro,camisas/brasil/cruzeiro/02_17,camisas/brasil/cruzeiro/07_17,item:db422ee7afa3948c1f1c839b780b2c7d63d7ad10991247cf36d2a8df2c51729f,item:07845fd5deab664db70133e60fe59c3228dbf431f3ded8dcc106c1445e0d3dfa,TRUE
43076,paises/brasil/cruzeiro/2016.htm#editorial:hx001:table-116:description-table-125,paises/brasil/cruzeiro,camisas/brasil/cruzeiro/02_17,camisas/brasil/cruzeiro/03_17,item:a799ad75aef34bd77a7f15f5b9d1607f8f79fb9bf16b337e2c455c267b9c8333,item:2377d8e1737dcabd62772ea96cb454b6b482a9fe2f2e51f9e872e62ecc90f725,TRUE
43078,paises/brasil/cruzeiro/2017.htm#editorial:hx001:table-32:description-table-41,paises/brasil/cruzeiro,camisas/brasil/cruzeiro/01_18,camisas/brasil/cruzeiro/11_17,item:c8479236c93c8d5c6d9e039e3f1d5b7fb8b61c614ddb7323990c429d7816cde9,item:24c3b386b1897370aff685e3735d9ce55c9b7817be1f00fe66df125fcb4de39e,TRUE
43082,paises/brasil/cruzeiro/2017.htm#editorial:hx001:table-117:description-table-126,paises/brasil/cruzeiro,camisas/brasil/cruzeiro/01_18,camisas/brasil/cruzeiro/11_17,item:e755f8db6dad1e1697f70c1c593d2753a63ab98f67d3021b944de43fedba30fa,item:7f72125ec4bf953ee0466571e57a656cb7fb68f4fe411b46a092a1608d150def,TRUE
43085,paises/brasil/cruzeiro/2018.htm#editorial:hx001:table-53:description-table-62,paises/brasil/cruzeiro,camisas/brasil/cruzeiro/06_18,camisas/brasil/cruzeiro/08_18,item:362cc6f35903f1a269e50076c001b95a0abdda988550b4209489b2807a97d742,item:7c9f17c5780adf70c04b464dc78903b48c548a8381ff730f4b683ee3a01c8be8,TRUE
43086,paises/brasil/cruzeiro/2018.htm#editorial:hx001:table-74:description-table-83,paises/brasil/cruzeiro,camisas/brasil/cruzeiro/06_18,camisas/brasil/cruzeiro/08_18,item:6ae448542a1c7241a1525057fff19c8838a451c12ed2fd353fa2ef46b288c55c,item:838d3f716febc4adf3c1d3728e08ec864366119194d9d53d6caaf1685ef1cd28,TRUE
43089,paises/brasil/cruzeiro/2018.htm#editorial:hx001:table-137:description-table-146,paises/brasil/cruzeiro,camisas/brasil/cruzeiro/06_18,camisas/brasil/cruzeiro/09_18,item:3d73bc64968bea4765c970c78c1520a6e15582049f11a9835f91be6c404d3005,item:75be9acb5c9b9b93a24641e93389895089655907760962d20b91d0212a6e2a9c,TRUE
43148,paises/brasil/flamengo/2014.html#editorial:hx001:table-62:description-table-71,paises/brasil/flamengo,camisas/brasil/flamengo/03_15,camisas/brasil/flamengo/08_14,item:fcb682cafdf54a95b86b08d041776d9656d555ba6e5d8c12aeee1c591aee1d78,item:ee6c0bab47694f28ead0016be5815ced457661bd5c7d5ea1097adffd7f5a3616,TRUE
43151,paises/brasil/flamengo/2015.html#editorial:hx001:table-62:description-table-71,paises/brasil/flamengo,camisas/brasil/flamengo/01_16,camisas/brasil/flamengo/08_18,item:aa1c471b2256f7ebf474ee265f7aa9f6e0c4f7e4252e2060be1c8d14bc8f3b74,item:9f54c1a968ba4ccc22851bce17a776378e8aee05f4d31294cf6a62f310efd258,TRUE
43155,paises/brasil/flamengo/2016.html#editorial:hx001:table-39:description-table-48,paises/brasil/flamengo,camisas/brasil/flamengo/07_17,camisas/brasil/flamengo/08_18,item:bb28948ff1f78180fccc7ad061fe30d769e5066286e8da622d683a8d9827c713,item:08bff9ca673ece3ab637eb0fe49280256970fe449ebb9fa544273712ae4bb655,TRUE
43159,paises/brasil/flamengo/2017.html#editorial:hx001:table-85:description-table-94,paises/brasil/flamengo,camisas/brasil/flamengo/01_18,camisas/brasil/flamengo/08_18,item:88d484b54df404dfcf9225164276778a44d8e731d3c0762f7189f0b71ced01d3,item:5d9af2c9633331ddefcdfa71ec6c01b216abf5535ab7c5be6767d3b6b1e9600d,TRUE
43163,paises/brasil/flamengo/2019.html#editorial:hx001:table-40:description-table-49,paises/brasil/flamengo,camisas/brasil/flamengo/04_21,camisas/brasil/flamengo/01_20,item:9cbba9e928575d096aace9817d79746d8c19e3b9862ce666183fae73fd1e6862,item:9dd7bb490d93c113b515f42441366664931d82d98a3cd1ae0b36f206ee8f11c2,TRUE
43168,paises/brasil/flamengo/2021.html#editorial:hx001:table-64:description-table-73,paises/brasil/flamengo,camisas/brasil/flamengo/11_21,camisas/brasil/flamengo/07_22,item:23ddb5a56ae8041d86cac8ca9db55fdfa333a42c6d172a256928da89852454db,item:f8abe116c16749845097364a1fdc2491e5d1066692181e62bdd2a2c773a5b443,TRUE
43169,paises/brasil/flamengo/2021.html#editorial:hx001:table-88:description-table-97,paises/brasil/flamengo,camisas/brasil/flamengo/11_21,camisas/brasil/flamengo/07_22,item:27e64b781544fa44e4394a8799f2e48e769553077e10dc3c5e41535da96a501e,item:b73449300f65c083d307e587bf944f34d70ecd954a45a2d04b23ee03146d24cf,TRUE
43170,paises/brasil/flamengo/2021.html#editorial:hx001:table-112:description-table-121,paises/brasil/flamengo,camisas/brasil/flamengo/11_21,camisas/brasil/flamengo/07_22,item:2233ec6a1c8155fd8e9c05b0d5d6580d6d59d6412b2d7bf9303652672ebaed99,item:296223dcea43f92d28a56d7066a0a1b4317f568cfbe9654ab53087f386db05b0,TRUE
43171,paises/brasil/flamengo/2021.html#editorial:hx001:table-137:description-table-146,paises/brasil/flamengo,camisas/brasil/flamengo/11_21,camisas/brasil/flamengo/07_22,item:777e23f4c5de6c24ee3bffecea3e908f9a0041bfef917cff159a6de0db8bf663,item:8437c84381cedc48e1bc99fa5b6777b7aba4c231a605f68d9f7d4da07ae8daae,TRUE
43172,paises/brasil/flamengo/2021.html#editorial:hx001:table-162:description-table-171,paises/brasil/flamengo,camisas/brasil/flamengo/11_21,camisas/brasil/flamengo/09_22,item:6c5dc5a8d30840d7e29591a058f2c47b040d9f29e34dbffe9e1359c5970abd87,item:80c79fa4ffb85041ea09f3170fd697e59e3c25c5a6e5eb0e4e2e26138dc533ed,TRUE
43173,paises/brasil/flamengo/2021.html#editorial:hx001:table-186:description-table-195,paises/brasil/flamengo,camisas/brasil/flamengo/11_21,camisas/brasil/flamengo/07_22,item:2cb339b979d8cc244863220f03f6ba70e082b891a2c35ce381e5bda626ec3c3e,item:fbe03155817e17534dcc3add674dd58e248d96beb6a28b34295c9d0fa80576f7,TRUE
43202,paises/brasil/fluminense/2015.htm#editorial:hx001:table-33:description-table-42,paises/brasil/fluminense,camisas/brasil/fluminense/01_16,camisas/brasil/fluminense/06_16,item:d82546054de68bb2a0a71d2be753b31932cdfcd9949e2ea2e44cdf4d7f389696,item:be3b7c118ebae73b7b28d4f5f2cb54bdd0288aad1e5c4d525a8c76baf68fde3f,TRUE
43209,paises/brasil/fluminense/2016.htm#editorial:hx001:table-51:description-table-60,paises/brasil/fluminense,camisas/brasil/fluminense/07_17,camisas/brasil/fluminense/11_17,item:0437baefc527c3e394659dd949fbcddc455bb5243c6ce901c0b181e44c6950c6,item:49edbdab9a43e35549ad8b7c8ae37bc7378d2908ee560b51042beb964167199d,TRUE
43212,paises/brasil/fluminense/2021.htm#editorial:hx001:table-31:description-table-40,paises/brasil/fluminense,camisas/brasil/fluminense/02_22,camisas/brasil/fluminense/07_22,item:450d377c58349b42e22dc99da098b166d879e3a8df05f38a11a47a7f99933dc5,item:7d83642eacd89315ac4196b8b8ac0e184feaf72c80b9af6ffd3a30cf3d451596,TRUE
43214,paises/brasil/fluminense/2023.htm#editorial:hx001:table-31:description-table-40,paises/brasil/fluminense,camisas/brasil/fluminense/01_24,camisas/brasil/fluminense/09_24,item:a8af5e028b4b4a5dbd350cb147904d5ec2e08e8511a06214b1da992c7bb08220,item:b933834bcef94bed67dd00153d89233d529655298a6e7585d3295b8823da2f21,TRUE
43246,paises/brasil/gremio/2013.htm#editorial:hx001:table-29:description-table-38,paises/brasil/gremio,camisas/brasil/gremio/06_13,camisas/brasil/gremio/08_14_2,item:fe51d574d261f694d07e8cc9d1aa02c2a5d79a56edaf7f9d5d3c1a58dcc9a357,item:8e4486f73efb4d07683353f9cc80ca81bc335efbbc4d9d611710cb882a22e5da,TRUE
43250,paises/brasil/gremio/2015.htm#editorial:hx001:table-47:description-table-56,paises/brasil/gremio,camisas/brasil/gremio/06_16,camisas/brasil/gremio/02_17,item:ba632deadd6e688357a7edbf244be6bbefe5d7271f8f16f0383fac0811f2af7c,item:dff929400c7d8026704dcd68cbd74ea9aa7e504fe67b74fcd29b1e0106212874,TRUE
43251,paises/brasil/gremio/2015.htm#editorial:hx001:table-65:description-table-74,paises/brasil/gremio,camisas/brasil/gremio/06_16,camisas/brasil/gremio/04_16,item:34c4f462ed8b147c1c5e1ac2d483d85e27a3d30236d7bf479f62c38ff2948fce,item:9a1441fa0db645669949561e35981a8ef375cc073a728824abe509b36b33034c,TRUE
43262,paises/brasil/gremio/2017.htm#editorial:hx001:table-101:description-table-110,paises/brasil/gremio,camisas/brasil/gremio/07_17,camisas/brasil/gremio/08_18,item:f7e70843cae9ec49cf06607224d3a20bfe65a042591127519e4498257d090425,item:f31f28b0b3a61af1477fdeec9caf7269a705cf08a032573dff8d0e4af35698cd,TRUE
43263,paises/brasil/gremio/2017.htm#editorial:hx001:table-119:description-table-128,paises/brasil/gremio,camisas/brasil/gremio/07_17,camisas/brasil/gremio/01_18,item:62571705a307a8b32808fe502f5d3cd104f461989cb1577dbbd8d46ab3a92fc3,item:66e723e0e76dfd12812fa4a49543c2b10cc796afe753e78b3afd4052604c71ab,TRUE
43264,paises/brasil/gremio/2017.htm#editorial:hx001:table-137:description-table-146,paises/brasil/gremio,camisas/brasil/gremio/07_17,camisas/brasil/gremio/01_18,item:785e7c10bf976ecd7d6cd017eee4bea05506212125e90fad48fa831884eecd2b,item:834aaefae1924f7462598cde0851fee5a5f89b97f41e759b3a4f28f40c05820c,TRUE
43265,paises/brasil/gremio/2017.htm#editorial:hx001:table-155:description-table-164,paises/brasil/gremio,camisas/brasil/gremio/07_17,camisas/brasil/gremio/01_18,item:349e96b2d96b8e6a254ea3bb038715db7d018663994bc51664b07d63668b76d8,item:def8ae8f49ed128ec4d3a0facea11c3b24855a10c9893159c7de42b11abd4cf5,TRUE
43267,paises/brasil/gremio/2017.htm#editorial:hx001:table-191:description-table-200,paises/brasil/gremio,camisas/brasil/gremio/07_17,camisas/brasil/gremio/11_17,item:68923fbd7da1cd71cccee51b3852da63b32f429c48281ab269cc049aa91c81be,item:9633910f4f9e98047c918e3552bccaed7dba375eb526d673a589ce6580c84f1f,TRUE
43268,paises/brasil/gremio/2017.htm#editorial:hx001:table-209:description-table-216,paises/brasil/gremio,camisas/brasil/gremio/07_17,camisas/brasil/gremio/01_18,item:b63e667a06febb867ba2de13ce6343aec3e2b1582158087997130fd73fba03c0,item:8a170052d8843ed09b25ee21b8bd1cd069679044c2f2bad14e133921bc35d30a,TRUE
43269,paises/brasil/gremio/2017.htm#editorial:hx001:table-225:description-table-232,paises/brasil/gremio,camisas/brasil/gremio/07_17,camisas/brasil/gremio/01_18,item:7d014150d212d9b62b9714820c4ec4dde01543acc4363debad67b94f77a06841,item:15ad60b2b5cd6029c864819186c7b7d725bd622014363b2217163bc00f88afeb,TRUE
43273,paises/brasil/gremio/2018.htm#editorial:hx001:table-65:description-table-74,paises/brasil/gremio,camisas/brasil/gremio/07_18,camisas/brasil/gremio/10_18,item:de2deba293b88337d015b1a760c0f569b576f53d124c7066ea81f07e9362b5ab,item:50130d43848ea54d7e682a02c9a60c945fe02e728b32afa6f3fee0302606f98d,TRUE
43274,paises/brasil/gremio/2018.htm#editorial:hx001:table-84:description-table-93,paises/brasil/gremio,camisas/brasil/gremio/07_18,camisas/brasil/gremio/01_19,item:e1e5bbf62b230d387d7bdf6c5b5b1a19eafde11c9e7ee071f6ae81d96209523b,item:b6e0ec543d6f29af9cd1e14a34fe3099b0daee5774770372ef45a49109836f7c,TRUE
43275,paises/brasil/gremio/2018.htm#editorial:hx001:table-102:description-table-111,paises/brasil/gremio,camisas/brasil/gremio/07_18,camisas/brasil/gremio/01_19,item:6c96b4299bcb37d0f7bbb5a9c71e8b5350a834b6c2335fe99d1db1cfb5e0e6af,item:f7a37c7d4bfcf3bd0dd6f759576eb40dd05685b3f4f4f777eac1c1649554b977,TRUE
43276,paises/brasil/gremio/2018.htm#editorial:hx001:table-120:description-table-129,paises/brasil/gremio,camisas/brasil/gremio/07_18,camisas/brasil/gremio/03_19,item:f686ff1ed7a12ffd4093aeef29504e7d96e79b6a8da309d7d666045ce3bea45f,item:00b9a7bdf8646be605dbca0c2443c9858cfce7408e83e781a9d9657078d9784e,TRUE
43277,paises/brasil/gremio/2018.htm#editorial:hx001:table-138:description-table-147,paises/brasil/gremio,camisas/brasil/gremio/07_18,camisas/brasil/gremio/08_18,item:f6660ca29df828758aecd73114245c4aa4f9931fb87dab38cd21be4597f57828,item:19892d385019944671c9489b81b16206c2853a1ca1eea19c1368b6839a55bd38,TRUE
43278,paises/brasil/gremio/2018.htm#editorial:hx001:table-156:description-table-165,paises/brasil/gremio,camisas/brasil/gremio/07_18,camisas/brasil/gremio/09_18,item:60d004162f573ea9226a020ae9ef0af9be4fa35effc6d8852ece3cb5a78637cb,item:28e54b63f8d610d911734f906cc44663408b256761e32c5e6dab88bc8c5d6dc2,TRUE
43279,paises/brasil/gremio/2018.htm#editorial:hx001:table-174:description-table-183,paises/brasil/gremio,camisas/brasil/gremio/07_18,camisas/brasil/gremio/10_18,item:13958c556b4958971b675175bb3c5dd8e9bc13430b36f328b07e3de06f000224,item:b2bce9f80f6dab6c99cb89322a395aba12fd3c7593df132111dd0690d5efcdfc,TRUE
43280,paises/brasil/gremio/2018.htm#editorial:hx001:table-192:description-table-201,paises/brasil/gremio,camisas/brasil/gremio/07_18,camisas/brasil/gremio/01_19,item:2b3f6735a5b3213fea152acfc4a0b70264ba00c5a062c3667f32e205a12f4a7b,item:b16f725bca3677af9f8dfbe883b034060cf3daf931e9bdb00ad6ad4b100cc663,TRUE
43282,paises/brasil/gremio/2018.htm#editorial:hx001:table-228:description-table-237,paises/brasil/gremio,camisas/brasil/gremio/07_18,camisas/brasil/gremio/08_18,item:9c51f55c5a0eb0385d056db80e58480c25d71322b818ad2247317f79d117467d,item:10cdfb52961f9d5c6965c32a134197a0b926c0942097b8f3a4514b9fa057f437,TRUE
43283,paises/brasil/gremio/2018.htm#editorial:hx001:table-246:description-table-255,paises/brasil/gremio,camisas/brasil/gremio/07_18,camisas/brasil/gremio/10_18,item:3846b1e118c66e6ba04c8ab115e71db69f431c4adbdd812b74abab72b7b9e888,item:15db30088c983c9924c96c26e0007dfaeb07ea98d23f7b9d5b2c94618f7ebaba,TRUE
43284,paises/brasil/gremio/2018.htm#editorial:hx001:table-264:description-table-273,paises/brasil/gremio,camisas/brasil/gremio/07_18,camisas/brasil/gremio/04_20,item:a11d7ea60f216e85b2e29d26cbd8e5538927c3f3d38a5694ccbe701059036fe3,item:b223c30497bf765cc99b22398ac7847ed9e2ae831c878c382f90f712a522e5fd,TRUE
43285,paises/brasil/gremio/2018.htm#editorial:hx001:table-282:description-table-291,paises/brasil/gremio,camisas/brasil/gremio/07_18,camisas/brasil/gremio/11_21,item:206b0ade7ad86adbc2225ac53b6df3080741357b19222ecb6ca058d31acd216b,item:2689616af3cc05c25b90b94acb02c1964bcf74162cc70a6bc8ced3dcec62b999,TRUE
43286,paises/brasil/gremio/2018.htm#editorial:hx001:table-300:description-table-309,paises/brasil/gremio,camisas/brasil/gremio/07_18,camisas/brasil/gremio/11_21,item:d9b6f54a3d17d6754912dc989d8c820660cbb9246f1bf00fab8fa6a3d841f9ca,item:b4d6b5b2cda5170ff0bdf6b37b604e2faf0703dfd5196d5f998569d4b7211013,TRUE
43289,paises/brasil/gremio/2018.htm#editorial:hx001:table-354:description-table-363,paises/brasil/gremio,camisas/brasil/gremio/07_18,camisas/brasil/gremio/10_18,item:6231ab8ac38aadfb7ac28e917adcdf27cb37c295f7a9f76c2b9304293e7782ca,item:83a87468845c22c44d44482a0eaf1995f069f82d6dc1f5aa0cf9d11b867d61b4,TRUE
43290,paises/brasil/gremio/2018.htm#editorial:hx001:table-372:description-table-381,paises/brasil/gremio,camisas/brasil/gremio/07_18,camisas/brasil/gremio/10_18,item:a9a2c83abbf674c96f8da72042a8888e975eab83fdcae66684b5c3a74ae3d197,item:7314d7f687ee3c2304535f901ac8cd8ef4b75142c77ce93b0d75c71b38378f8d,TRUE
43291,paises/brasil/gremio/2018.htm#editorial:hx001:table-390:description-table-399,paises/brasil/gremio,camisas/brasil/gremio/07_18,camisas/brasil/gremio/01_19,item:199c3e96327b7c38ebfebd264939791edc9de89d37cb3a54e543583ed190e057,item:66e4001af837086f8f73ae65b29c952c6515fc95c2dd256ce2b16d38e21145a9,TRUE
43292,paises/brasil/gremio/2018.htm#editorial:hx001:table-408:description-table-417,paises/brasil/gremio,camisas/brasil/gremio/07_18,camisas/brasil/gremio/01_19,item:535a0a866c25d677332cb27885f1501833cff3fa96ac3fd49cf1f6dc3427ea34,item:57dd3df816043ce181f5c2a51f3680e80c33014d6360e13e15779372ba36b2f3,TRUE
43293,paises/brasil/gremio/2018.htm#editorial:hx001:table-426:description-table-435,paises/brasil/gremio,camisas/brasil/gremio/07_18,camisas/brasil/gremio/09_18,item:9b4988775ba0892484002a9375b34dbe46cc9f1b59ccdb3225374759efa9a002,item:b8eb69bbc4f6f0e94e382a4bbc167191ee14fbd2b0e97e86990047972165e255,TRUE
43294,paises/brasil/gremio/2018.htm#editorial:hx001:table-444:description-table-453,paises/brasil/gremio,camisas/brasil/gremio/07_18,camisas/brasil/gremio/01_19,item:1f1ad8cd1995e8e699fff51b2e32d04b5e6d382e9179069f5c97001882eac3b5,item:8b220542bb3705c40ecce44864a0cef41fd208523f3cf4dadf535ddc3df04202,TRUE
43297,paises/brasil/gremio/2018.htm#editorial:hx001:table-498:description-table-507,paises/brasil/gremio,camisas/brasil/gremio/07_18,camisas/brasil/gremio/03_19,item:13595bd5adf805b32eaeaf8bd1cd9ecb88ea99caef6314d949a41e1ce1f8c778,item:51a9750baa37f22bab457cae66a4fa1d6a39ebc00cef7c9509902959f7c32227,TRUE
43298,paises/brasil/gremio/2018.htm#editorial:hx001:table-516:description-table-525,paises/brasil/gremio,camisas/brasil/gremio/07_18,camisas/brasil/gremio/08_18,item:30c66fc410930cf015a50eb5223bf5d98b057ac65f234abf1ae2ee29ca93c691,item:dacaf743316518404a0572fcfb41e204af80df97a23301ee0b163db39a2fe11e,TRUE
43301,paises/brasil/gremio/2019.htm#editorial:hx001:table-47:description-table-56,paises/brasil/gremio,camisas/brasil/gremio/07_19,camisas/brasil/gremio/01_20,item:55f52cdbac89ce841d9ebd572ba8c1385a67410734af40f8c1bab8abbbba4989,item:533c7f60f25e50810a964d01ca4fe148a267f1acd3eb4b5d5a7a38477e129be7,TRUE
43302,paises/brasil/gremio/2019.htm#editorial:hx001:table-65:description-table-74,paises/brasil/gremio,camisas/brasil/gremio/07_19,camisas/brasil/gremio/01_20,item:94b12a35cdadc52b1c165ad1dcedf8121f1fd045527d4cb9f610b642f89f6b32,item:4f8addcf37aa3f671358f4b979e506ac29e1c52a3e96b013a20398c94ec60c4d,TRUE
43303,paises/brasil/gremio/2019.htm#editorial:hx001:table-83:description-table-92,paises/brasil/gremio,camisas/brasil/gremio/07_19,camisas/brasil/gremio/01_20,item:5ef04b253be32b59a8fa4e8466f704817af268091988ad0b6cae7586e37f722b,item:abd0054276536c4c4448bb6fff9a6b4c7d88359e27cb5d1eb9470fee1a6f34ee,TRUE
43304,paises/brasil/gremio/2019.htm#editorial:hx001:table-101:description-table-110,paises/brasil/gremio,camisas/brasil/gremio/07_19,camisas/brasil/gremio/01_20,item:9840110379c7f9b548abb6967b0ff649d50d4f6aa5bbb0b6dc01ff7368a526df,item:73009f061b111dfc52cfa62c4d32aeb2b212dc864fab520773e8acc4e3c53a91,TRUE
43305,paises/brasil/gremio/2019.htm#editorial:hx001:table-119:description-table-128,paises/brasil/gremio,camisas/brasil/gremio/07_19,camisas/brasil/gremio/01_20,item:e7974ba04d502e9916acf90f40e2002771424f8ca2632a608d66c274776a2c5c,item:36ea272e432c7085f758e54188cc549fd356b350295ef8977aa178b8449f4a85,TRUE
43306,paises/brasil/gremio/2019.htm#editorial:hx001:table-137:description-table-146,paises/brasil/gremio,camisas/brasil/gremio/07_19,camisas/brasil/gremio/01_20,item:834611628fd7d1539cfc5d4090c1ee0c403df04448ddad8232a4185b076e2890,item:8b341f0fb873891d33e76c2649b19fad8d358b8f4748fbfa44c43c31b49d562b,TRUE
43307,paises/brasil/gremio/2019.htm#editorial:hx001:table-155:description-table-164,paises/brasil/gremio,camisas/brasil/gremio/07_19,camisas/brasil/gremio/01_20,item:6f30e9197f551cbcadb6a937142ad0f5b75ae320d28fa50da8b070f05c687ac6,item:67f983f313d2b0092de31b0c8564023f21c2da833746d2d304aa48b85aa0ba74,TRUE
43308,paises/brasil/gremio/2019.htm#editorial:hx001:table-173:description-table-182,paises/brasil/gremio,camisas/brasil/gremio/07_19,camisas/brasil/gremio/01_20,item:fed129eeaf4d96fd2b3ffbb7470fd5ca83c8de253ffd48344d862feb4eff1eac,item:1d0c05aca5d4eb4876eb84a333b9a1781ae83cd1923c1d0283948e24eaf1abcf,TRUE
43309,paises/brasil/gremio/2019.htm#editorial:hx001:table-191:description-table-200,paises/brasil/gremio,camisas/brasil/gremio/07_19,camisas/brasil/gremio/01_20,item:51ac19c8efec6e930f51a4bd9d727b5b7b288ff2a2374391ef61195740fd8781,item:6f4d60388d4146aec1d69d5fc67265eb41f19a189c64f6968c6365f99390a17b,TRUE
43311,paises/brasil/gremio/2019.htm#editorial:hx001:table-227:description-table-236,paises/brasil/gremio,camisas/brasil/gremio/07_19,camisas/brasil/gremio/01_20,item:b7c2cce734349bdbf084db63c985b5bf92514342d39e8683ac7ef6d91ed1bc72,item:8e5db7262ce86e9ffc15eb48d66321a14e1861a11de257e2a88051c2f15e7a14,TRUE
43312,paises/brasil/gremio/2019.htm#editorial:hx001:table-245:description-table-254,paises/brasil/gremio,camisas/brasil/gremio/07_19,camisas/brasil/gremio/01_20,item:dfb8326bcdf490d25564180bc62539bc24cfa2ce3f5e85b985fbe4cb72608568,item:dae4700aadeb128060ff1bfd9abdb6251e2f2dbd71bdae1975cffb547d7545de,TRUE
43313,paises/brasil/gremio/2019.htm#editorial:hx001:table-263:description-table-272,paises/brasil/gremio,camisas/brasil/gremio/07_19,camisas/brasil/gremio/01_20,item:caa3ff399d6a6efe9ac814a30358bfdd64be27f88293dece8acaedefb0087103,item:78c1c073a3dba5d28944e54c77aa4a41aeefa73736a0d95a4bd688f5cf907358,TRUE
43314,paises/brasil/gremio/2019.htm#editorial:hx001:table-281:description-table-290,paises/brasil/gremio,camisas/brasil/gremio/07_19,camisas/brasil/gremio/03_20,item:1629488073e30a3aff2613fe2212f2516b94a52f1cf0dfb07402f592f5743197,item:1b3ed6f2bc6233180e9ef38f625fb465f3f7ec635dec2f19c3c6c84e8d0986cd,TRUE
43315,paises/brasil/gremio/2019.htm#editorial:hx001:table-299:description-table-308,paises/brasil/gremio,camisas/brasil/gremio/07_19,camisas/brasil/gremio/01_20,item:d790351ad7c40a9011cedeae1e89d0ca8f1968f866aab1a872f70afe19d87cf4,item:3ffabf0c85908abd0b79995bd963353e2aec8d4516bd4846751b0140629a7bc2,TRUE
43321,paises/brasil/gremio/2023.htm#editorial:hx001:table-29:description-table-38,paises/brasil/gremio,camisas/brasil/gremio/09_24,camisas/brasil/gremio/03_25,item:eb295b711a89bb472586c05f42e9bfe58b64d4c50e54e25d9fdb779905a5cb01,item:b5d6b0d8248c779a0f2f8f0aa69b00f32883d192d84eaf41170c377cf7214619,TRUE
43322,paises/brasil/gremio/2023.htm#editorial:hx001:table-47:description-table-56,paises/brasil/gremio,camisas/brasil/gremio/09_24,camisas/brasil/gremio/03_25,item:04c2727f78d8d58bccfad8c4d0087e3af7243753a4a9e31c3a0ca69786e988aa,item:0e8183943320e656f4840daf2fa26f9e375f36b9b95c2f716a26c63a12cb9560,TRUE
43352,paises/brasil/internacional/1987.htm#editorial:hx001:table-30:description-table-39,paises/brasil/internacional,camisas/brasil/internacional/12_11,camisas/brasil/internacional/04_14,item:4ded8a4cc94f81d3053ace975bfb7debf2d63e7053e078eed0fc4f1de17fff2e,item:20709150162a78c0a7156b2ae4671211385ee1222bf141b590be807e64b50601,TRUE
43366,paises/brasil/internacional/2014.htm#editorial:hx001:table-35:description-table-44,paises/brasil/internacional,camisas/brasil/internacional/06_14,camisas/brasil/internacional/03_15,item:48f5d4bd5fb30a17b6bc59953b09e271c846d308467b9079d67b06031f21b347,item:04a3ebf7e508a297263e27d1f3dd2302b5b248c5cf9dca86b36a10407362dbc5,TRUE
43367,paises/brasil/internacional/2014.htm#editorial:hx001:table-55:description-table-64,paises/brasil/internacional,camisas/brasil/internacional/06_14,camisas/brasil/internacional/03_15,item:176a039749499ca882fd3d3e7910cce50037c6e2c878f0fe958985e2f7d6352c,item:81a10534960688609633fc4698cff04a2b9c64a0d8841af3d3c87662313d21e1,TRUE
43369,paises/brasil/internacional/2015.htm#editorial:hx001:table-31:description-table-40,paises/brasil/internacional,camisas/brasil/internacional/04_15,camisas/brasil/internacional/05_15,item:2df61e7cd5fb97de184d74b84f1c41132bbee1ec165904849c4485d50465e3de,item:5f6d06b288af22071216bf84c13a230e57bea1d8109960296e2d038d20445a83,TRUE
43370,paises/brasil/internacional/2015.htm#editorial:hx001:table-51:description-table-60,paises/brasil/internacional,camisas/brasil/internacional/04_15,camisas/brasil/internacional/03_16,item:1c52532d584dc892fd61a790bd53701f61b0d6215f9572e4f3435124568bc65f,item:834a1c9c3f85c7388dff04b15ce6053d19b8325d5e040128e454ba8d970401d5,TRUE
43371,paises/brasil/internacional/2015.htm#editorial:hx001:table-71:description-table-80,paises/brasil/internacional,camisas/brasil/internacional/04_15,camisas/brasil/internacional/03_16,item:29ee1eb9a1dfe8d2689cfda3f1111a7b00cbd2be5a0e2ead5aefa85c1463eda4,item:6f303e5e9cacb4e1cc07884168ceb8068f65a511c3cd7b87593e4fcaee3888f9,TRUE
43373,paises/brasil/internacional/2015.htm#editorial:hx001:table-111:description-table-120,paises/brasil/internacional,camisas/brasil/internacional/04_15,camisas/brasil/internacional/03_16,item:82ade99e5fec9076320ffa4b419b1e761611cd3d911bf1b26975f2159c967a3d,item:fa0b6b85bab673775df618947bd720bb7c99058c685330293637de1ed2892573,TRUE
43377,paises/brasil/internacional/2016.htm#editorial:hx001:table-51:description-table-60,paises/brasil/internacional,camisas/brasil/internacional/03_17,camisas/brasil/internacional/11_17,item:33dea30044a7619ede97f5cb29973b23057f59d77760aab7db6261656ead6130,item:3f22f44aa28befcfc8443876256080ddf78caa13450f64ef8d6c7529fe6169c5,TRUE
43380,paises/brasil/internacional/2016.htm#editorial:hx001:table-111:description-table-120,paises/brasil/internacional,camisas/brasil/internacional/03_17,camisas/brasil/internacional/11_17,item:c2c0a35dcd508afd0422538f075ebd0ef24db27e23796af3b545920a57f503f3,item:3c3ac852f06f52ddc7fc0b93d6f7169d12a3df0033a527a7b63bead790dad82c,TRUE
43385,paises/brasil/internacional/2021.htm#editorial:hx001:table-31:description-table-40,paises/brasil/internacional,camisas/brasil/internacional/07_22,camisas/brasil/internacional/01_24,item:73bcd27b42ebaeda25ea84765fdfd849989f7f1ce2825884e9b2688f38c97365,item:61b3268749822fcebf1c8df3c2c63bb7b18f7011dd8a0bbd4806f0b88f640789,TRUE
43392,paises/brasil/londrina/1977.htm#editorial:hx001:table-32:description-table-39,paises/brasil/londrina,camisas/brasil/londrina/04_21,camisas/brasil/londrina/11_21,item:73842f196ed115b509c49f9c7e6dc1bcc612d5ebc470c338ba4ff75c1dcd15d5,item:51970546337070ded67670cf804d04cf1cc5c4136553897152b92944fed7c328,TRUE
43451,paises/brasil/palmeiras/2013.htm#editorial:hx001:table-125:description-table-134,paises/brasil/palmeiras,camisas/brasil/palmeiras/07_17,camisas/brasil/palmeiras/04_16,item:2c2010bb67b52f816af2c473b4e06c75e0da8d13fc7d3871ad5e33937ebdf85f,item:ae81fe6bcfe2a1906d12ef7473dae10b0b7b26591646d9a760a7edc204ab2090,TRUE
43455,paises/brasil/palmeiras/2015.htm#editorial:hx001:table-49:description-table-58,paises/brasil/palmeiras,camisas/brasil/palmeiras/01_16,camisas/brasil/palmeiras/03_16,item:add479426113da9797340efb6a72af59abf608fc234a36a52e78f9e843cabf80,item:fb0da09ffd31d827ca149785eb267528dc2ee8ceded4069163ed9f483f209678,TRUE
43456,paises/brasil/palmeiras/2015.htm#editorial:hx001:table-68:description-table-77,paises/brasil/palmeiras,camisas/brasil/palmeiras/01_16,camisas/brasil/palmeiras/04_16,item:619d9b22416e80bf81a217579b7689c09e331e8d909b64d2a8db78d477e9971d,item:befe2e8b837837424db405d9af8872de4f635973ce20c7f8a63d4169dd0dcf54,TRUE
43457,paises/brasil/palmeiras/2015.htm#editorial:hx001:table-88:description-table-97,paises/brasil/palmeiras,camisas/brasil/palmeiras/01_16,camisas/brasil/palmeiras/03_16,item:857ffa40d955bfd88f3d3540af81150beca3d97eb9f62d2a2f45d1385a1a4084,item:809590b6e66cf1de791624035c2b2ffa8681fac1c150e696ee3029e308ce2f33,TRUE
43458,paises/brasil/palmeiras/2015.htm#editorial:hx001:table-107:description-table-116,paises/brasil/palmeiras,camisas/brasil/palmeiras/01_16,camisas/brasil/palmeiras/03_16,item:2ee89dc60eb9c93c36f44c9a58d04b390fb5adcebdaa061d7fbb8b8f44afb785,item:f256f56575a9467625b07ead90b88808582365dc33dc3d6da4200903e5334b5d,TRUE
43462,paises/brasil/palmeiras/2015.htm#editorial:hx001:table-184:description-table-193,paises/brasil/palmeiras,camisas/brasil/palmeiras/01_16,camisas/brasil/palmeiras/05_15,item:eba93e654efe51454d88b5c07ceb9683377d374b9211cc2ac0adca2e621e0ca2,item:26220240ff5b06463df8bf7c8993015ce35f792c7222c8da3d8a34af6925f3e1,TRUE
43463,paises/brasil/palmeiras/2015.htm#editorial:hx001:table-203:description-table-212,paises/brasil/palmeiras,camisas/brasil/palmeiras/01_16,camisas/brasil/palmeiras/04_16,item:4d37660ea8bf863f1656d27b8b8f63f2b257a9afcc3c3c2ec24540e2bb3e03a3,item:e47948f020c77628ff68e7befaf86a79825640e7fa80961cf7a6e6d41010ec68,TRUE
43470,paises/brasil/palmeiras/2016.htm#editorial:hx001:table-131:description-table-140,paises/brasil/palmeiras,camisas/brasil/palmeiras/07_17,camisas/brasil/palmeiras/02_17,item:ea793d714e72905650eb71dc92d79ce4371dee4137a9e1c25e8ab6100f09d2c1,item:b3f9a5fcf2d84e50f69d09e4b83d7efe2e8577252fc01f9f14b373cd16a5b2fd,TRUE
43471,paises/brasil/palmeiras/2016.htm#editorial:hx001:table-150:description-table-159,paises/brasil/palmeiras,camisas/brasil/palmeiras/07_17,camisas/brasil/palmeiras/02_17,item:096031684dcbc723f6864a804ac23095db8ed40935eefc7b8cba5a37e97f04f3,item:b89840296740b03ff60f9c88b090719b4c0453e060b34133884496966b40a408,TRUE
43472,paises/brasil/palmeiras/2016.htm#editorial:hx001:table-169:description-table-178,paises/brasil/palmeiras,camisas/brasil/palmeiras/07_17,camisas/brasil/palmeiras/03_17,item:8d7fbea7a75e7ad5ce9a8c02bccf033cb5e273c50aaf97765d1904fa90f357a9,item:80e9c2a9a441658dee35747f2da674702a77673f38798babfe12d46acfaee992,TRUE
43473,paises/brasil/palmeiras/2016.htm#editorial:hx001:table-188:description-table-197,paises/brasil/palmeiras,camisas/brasil/palmeiras/07_17,camisas/brasil/palmeiras/03_17,item:ae7836aa51a43a022609c0b5e6c7d89779a9bd302608602502d8140ba3feed9a,item:2ae66231dbb5a45ad18b71df5edcdbb9d65048b1f9275ac15b440f912824ed01,TRUE
43474,paises/brasil/palmeiras/2016.htm#editorial:hx001:table-207:description-table-216,paises/brasil/palmeiras,camisas/brasil/palmeiras/07_17,camisas/brasil/palmeiras/11_17,item:64e4027624faca717db60e254e05503069b667cf2d8d6a7fac290f93e647f989,item:26381d641540e8ebc0b44b75fa18b372c1af385e99ea2573f100855ac5e48fb7,TRUE
43477,paises/brasil/palmeiras/2017.htm#editorial:hx001:table-49:description-table-58,paises/brasil/palmeiras,camisas/brasil/palmeiras/08_17,camisas/brasil/palmeiras/11_17,item:7d86ec7684bafd26a73428aceec75520e79931dc66254843392d99bbaa5259bb,item:e9f601119582d08c7a3e4d8e50abe377fa3be5fdaeede16ea27974ed70cba405,TRUE
43478,paises/brasil/palmeiras/2017.htm#editorial:hx001:table-68:description-table-77,paises/brasil/palmeiras,camisas/brasil/palmeiras/08_17,camisas/brasil/palmeiras/01_20,item:841679644b9a473bcd246147650dc6c7fd0b5454c41e51ba029fcdcc433afa17,item:d9a79d3ff9ef691cc0361c992a5f5d9436e1e86021d0454876e42c8185c5c4d5,TRUE
43479,paises/brasil/palmeiras/2017.htm#editorial:hx001:table-87:description-table-96,paises/brasil/palmeiras,camisas/brasil/palmeiras/08_17,camisas/brasil/palmeiras/11_17,item:4415057336ce6635c935ee57327df9e95d412d7af0af5ab4a1f272ad092d7e6b,item:2b9640bf7c95f67a5ddd121c57d02eb8fb88f3e6bf0a927c12a5bc71205adc27,TRUE
43481,paises/brasil/palmeiras/2017.htm#editorial:hx001:table-125:description-table-134,paises/brasil/palmeiras,camisas/brasil/palmeiras/08_17,camisas/brasil/palmeiras/01_18,item:36c2b7f0e822ee02ab7c3108add7ecce6a5bf129eea135ce66ebc574b4b45dba,item:54fa4df45736be85ac4c66b4e628d6e9e491b0ac5294e511a5b77b84258e5bc6,TRUE
43484,paises/brasil/palmeiras/2018.htm#editorial:hx001:table-51:description-table-60,paises/brasil/palmeiras,camisas/brasil/palmeiras/07_18,camisas/brasil/palmeiras/08_18,item:ce65f8a2c044ffd580b4db38f800ba3531c7834044b52ffa46cd31ef724a2757,item:4dc04539d5a1aa49989555714725f7a3864b3ec32972590f3b3ac4aa0c38ab0c,TRUE
43485,paises/brasil/palmeiras/2018.htm#editorial:hx001:table-70:description-table-79,paises/brasil/palmeiras,camisas/brasil/palmeiras/07_18,camisas/brasil/palmeiras/08_18,item:9d6440ab708bab732d19ecb1f8bef7d43150ae5c5e6875cb3775d8d9ae511000,item:cd18975ba6611ad01be681b4ebf57a6cac6627e23b3f218b17656bf6a33f152c,TRUE
43486,paises/brasil/palmeiras/2018.htm#editorial:hx001:table-89:description-table-98,paises/brasil/palmeiras,camisas/brasil/palmeiras/07_18,camisas/brasil/palmeiras/09_18,item:a91c8a7f9a57a7c6c002ae1b660ca17223c5730520d28145faac740f5ae0ce79,item:a9c3433e4b9e7ff84bb59624a6f368c1cdb82f9b0c2a4727a83455b58a45cf68,TRUE
43488,paises/brasil/palmeiras/2018.htm#editorial:hx001:table-127:description-table-136,paises/brasil/palmeiras,camisas/brasil/palmeiras/07_18,camisas/brasil/palmeiras/01_19,item:491b7abe9b1e7784a8196be307a00cecf84529ee1323bc26559901128d537969,item:f08a5169ecba96509a1c0f1a9487479137bce19301a20f4a160dbca89bd72b41,TRUE
43489,paises/brasil/palmeiras/2018.htm#editorial:hx001:table-146:description-table-155,paises/brasil/palmeiras,camisas/brasil/palmeiras/07_18,camisas/brasil/palmeiras/11_21,item:7b0c8a73853734e91b134d5d6914c7f7ca0c4dd3e7d19c764550247dfcb9a9a4,item:2fc4693deb16b96ea6d8282f2f1d909afd28721622c7fa3c5396e800dd1c1b84,TRUE
43492,paises/brasil/palmeiras/2018.htm#editorial:hx001:table-203:description-table-212,paises/brasil/palmeiras,camisas/brasil/palmeiras/07_18,camisas/brasil/palmeiras/01_20,item:8ee4af2d29e92efddc2fe346c8ffc32a5d0fa3dba231b899f0f56591b82391a8,item:c2752c26ef04c4b45f80528300a4fdd60050d067ab3a586e793e88a7439daf15,TRUE
43493,paises/brasil/palmeiras/2018.htm#editorial:hx001:table-222:description-table-231,paises/brasil/palmeiras,camisas/brasil/palmeiras/07_18,camisas/brasil/palmeiras/03_19,item:80f9d99ee83e816a3fb467408f5dff6f5e3ab1d72a2688557dc372ad6021f07d,item:090f2b6a2d9c04fcee1b3fb36da797663d46989eff7d4566618d142256c80b26,TRUE
43498,paises/brasil/palmeiras/2024.htm#editorial:hx001:table-30:description-table-39,paises/brasil/palmeiras,camisas/brasil/palmeiras/03_25,camisas/brasil/palmeiras/07_25,item:206702aea1af532f5fac937510e059896de981c63757f1ebbadcb053dc721dca,item:9ef9fc1fb48d2eb8029df0ecf9c891261e96061d616daa8ce6056cb059975ff0,TRUE
43572,paises/brasil/santos/2012.htm#editorial:hx001:table-55:description-table-64,paises/brasil/santos,camisas/brasil/santos/02_13,camisas/brasil/santos/11_13,item:67ccadf7c3fba975f3509454b0e11d0a931a5d458a01448b92c7cd970153478e,item:aced9a61685d8caf9c26d647d6ffb94909667e9b36440e9e53f2e3229ccd2337,TRUE
43578,paises/brasil/santos/2013.htm#editorial:hx001:table-34:description-table-43,paises/brasil/santos,camisas/brasil/santos/06_13,camisas/brasil/santos/11_14,item:a8f23b37afe42b1a99aff569b8e905ef08b434f1b672fd8914ef7b1c00f912e5,item:814f132d417270905cb47d147dcca3b7b17e62833ef0e877eb54594d07af247c,TRUE
43580,paises/brasil/santos/2013.htm#editorial:hx001:table-80:description-table-89,paises/brasil/santos,camisas/brasil/santos/06_13,camisas/brasil/santos/07_13,item:0404e40f4f3cb4a75ec0502edade643e64cb55bfd92c7c243f0099634b4cb9cf,item:da85649ac32c3b1473ced8167a184395813d80abdae9635ea24c21eaeee72d5a,TRUE
43587,paises/brasil/santos/2014.htm#editorial:hx001:table-87:description-table-96,paises/brasil/santos,camisas/brasil/santos/06_14,camisas/brasil/santos/03_15,item:ebbee7903d1b2afd2e68cca4784c75f47b70e244ed9ac3df026f2548c964cafc,item:2a423b062d693683aad3f9e02895a6f5c80267c477aaf149c7219b82eae34889,TRUE
43588,paises/brasil/santos/2014.htm#editorial:hx001:table-106:description-table-115,paises/brasil/santos,camisas/brasil/santos/06_14,camisas/brasil/santos/03_15,item:a04374301dd9d7637f680cd5329f69570d9bf43db5fe17d5ce7f98938a40f931,item:9fbbf9ffe0c2e8857a2e65caa7b57b7c0011b344e0a528d014347a70f6dbfd0e,TRUE
43589,paises/brasil/santos/2014.htm#editorial:hx001:table-125:description-table-134,paises/brasil/santos,camisas/brasil/santos/06_14,camisas/brasil/santos/03_15,item:173e9a1ddd4614a6e38ec22642560982a721e0b590ba52cfb264ee45cadb358d,item:808afbbb11df3e92ffa21a1a6dc3d661dfd8a20368b4fd52f719e0b6b2ff3cdb,TRUE
43590,paises/brasil/santos/2014.htm#editorial:hx001:table-144:description-table-153,paises/brasil/santos,camisas/brasil/santos/06_14,camisas/brasil/santos/04_15,item:8d39ba207260e6bfe3b5a3bb699a3f32757eb85a358060171de634a02972262f,item:0f925f39fc8fc387be38c549e4f0939c34c8da4d6a94162c850fa98a5656a8f9,TRUE
43592,paises/brasil/santos/2014.htm#editorial:hx001:table-182:description-table-191,paises/brasil/santos,camisas/brasil/santos/06_14,camisas/brasil/santos/08_14,item:981f9c199c83175ab8f74dbf464c9d5399bf4b1b6ed4a065bc1aa996483855ce,item:f2c90ac93b07848cb7a1f4e76aa3d70558112911e89636d7ce9b365400f91ace,TRUE
43593,paises/brasil/santos/2014.htm#editorial:hx001:table-201:description-table-210,paises/brasil/santos,camisas/brasil/santos/06_14,camisas/brasil/santos/08_14,item:310faffd6aac39cbe7ef27aabdb143674de0a85c0155289f67773ae6071bb5bb,item:0ce6050f1ebc45154a49f8015ad585202cada2f49b7000631769e5406c9031da,TRUE
43594,paises/brasil/santos/2014.htm#editorial:hx001:table-220:description-table-229,paises/brasil/santos,camisas/brasil/santos/06_14,camisas/brasil/santos/08_14,item:e9779edefc1b30d0c2e5c80e03f2cc571d8144dd91b8cea6dd950e5647ef56fb,item:2934571467addb70288c89a4b8c98f16ffbac83f22014ce744ddb4969012b77a,TRUE
43595,paises/brasil/santos/2014.htm#editorial:hx001:table-239:description-table-248,paises/brasil/santos,camisas/brasil/santos/06_14,camisas/brasil/santos/08_14,item:288db0cf29ef7a9a09fb1e7054295a3b109bd0a1458c568e0b04490853cf2819,item:78e2e111b636319620a598041a08af04478372047ba1c7413fed730ebe7cc9e0,TRUE
43599,paises/brasil/santos/2015.htm#editorial:hx001:table-68:description-table-77,paises/brasil/santos,camisas/brasil/santos/05_15,camisas/brasil/santos/01_16,item:59b721659e3cb4f53a349919281687a15b170cfa9493e8df3b7cd41114c4bf65,item:2e49d01c8cc3f3564cab911acccea0808cb315279f0caed8d0cd161ce5da1c88,TRUE
43600,paises/brasil/santos/2015.htm#editorial:hx001:table-87:description-table-96,paises/brasil/santos,camisas/brasil/santos/05_15,camisas/brasil/santos/01_16,item:68a520440fb4652ab2e4123814eec6cad0b38da9ea873cc7d171bfdd1123969b,item:f5f2590b1fae325fa88a0cc8386605acae7cc34a21fa08905e01fa054fa635c3,TRUE
43619,paises/brasil/santos/2015.htm#editorial:hx001:table-447:description-table-456,paises/brasil/santos,camisas/brasil/santos/05_15,camisas/brasil/santos/01_16,item:9a61e7b1325abbce6503a6fb9a7c533d89ad89737fc8997e581e422406c36617,item:7d269d2acaa8c2e581dff5ffd54ed41794bdfdbac9031591f1ab95ec1371f81a,TRUE
43620,paises/brasil/santos/2015.htm#editorial:hx001:table-466:description-table-475,paises/brasil/santos,camisas/brasil/santos/05_15,camisas/brasil/santos/01_16,item:7ad9e9da8b839459eb556b534508f10af68b18b83141beefb24a7dc25d557bda,item:2f857e9e4a4e525f0ae1c8f138c69eafc36b334cb167a3f6b41a036fe8356484,TRUE
43636,paises/brasil/santos/2016.htm#editorial:hx001:table-288:description-table-297,paises/brasil/santos,camisas/brasil/santos/04_16,camisas/brasil/santos/03_17,item:18fca256fc996526d09ab7a6a422b02ed7e2f5d6252a3941c0a961c6775135bd,item:8c7fc0ead7fd5acf7c35b5f96dcd44fc1fe30ef4970419a177b09181f8c93cb5,TRUE
43637,paises/brasil/santos/2016.htm#editorial:hx001:table-308:description-table-317,paises/brasil/santos,camisas/brasil/santos/04_16,camisas/brasil/santos/03_17,item:c1732a930b68a6770ab3c07d332b753b3142476f624d234930b623a968647a58,item:4c493dfae63ba03dff9dd0524d0d5189fb8a5990d355e3521e14164f718be301,TRUE
43643,paises/brasil/santos/2017.htm#editorial:hx001:table-49:description-table-58,paises/brasil/santos,camisas/brasil/santos/07_17,camisas/brasil/santos/11_17,item:2be663ddabefe7d92db5d0dc04f8cda5abe79a1765d42ac315b5cf31381f0b52,item:5545f3739e1b213d7c84722849557d710485256ade98ffcba19b4f605337fca7,TRUE
43646,paises/brasil/santos/2017.htm#editorial:hx001:table-106:description-table-115,paises/brasil/santos,camisas/brasil/santos/07_17,camisas/brasil/santos/11_17_2,item:7323106148d7ba9b1019934065abafabf9366ff0273b8a1bdc28417f48ebf9c1,item:a5a74831883e0e926526c94a7909deff9b80c488c4c987b2d84197234f711d44,TRUE
43647,paises/brasil/santos/2017.htm#editorial:hx001:table-125:description-table-134,paises/brasil/santos,camisas/brasil/santos/07_17,camisas/brasil/santos/01_18,item:70eede146dc3196d148e7a8201c85bf0008315b63959b1c578adcdeed939749e,item:c9043454e0bc24d0af0641fec0bd3f00dea2e85d32b0b4be044c02005ff29113,TRUE
43649,paises/brasil/santos/2018.htm#editorial:hx001:table-30:description-table-39,paises/brasil/santos,camisas/brasil/santos/06_18,camisas/brasil/santos/07_18,item:2b384dea25f4c2799f5ed69bb8450dc6ba55e232b73d789d6d80e81b056def6f,item:54e433a64266aa5a347912a3f5ab40ba55028e4074a938545c4d3c901b3da780,TRUE
43650,paises/brasil/santos/2018.htm#editorial:hx001:table-49:description-table-58,paises/brasil/santos,camisas/brasil/santos/06_18,camisas/brasil/santos/10_18,item:9a9ffed95df12ec3ab1b575b262eddc1728488f8528f6ce743e0f3a2a8f2d9da,item:3f817666c0fd6a821a84345e8f39e8ce02667631118042a4a5c8772a8b116a30,TRUE
43651,paises/brasil/santos/2018.htm#editorial:hx001:table-68:description-table-77,paises/brasil/santos,camisas/brasil/santos/06_18,camisas/brasil/santos/07_18,item:d4d810a525f8ba1b3994cc913dec2cb55e52e30925027142f0c9402b3ebdcd3e,item:f31ae2abaef89eea1c0bb2fc4f79688a6240681ff5045ea915f4dd943237a54c,TRUE
43652,paises/brasil/santos/2018.htm#editorial:hx001:table-87:description-table-96,paises/brasil/santos,camisas/brasil/santos/06_18,camisas/brasil/santos/01_19,item:1dd5fee139b80bad6e6180cea44004cfd4287f8d50626c286963a82e0d6a4d24,item:984690edb67d81aaf0fcf674aba31a227aa4e90546ff17a0b75b160b812d1e97,TRUE
43653,paises/brasil/santos/2018.htm#editorial:hx001:table-106:description-table-117,paises/brasil/santos,camisas/brasil/santos/06_18,camisas/brasil/santos/03_19,item:1681c184711a561de224890d45790ae52318c9f45a094a5409dc9139225fa195,item:7e73897da62884f2a915f787178fe2bd68d189ac7fec79af31e2222a8cef2ebf,TRUE
43654,paises/brasil/santos/2018.htm#editorial:hx001:table-127:description-table-134,paises/brasil/santos,camisas/brasil/santos/06_18,camisas/brasil/santos/10_18,item:41cb65134f2ad92477a75d36a0e69ba7617c5fe0f3ad2b3a678d3d02ee193273,item:45631a5b1c68502c4d1c6c7b678c34f8b59414b66a9498d4c5bdfe75bbf375f1,TRUE
43657,paises/brasil/santos/2019.htm#editorial:hx001:table-50:description-table-59,paises/brasil/santos,camisas/brasil/santos/07_19,camisas/brasil/santos/11_21,item:3aa6233f7c7bd759879919dfa59bde02ac2889685153e3e6d96c420bb25d0aab,item:cc7b4ece875ac68ef6e1357562e3d541f0a72d3cf2023b40c17eb067b59c3730,TRUE
43658,paises/brasil/santos/2019.htm#editorial:hx001:table-71:description-table-80,paises/brasil/santos,camisas/brasil/santos/07_19,camisas/brasil/santos/11_21,item:1ed3edbecc9bccd3580f3c2563aac58148a92c94ffe28c03206c989ebb8bb7a9,item:87f82971448c181afff3ee27b79e6f7a7e2433c5283bdc65edf171da4b60458d,TRUE
43661,paises/brasil/santos/2019.htm#editorial:hx001:table-130:description-table-139,paises/brasil/santos,camisas/brasil/santos/07_19,camisas/brasil/santos/10_19,item:934580e5603064a932b88120fb193761136f4efd339178b72ec627cc764fb159,item:d77183713ceeba8b7e9e6c088e5a424caf8b6c99550d9afbd164773a1f4ca46e,TRUE
43662,paises/brasil/santos/2019.htm#editorial:hx001:table-149:description-table-158,paises/brasil/santos,camisas/brasil/santos/07_19,camisas/brasil/santos/01_20,item:88f3784ea1657b2bd0ee2ebf8b0a2977caaacedc0c6019e5b453d61cd776f56b,item:34243915b1bd3ca4d00f269dd1aac2552daea9871bc09a82d409e1b93e20f47d,TRUE
43670,paises/brasil/santos/2021.htm#editorial:hx001:table-87:description-table-96,paises/brasil/santos,camisas/brasil/santos/11_21_2,camisas/brasil/santos/02_22,item:0447535513614291c4156e78b580f79dc71706d76cab4a8366af065d5f630da2,item:73e5f99dfb5a8b95e943a7a2e140d7c87f5cb5aff5b463cc2138e261ab951cce,TRUE
43671,paises/brasil/santos/2021.htm#editorial:hx001:table-106:description-table-115,paises/brasil/santos,camisas/brasil/santos/11_21_2,camisas/brasil/santos/02_22,item:6032b870994cc70d3550eb67d14c255092c09ef0eb6c8ba8cc8c5a84bb56aabe,item:8a928567c569cb7ca82560b6d5682ae79cff79927eef06ac8203d053c762a8cb,TRUE
43672,paises/brasil/santos/2021.htm#editorial:hx001:table-125:description-table-134,paises/brasil/santos,camisas/brasil/santos/11_21_2,camisas/brasil/santos/02_22,item:e00b5b3bfb8511a24b9d1275be974b93dd8493571eb76322a472995dd21b01c4,item:cc29296ac7186cabbad72f14fc224074f790e2f28eae596f8067663ea2c6dbab,TRUE
43716,paises/brasil/saopaulo/2013.html#editorial:hx001:table-35:description-table-44,paises/brasil/saopaulo,camisas/brasil/saopaulo/03_14_2,camisas/brasil/saopaulo/11_13,item:af20bbc3320cddbb5c92765ff52ed1c1f55a83b968f82f39ad3e0976b314afff,item:2ed5ab15a0f94c7de12b219cb393fda5ccf2954b098a1e332d89cf6851dab861,TRUE
43717,paises/brasil/saopaulo/2013.html#editorial:hx001:table-56:description-table-65,paises/brasil/saopaulo,camisas/brasil/saopaulo/03_14_2,camisas/brasil/saopaulo/04_14,item:81e59595be581efccbd8776cee66443189cd9d3c6999a5c8a59a83548bcee9e2,item:589938ef2a7b0ca6350daab8eedcb210b153e713dc2c6f3982b8f4175230392f,TRUE
43722,paises/brasil/saopaulo/2014.html#editorial:hx001:table-39:description-table-48,paises/brasil/saopaulo,camisas/brasil/saopaulo/08_14_2,camisas/brasil/saopaulo/03_15,item:7c08cdc5eb6583885ff5d117ff12a575cbc0d756057e7309df7605ad3c33c063,item:acba6e0e030f96b0c84ad9cae3f47d093a1cddceb9973e78beed731ee4c94755,TRUE
43723,paises/brasil/saopaulo/2014.html#editorial:hx001:table-62:description-table-71,paises/brasil/saopaulo,camisas/brasil/saopaulo/08_14_2,camisas/brasil/saopaulo/03_15,item:52fce75240674586d3a16a41575eb2eb7c476b68d45308a0f07ad8d9faf413f1,item:c7bb213b5d134547292551fc069ce92707a7cdd886772eb803662f10a0dd7eb1,TRUE
43724,paises/brasil/saopaulo/2014.html#editorial:hx001:table-85:description-table-94,paises/brasil/saopaulo,camisas/brasil/saopaulo/08_14_2,camisas/brasil/saopaulo/04_15,item:04995a4173e602233cc8d8995fa823332f5263c4ac743ab0855ac5cca9be3df4,item:3e91f4003e216b88c0eecce9103682aee7fc03ab548070e95217edffa3442546,TRUE
43726,paises/brasil/saopaulo/2014.html#editorial:hx001:table-131:description-table-140,paises/brasil/saopaulo,camisas/brasil/saopaulo/08_14_2,camisas/brasil/saopaulo/03_15,item:cd164dab9df6e6071ea8ae6b915c370a58754bcfb4e8cdbd17f35de5063ae17b,item:2d3c604484d3a0b9f60f95fcc5b0be6e477bb37af5f255dc655a3e6cee013fb5,TRUE
43727,paises/brasil/saopaulo/2014.html#editorial:hx001:table-154:description-table-163,paises/brasil/saopaulo,camisas/brasil/saopaulo/08_14_2,camisas/brasil/saopaulo/03_15,item:122c986a644d6daa15d053f1d553eb88d5a98db1d87a3ba214a915135db7b212,item:a4e26405c956392f21fede474664db84620e5716c7586ff3e1bc43d6d416c83b,TRUE
43728,paises/brasil/saopaulo/2014.html#editorial:hx001:table-177:description-table-186,paises/brasil/saopaulo,camisas/brasil/saopaulo/08_14_2,camisas/brasil/saopaulo/03_15,item:4af73533fc05037703492e2148e542f6b7d8dbd4501ab4ed0bfb7fd40f22182b,item:6d957172fc38ea38b2b4499596d2a9f7bb023faa986dde7a18304c74c076870e,TRUE
43729,paises/brasil/saopaulo/2014.html#editorial:hx001:table-200:description-table-209,paises/brasil/saopaulo,camisas/brasil/saopaulo/08_14_2,camisas/brasil/saopaulo/03_15,item:9c0b7cf3c9ba88cd0431a8fa184f3c40ce7bead2248a93d24b947bd07883c555,item:ffc424cd66dd6675c95797267acfbd6ff2c3eb9f6684b6c1ebda345283dc3169,TRUE
43733,paises/brasil/saopaulo/2015.htm#editorial:hx001:table-99:description-table-106,paises/brasil/saopaulo,camisas/brasil/saopaulo/04_16,camisas/brasil/saopaulo/04_15,item:ee4ed80d9861c23e4d10b344d0299c1e4d8ec64165db2fe9160ad43e46d0032b,item:02e9443371252cdd1931f4004d036e10505de123c144b82509b9315026c845b1,TRUE
43734,paises/brasil/saopaulo/2015.htm#editorial:hx001:table-120:description-table-129,paises/brasil/saopaulo,camisas/brasil/saopaulo/04_16,camisas/brasil/saopaulo/04_15,item:a9f3ddae8f92d75409babb0aa451336ddae525dc0be75a49c732885d7a2ca506,item:4ab03fef8c5fba3c1dc791fae2a2efe20d576c56cda9cf4c3cd072d06e404096,TRUE
43740,paises/brasil/saopaulo/2017.htm#editorial:hx001:table-74:description-table-85,paises/brasil/saopaulo,camisas/brasil/saopaulo/07_17,camisas/brasil/saopaulo/11_17,item:efaa04a5b02c450e835adf8dd0d8337395aa0d26cc51a35c86efebf974ea3495,item:345c6ca6a8a360d09e4b14f8e1e24b72270fa5f990cd81b349c7ae694da062a1,TRUE
43741,paises/brasil/saopaulo/2017.htm#editorial:hx001:table-104:description-table-113,paises/brasil/saopaulo,camisas/brasil/saopaulo/07_17,camisas/brasil/saopaulo/01_18,item:1f8c19e91fa5fd6319df57cf13af1b792ba66af5f693cde2417dd93f37ae4cfd,item:523e2522527caa5844f285712ee4f574ca2130a44e038ba5d4bf6faff95e8ee7,TRUE
43742,paises/brasil/saopaulo/2017.htm#editorial:hx001:table-133:description-table-142,paises/brasil/saopaulo,camisas/brasil/saopaulo/07_17,camisas/brasil/saopaulo/01_18,item:3b76e2865a3e74bb13aa3833a68045e9225764380b95b175590c1f17ec2af896,item:f5188f175dfdd3d5b9cad18562f093668b94271762f483754f11ced7754760ff,TRUE
43743,paises/brasil/saopaulo/2017.htm#editorial:hx001:table-164:description-table-173,paises/brasil/saopaulo,camisas/brasil/saopaulo/07_17,camisas/brasil/saopaulo/01_18,item:9fbfab92747ca4573b640c28aa456d66bcc6bfd73967e99a7bcab578dfe379ea,item:4ebf45d2c1122d3e83d7edba00d73ca7db12c11297e8534a66fa03da62d757cc,TRUE
43745,paises/brasil/saopaulo/2018.htm#editorial:hx001:table-48:description-table-57,paises/brasil/saopaulo,camisas/brasil/saopaulo/06_18,camisas/brasil/saopaulo/11_18,item:d6f13dfd8d0dff377a47c65eec315bdf9e577a1ec65ac8a2b9014e85ff7c6ea3,item:91f41e949e221c73470b432632da777dff851a363337c0eabf5979b96a16247d,TRUE
43746,paises/brasil/saopaulo/2018.htm#editorial:hx001:table-76:description-table-85,paises/brasil/saopaulo,camisas/brasil/saopaulo/06_18,camisas/brasil/saopaulo/11_18,item:8877bc47a12da392ebdb0adaab3be61c18ce2fda6c698d767ab302c01f2076ca,item:5d8887fcd37b6d671e6ef75fdf9123a5b9ef0911c88e071057bc179a554ec74a,TRUE
43747,paises/brasil/saopaulo/2018.htm#editorial:hx001:table-105:description-table-114,paises/brasil/saopaulo,camisas/brasil/saopaulo/06_18,camisas/brasil/saopaulo/11_18,item:f35d856d2f57e6710dbfcdc9242b9e6b7c93f4e6c2b97ba385a0e69774dabe06,item:99a8b70eb437ec6d16cd33860ec3089f60f663f8c54f1c7c3f67c15cda87e098,TRUE
43748,paises/brasil/saopaulo/2018.htm#editorial:hx001:table-134:description-table-143,paises/brasil/saopaulo,camisas/brasil/saopaulo/06_18,camisas/brasil/saopaulo/11_18,item:888b872e15ade1e120726d5bdb2489304c6e2c641debbc27df032361db4edad6,item:b3b627c733091e4f5a8ffc4f988a2f8c38d0c3e7ec9c22002f4a5a641fd0add7,TRUE
43755,paises/brasil/saopaulo/2021.htm#editorial:hx001:table-57:description-table-66,paises/brasil/saopaulo,camisas/brasil/saopaulo/11_21,camisas/brasil/saopaulo/07_22,item:3250f9da090139adfa29994daf8a122a21475aa699ef2961fe997cd118fd8c6b,item:850e7e206c5a27ce71d261685292ed61dee3c20d819d453093fac90c97cd9c81,TRUE
43758,paises/brasil/saopaulo/2024.htm#editorial:hx001:table-90:description-table-99,paises/brasil/saopaulo,camisas/brasil/saopaulo/09_24,camisas/brasil/saopaulo/03_25,item:cc5925ea6ad553fbcf3aa7bb21855d285003fde6d9c1cf39e2968dc635536db6,item:4a5eef50ea48781d674bf85d75d4b2179857b7cce3ca66b24c2b839323100b1a,TRUE
43759,paises/brasil/saopaulo/2024.htm#editorial:hx001:table-123:description-table-132,paises/brasil/saopaulo,camisas/brasil/saopaulo/09_24,camisas/brasil/saopaulo/03_25,item:a79ed29f2eb7b1f44c5a1647469d91d184ca6806b1b6049c40206acf0eaaffdf,item:ba0eae5a48b9bf9c40f682c26740cc4bdd84399d03a542a81057ba1ecacbbe73,TRUE
43884,paises/brasil/sport/2017.htm#editorial:hx001:table-34:description-table-43,paises/brasil/sport,camisas/brasil/sport/07_17,camisas/brasil/sport/11_17,item:d5581f198ba9b0a3652e7188efe0180163fe7fefdbb41e3a2adc72f464c7c30e,item:5a3a2d6813122e5c9f16c15307c5a3bdd2287b13855601a4d005dc264fcc7cc4,TRUE
43938,paises/brasil/xvpira/2012.htm#editorial:hx001:table-61:description-table-68,paises/brasil/xvpira,camisas/brasil/xvpira/07_17,camisas/brasil/xvpira/08_22,item:6b25d5455155c8f5e6b43c93fb76aeb885f933c2bba4a0c7a28718dd831614f9,item:0fcb6ae62608bcc47884fb6003048c43ed13e7ce16dae99275ebbf2533f22733,TRUE
43939,paises/brasil/xvpira/2012.htm#editorial:hx001:table-82:description-table-89,paises/brasil/xvpira,camisas/brasil/xvpira/07_17,camisas/brasil/xvpira/09_22,item:3d856033d74aa007adab80ff6c1cbbcf8506fba1d6eb1972c14d0d6c4d79c63b,item:40c7d03d517e13db55eab5bcdc8caf4db18c1aee8dbae94ba7949fe5375fe502,TRUE
43948,paises/brasil/xvpira/2015.htm#editorial:hx001:table-38:description-table-47,paises/brasil/xvpira,camisas/brasil/xvpira/07_17,camisas/brasil/xvpira/08_22,item:70f3ab83a783ce064ed8ba4323a2c57ddb188c75d41aa22d4594498606e892d7,item:af5da55dec062134bd4dc5bd627569c326e3bef06c995962c92417b5ee021d62,TRUE
43950,paises/brasil/xvpira/2015.htm#editorial:hx001:table-84:description-table-93,paises/brasil/xvpira,camisas/brasil/xvpira/07_17,camisas/brasil/xvpira/08_22,item:fb7a0d18ff1820039a9408a9d53602de24690d4f7bc519200ea98d834ed03f75,item:46a4b9ebe3becf0665e7adf03aa61758d220d83cbd7790337a23cca7597b7b04,TRUE
43951,paises/brasil/xvpira/2015.htm#editorial:hx001:table-107:description-table-116,paises/brasil/xvpira,camisas/brasil/xvpira/07_17,camisas/brasil/xvpira/08_22,item:dac003ba344171ab3c9f580b2b86e2d127265d5a7069a68142acc9bec9d68526,item:c59e7acf3ac2564b7cc91563b6447c83f09e0357dc13a1d18593bc7978459717,TRUE
44018,paises/italia/bologna/6364.htm#editorial:hx001:table-34:description-table-43,paises/italia/bologna,camisas/italia/bologna/03_20,camisas/italia/bologna/04_20,item:eab2bf5bedc7c7d168c26fb45b21a863d4cac881c1639979dce459fa9d5d3cfe,item:3754e924219d9f98e7bc4eeeffb46a4edd6ecfe2cabfcfa7754ac2711ce820fb,TRUE
44129,paises/italia/cagliari/1213.htm#editorial:hx001:table-87:description-table-96,paises/italia/cagliari,camisas/italia/cagliari/11_13,camisas/italia/cagliari/01_14,item:a69eae7d0b6e0b79f26fc2b36b3da44914ef134c8ce0094cd9e3a272242ad97b,item:e228ca1b8a7da817d09129fe1e30f2938e0190eebebcf8065301606dfdf212be,TRUE
44152,paises/italia/cagliari/1314.htm#editorial:hx001:table-163:description-table-170,paises/italia/cagliari,camisas/italia/cagliari/03_14_2,camisas/italia/cagliari/07_17,item:56ef712af5b09c361f759410d4e8bca439e89b752f6acf0db31e7047a8dfca16,item:615af0d7c05d982920ede9376bba22a4cd65da87da7df166d758e7c17e84dd37,TRUE
44156,paises/italia/cagliari/1415.htm#editorial:hx001:table-30:description-table-39,paises/italia/cagliari,camisas/italia/cagliari/02_17,camisas/italia/cagliari/07_17,item:456bee6ad89ee379530f81bc20afb8f25588de0f34ea2e6d5b222c1d85640529,item:49b8a3382c6a8aba0688d433fe2d4180fe2af449b7c09da1d745141eae98dd92,TRUE
44157,paises/italia/cagliari/1415.htm#editorial:hx001:table-53:description-table-62,paises/italia/cagliari,camisas/italia/cagliari/02_17,camisas/italia/cagliari/07_17,item:c82b3ad1a00344b86fef3bb5ed4a950debc12db1dff95abf41817c9e565ec172,item:6fc4a7cbf1b180cac6ade963966f8a84e2213e186f1014d663ac129b65976467,TRUE
44158,paises/italia/cagliari/1415.htm#editorial:hx001:table-76:description-table-85,paises/italia/cagliari,camisas/italia/cagliari/02_17,camisas/italia/cagliari/07_17,item:6d9256bca26cabf21fe14e70f05db170788a9ce28ae69fada214ca4e347701ba,item:e9c9fc4bc1e0965165c16b940b336b9ab0a5cc798fd2c3195676897e4639ee18,TRUE
44159,paises/italia/cagliari/1415.htm#editorial:hx001:table-99:description-table-108,paises/italia/cagliari,camisas/italia/cagliari/02_17,camisas/italia/cagliari/07_17,item:5be9e070e352cd530b36da01fa513d1c7de217964638d139c8d44b73962e197c,item:139a94f556113fe2d13a815ab67080677b27878cd0bdd013a2247f153135e4d8,TRUE
44160,paises/italia/cagliari/1415.htm#editorial:hx001:table-122:description-table-131,paises/italia/cagliari,camisas/italia/cagliari/02_17,camisas/italia/cagliari/07_17,item:c10f09f3a5d4b8df426cea3a3eb710c1284fe61ec24d15261e8222a15693a13b,item:432de573501d9bea2afb41ef0b5eec0bc872f5aa0ec9ab5ba60bd57a43614632,TRUE
44161,paises/italia/cagliari/1415.htm#editorial:hx001:table-146:description-table-155,paises/italia/cagliari,camisas/italia/cagliari/02_17,camisas/italia/cagliari/07_17,item:8ab94fcb294aff933bb75bc3f0ead9ceec8affff5976c2a27ecbdafb767b56a7,item:f13eacface2debbfaed33b453ae74f5fa88faed0f0e80a4cf97bfc8b3887e0be,TRUE
44163,paises/italia/cagliari/1415.htm#editorial:hx001:table-189:description-table-198,paises/italia/cagliari,camisas/italia/cagliari/02_17,camisas/italia/cagliari/07_17,item:35878238631e8da5c18611a2d101c8067a7a6d01479c7d07f8ae0acdf9e42a91,item:a392fea7275eed8e21e746e11d7088fe0697c6e886708fb2ab3feec2e04ee5b3,TRUE
44164,paises/italia/cagliari/1415.htm#editorial:hx001:table-212:description-table-221,paises/italia/cagliari,camisas/italia/cagliari/02_17,camisas/italia/cagliari/07_17,item:5a0dcc87d6a11f0f2220b41e89470a1febf24328e2337fe28f1405831f610314,item:09736a41568c82c402be3d1c29eef464ad29b24a0cf73f9c77f54ffaef3d61ce,TRUE
44165,paises/italia/cagliari/1415.htm#editorial:hx001:table-239:description-table-248,paises/italia/cagliari,camisas/italia/cagliari/02_17,camisas/italia/cagliari/07_17,item:d881ed69a00ba2941adb4db02d8837849360a0925a7920f9bd9b66058a5dbbc3,item:65487a4ed6ec9ebe7a591ea5f079bbdb26c84cff6a70d5a5633a062894b98ff5,TRUE
44166,paises/italia/cagliari/1415.htm#editorial:hx001:table-266:description-table-275,paises/italia/cagliari,camisas/italia/cagliari/02_17,camisas/italia/cagliari/07_17,item:a3d52727cd9fd972dcbdc9f4d503845adffbf48bea1ad5e9edb692565eff9edb,item:da76a5287a51038553d46ce61dc2733e8c362cdec706f56465f00d4760ce26d0,TRUE
44167,paises/italia/cagliari/1415.htm#editorial:hx001:table-289:description-table-298,paises/italia/cagliari,camisas/italia/cagliari/02_17,camisas/italia/cagliari/07_17,item:561435f4ce6298b9fc8f98f3ca2bee3336367c6e5e2190f772acb7d8d23383bb,item:beebf0c6c1dc3a814dfce62d7d186b7099dc7e251fd75ee909d5957b39b67ca5,TRUE
44168,paises/italia/cagliari/1415.htm#editorial:hx001:table-312:description-table-321,paises/italia/cagliari,camisas/italia/cagliari/02_17,camisas/italia/cagliari/07_17,item:2fa4ada1c376fd91bb02b5917fc6946cfd3beb2b925f8e7d18f58a4c51bec2ce,item:572039975382409315d7fbe0400663ae2c281831163b2a82478af59b6012bb33,TRUE
44169,paises/italia/cagliari/1415.htm#editorial:hx001:table-335:description-table-344,paises/italia/cagliari,camisas/italia/cagliari/02_17,camisas/italia/cagliari/07_17,item:9fef661dba84ebea060469cb082606a882e994d360263dbe65d5469eeab6b466,item:703a9dc94dec2f33f0293ab541eeec9ab72611bc3a59bce9f43b737e97f9e3a8,TRUE
44170,paises/italia/cagliari/1415.htm#editorial:hx001:table-358:description-table-365,paises/italia/cagliari,camisas/italia/cagliari/02_17,camisas/italia/cagliari/07_17,item:b097cd682c267546479670e3d30e0c7a69cff95141bc494c380c101ad67110df,item:7c540303557821c0c5c79721d4500991f8fb2014fb636556e050be2bb5442c92,TRUE
44173,paises/italia/cagliari/1516.htm#editorial:hx001:table-51:description-table-58,paises/italia/cagliari,camisas/italia/cagliari/02_17,camisas/italia/cagliari/07_17,item:47950d871130d371d0236aa3088b35e1c6385038b5d123098b79f6ef4763eb6e,item:b11b568786db0d1bc56b6eccaf500276c7e97350c0961573a3e2eaf348c918b3,TRUE
44178,paises/italia/cagliari/1617.htm#editorial:hx001:table-68:description-table-77,paises/italia/cagliari,camisas/italia/cagliari/02_17,camisas/italia/cagliari/07_17,item:437ebf8752cc4453f9b2244ff839298a6868ffd42dd0465c3925835ce673b288,item:591af57d030658e08c5c46a75e0f2d40d00b6ddbbfdf26b6c2fb27f97dad3bbe,TRUE
44186,paises/italia/cagliari/1617.htm#editorial:hx001:table-230:description-table-239,paises/italia/cagliari,camisas/italia/cagliari/02_17,camisas/italia/cagliari/07_17,item:e4881dbb4e10a4c153934fada5eca04296edcb2f34cf3132d59731325cf07157,item:a6259b34acc5b9d6345dc069514ba08feff1dc682d328389eca37c0fcfc6eaa8,TRUE
44225,paises/italia/cagliari/1819.htm#editorial:hx001:table-451:description-table-460,paises/italia/cagliari,camisas/italia/cagliari/10_19,camisas/italia/cagliari/09_24_2,item:983e20d7218f2d4358a2acdab51d898f865d7ef30f8601afac7cffcf619ee105,item:88459573fb3b33d54a9c205bf1c5ce8727174da115ef74032191fd6c0c63dd76,TRUE
44247,paises/italia/cagliari/2021.htm#editorial:hx001:table-74:description-table-83,paises/italia/cagliari,camisas/italia/cagliari/07_22,camisas/italia/cagliari/03_23,item:364f8fcc099c420af9a14ec3f2d18215a07d501179f9d1dd389954e338dc42e2,item:dea3ed53160cd65a672b30475e19761e26a44a69025916d595ef8d2b35f7fb07,TRUE
44268,paises/italia/cagliari/2324.htm#editorial:hx001:table-32:description-table-39,paises/italia/cagliari,camisas/italia/cagliari/05_24,camisas/italia/cagliari/09_24,item:7de4446f72e5f555896c0419dc108e3a9a2f73b907333c5884c2621e249130e0,item:f0256d2bb9336547acb9aefbc5cd93472d27d1633ac3cbf8a403124478c67ee1,TRUE
44269,paises/italia/cagliari/2324.htm#editorial:hx001:table-50:description-table-57,paises/italia/cagliari,camisas/italia/cagliari/05_24,camisas/italia/cagliari/09_24,item:fb48451c68e3a03e0b2c169bc00ea7e09b873a3fb7c06d64e6e66548831c5225,item:ebb2d36800027a5d0d7d8fd314d6c369c924f688910c29b771dba336905a50e9,TRUE
44270,paises/italia/cagliari/2324.htm#editorial:hx001:table-69:description-table-78,paises/italia/cagliari,camisas/italia/cagliari/05_24,camisas/italia/cagliari/09_24,item:f630f556b42014bf1d766e3fe3122815234143194fefd86542bddeb14306c3f2,item:175da0c8a0c42dc558a796e681b40fecb07c71bc38b6ee8b6404633c0ca350e7,TRUE
44274,paises/italia/cagliari/2425.htm#editorial:hx001:table-30:description-table-39,paises/italia/cagliari,camisas/italia/cagliari/02_25,camisas/italia/cagliari/07_25,item:0c8b6130d27801da547d81385d2ebf8db55d28f110110e9800c176f4c7117c04,item:2997434b33e766d66ed0205a449cfad82c9a8ec18af88e8ec8b995209ff36079,TRUE
44275,paises/italia/cagliari/2425.htm#editorial:hx001:table-49:description-table-58,paises/italia/cagliari,camisas/italia/cagliari/02_25,camisas/italia/cagliari/07_25,item:766c0a61f45bd69dce1928593d981780f9a4c032583a69dec3ef4e186257ad97,item:ccd3f0d52d3c85ee3edc7b89fe0197df05ce0ffafe79a91e9e9a1d5696ab884b,TRUE
44276,paises/italia/cagliari/2425.htm#editorial:hx001:table-68:description-table-77,paises/italia/cagliari,camisas/italia/cagliari/02_25,camisas/italia/cagliari/07_25,item:c656f8c97a67eb7d50868e59773b852642cf0e9babf3754249ece7fe6b618b6a,item:ebe574d43dbb84e8784eb82f8060599bdae6e2912c89d3eb4643c90ba2330282,TRUE
44277,paises/italia/cagliari/2425.htm#editorial:hx001:table-87:description-table-96,paises/italia/cagliari,camisas/italia/cagliari/02_25,camisas/italia/cagliari/07_25,item:f9d10139f6a6e437af3b1f09fac7b04bf658a9d7f65dc780a75f4f91a5baa341,item:98030ded3597b4228ea0708ae8360dd1988f601f4fa02dca90cdc84258c86ca2,TRUE
44278,paises/italia/cagliari/2425.htm#editorial:hx001:table-106:description-table-115,paises/italia/cagliari,camisas/italia/cagliari/02_25,camisas/italia/cagliari/07_25,item:eb543517b12ed5f7f53169156e002929602d5e93f4b7f220fe314febbe133bb4,item:0b16f682ad6261a14f28be322f72bd93bb5a0140e0e5d6131a82eb90aec21a64,TRUE
44279,paises/italia/cagliari/2425.htm#editorial:hx001:table-125:description-table-134,paises/italia/cagliari,camisas/italia/cagliari/02_25,camisas/italia/cagliari/07_25,item:98991c2cdaa11656ec3f1966e05bea6fadbc12a030258842bcde36a0eb346f50,item:d3eafcf99e8bbf86a4bbdb56ddbe790203669bd56aeaa07d156141c4c05ddfd5,TRUE
44280,paises/italia/cagliari/2425.htm#editorial:hx001:table-144:description-table-153,paises/italia/cagliari,camisas/italia/cagliari/02_25,camisas/italia/cagliari/07_25,item:b8eb9934d329455ba73da96d7b7ade3977f83854a511417a83219c31f1709c2f,item:0d547bd34ed70801847a90200a698a0efc40f18efbb18cb0436a0238007b1d8a,TRUE
44296,paises/italia/cagliari/7273.htm#editorial:hx001:table-28:description-table-37,paises/italia/cagliari,camisas/italia/cagliari/08_18_2,camisas/italia/cagliari/03_17,item:28f633b89846408c4d32c1bface8dee0e8e85696a113fb6dd04d1c60795a5e2c,item:154b5cf34fbf8d971734b67525825d8c856d0d991d7a80c880affd861ccf91d6,TRUE
44298,paises/italia/cagliari/7374.htm#editorial:hx001:table-30:description-table-39,paises/italia/cagliari,camisas/italia/cagliari/08_17_2,camisas/italia/cagliari/06_23,item:8b6a88f5741c5a2b182f3359689ea563eeb3dd7e6ffdadc5dbccf13baf0e7dd2,item:30761b70ac7135ffa1650b954ab3dac23c19e8f16573d1c818ec2d4e8b3e9f3e,TRUE
44299,paises/italia/cagliari/7374.htm#editorial:hx001:table-49:description-table-58,paises/italia/cagliari,camisas/italia/cagliari/08_17_2,camisas/italia/cagliari/03_17,item:53dcd18b00dc3afaa3cc5efe1969f5a0df6d50c4452e013aba1ba915f8f312bd,item:71b3c1eb72c82fd0b9e1fe77a957ab2556b55993659dc71632fdff439bd7cbc0,TRUE
44304,paises/italia/cagliari/7475.htm#editorial:hx001:table-68:description-table-77,paises/italia/cagliari,camisas/italia/cagliari/06_14,camisas/italia/cagliari/03_17,item:a5e1bda1e92818e051a41ed925cefc2ce4599264941fb4e36a8e1368f41367a2,item:f0ba5826c361aaf8686ba2ba3d7c141a3a3024d22883a771c9b42da89a506588,TRUE
44306,paises/italia/cagliari/7475.htm#editorial:hx001:table-106:description-table-113,paises/italia/cagliari,camisas/italia/cagliari/06_14,camisas/italia/cagliari/08_22,item:816ee720a5df634853a6fb387679da6de04bce7643755865bbcba882b0052ce9,item:b9e187f1085a67ad6eb57968b810e768200c7a0bb94df9a1c963914ccf229a19,TRUE
44358,paises/italia/cagliari/9495.htm#editorial:hx001:table-82:description-table-89,paises/italia/cagliari,camisas/italia/cagliari/10_13,camisas/italia/cagliari/09_24,item:79e563e12283a93b77f449adfddc30d4fabcec37b30370323b7879d2d1385b7b,item:510996d0d7d9406426484e475d8c5ab2a01f431c39149889d5702c788777dce4,TRUE
44378,paises/italia/chievo/1213.htm#editorial:hx001:table-34:description-table-43,paises/italia/chievo,camisas/italia/chievo/01_14,camisas/italia/chievo/03_14,item:173c191eac73a535585a31c327810489e84513fba7ad5cddea35e82c745b5e8b,item:271456a02d407753bf77fb7c4c1272f0e6e72fa5a5c1b9828e184f687794f2a3,TRUE
44380,paises/italia/chievo/1314.htm#editorial:hx001:table-34:description-table-43,paises/italia/chievo,camisas/italia/chievo/01_14,camisas/italia/chievo/03_14,item:ca0b638cbf37597b6227d4c59ab8eace9d2ec0e22f871aeb4892141bb04d5a6f,item:7f3555ebc56e9025da761ad34fab39692ec18b18545ca33b61963c5bc6d27687,TRUE
44381,paises/italia/chievo/1314.htm#editorial:hx001:table-57:description-table-66,paises/italia/chievo,camisas/italia/chievo/01_14,camisas/italia/chievo/06_14,item:6c3ee4cfcc29f88b69ab5586e249d1168ca30ad0843131bc8df785def2c1c82b,item:28d8b762361f427b1333b442b9a924354da5a4b4cf947327583645f888ff051e,TRUE
44382,paises/italia/chievo/1314.htm#editorial:hx001:table-80:description-table-89,paises/italia/chievo,camisas/italia/chievo/01_14,camisas/italia/chievo/06_14,item:6b159f7d6c9e31e36b2df84fd2b8741b3ed8a17e1bcf899cf84aa629a24e5751,item:938b9feb26248ba412e464baa4df684eaba72f689f62cdd280b9bf3ed26da98e,TRUE
44383,paises/italia/chievo/1314.htm#editorial:hx001:table-103:description-table-112,paises/italia/chievo,camisas/italia/chievo/01_14,camisas/italia/chievo/06_14,item:c15f04a78c807cd10327600fb99965e2bd61d36359d32a752530e8e0c27b5837,item:5640d2b479fc2743f1906c9e706f1f41b03cbf5739ef1c1d8f1ac205edad8dcf,TRUE
44384,paises/italia/chievo/1314.htm#editorial:hx001:table-126:description-table-135,paises/italia/chievo,camisas/italia/chievo/01_14,camisas/italia/chievo/06_14,item:3a5b58a1758d2f28a43b647824714d7914b15599e4f023d4dc670a3f45cb2303,item:e016fb864ac48055cebc755a335e0c137f787f82bc9548a19c75df6b5e384b02,TRUE
44385,paises/italia/chievo/1314.htm#editorial:hx001:table-149:description-table-158,paises/italia/chievo,camisas/italia/chievo/01_14,camisas/italia/chievo/06_14_2,item:67b3455b28aa0e3a096abfb46c4045c278b0c0d1dd9dd993f31b2b2945e649b8,item:1272e18ae1b16700e019e81a37da5340783546897cbbce8d397608e292cb7339,TRUE
44386,paises/italia/chievo/1314.htm#editorial:hx001:table-172:description-table-181,paises/italia/chievo,camisas/italia/chievo/01_14,camisas/italia/chievo/06_14,item:0784faa04c0874d0d1b702867d51d5b3786254c0b8b2a2fe311f1c487599fcce,item:b5c526e969d9b89971faaa5ddd4e2c032ea389d03381eb37585bbd786c889a72,TRUE
44396,paises/italia/chievo/1617.htm#editorial:hx001:table-34:description-table-43,paises/italia/chievo,camisas/italia/chievo/07_17,camisas/italia/chievo/08_17,item:f5534ceb8efe053ad8a0b9e3b548a3dcb66cd43e81c4336caf290e459287b7b1,item:5b59c2e30d6d4f95b3021785d4ff038ea6ff92880957f8bda3cc78f413a0978c,TRUE
44398,paises/italia/chievo/1617.htm#editorial:hx001:table-80:description-table-89,paises/italia/chievo,camisas/italia/chievo/07_17,camisas/italia/chievo/08_17,item:d5086a6f9cfd1dc26384acb17479609d4871341deb7aaa071c59bea0dd0db610,item:418272402a79bc91b03729d7e5d5f1333070ecf738cb28e4354eeea66df85f24,TRUE
44400,paises/italia/chievo/1718.htm#editorial:hx001:table-34:description-table-43,paises/italia/chievo,camisas/italia/chievo/11_17,camisas/italia/chievo/06_18_2,item:c3aebf73390aefba131a6d53ad1ca84e069500ebcd9fc234bb5591223b9692da,item:9f5b6ed30f135bc12f7d8b1f2c4f5ae3903fd1e13b4401dbcfe6bc155243938f,TRUE
44401,paises/italia/chievo/1718.htm#editorial:hx001:table-57:description-table-66,paises/italia/chievo,camisas/italia/chievo/11_17,camisas/italia/chievo/06_18_2,item:7a48994c2ffc9dcd66c9c0b79503bb05d36e13c3ce692b6205e69d1530e23252,item:e1e9de821dba5cea057fa4e6e1def407bb307bd0bd8bc15679581de70a14ce42,TRUE
44402,paises/italia/chievo/1718.htm#editorial:hx001:table-80:description-table-89,paises/italia/chievo,camisas/italia/chievo/11_17,camisas/italia/chievo/06_18_2,item:3ed903030d88885b8e5a38b408409d18bf5f4f8f1b9075a47e5c6c52cff6a1ed,item:cefcbb2289d0236ac929c907f77dd4b11baa481eb2bced4884aecfdeb647a76f,TRUE
44403,paises/italia/chievo/1718.htm#editorial:hx001:table-103:description-table-112,paises/italia/chievo,camisas/italia/chievo/11_17,camisas/italia/chievo/06_18_2,item:294f411201314c3b70d46aa1d876dd2cf4a07f6c0f7e2b2faf4f1455809e63bf,item:4970911b5c645916999c8f8b7d4950f4001829c9fd63a229d8af365d607da055,TRUE
44405,paises/italia/chievo/1718.htm#editorial:hx001:table-149:description-table-158,paises/italia/chievo,camisas/italia/chievo/11_17,camisas/italia/chievo/06_18,item:f8b06e1c9b27ba906fc5a49921b8202f176c3bab095a3e44a12466574eb66921,item:0dd429b9253d887832aa03ca0f52d7ca2b4c0889f8bdd8cceda50fc5ddc902de,TRUE
44406,paises/italia/chievo/1718.htm#editorial:hx001:table-172:description-table-181,paises/italia/chievo,camisas/italia/chievo/11_17,camisas/italia/chievo/06_18_2,item:a49772253c4f7956f18bbe3391fff059693e65ba1e62c76951232fd34b3271c3,item:c6e59bb19aaab83a01316ab3e9c9c6a404530719db4425ac77a6dc9c6dd09285,TRUE
44407,paises/italia/chievo/1718.htm#editorial:hx001:table-195:description-table-204,paises/italia/chievo,camisas/italia/chievo/11_17,camisas/italia/chievo/09_18,item:e40a308c670b5f3f386392089d468997bfc749f8f7518dbcdef6e3a0381082f1,item:3705317f42780238ebd8649f233490ee69a6d977af163ec4e5037e4c62e3d5f5,TRUE
44409,paises/italia/chievo/1819.htm#editorial:hx001:table-34:description-table-43,paises/italia/chievo,camisas/italia/chievo/03_19,camisas/italia/chievo/03_19_2,item:cd6412de8a4407e4abc3f8156e44d0b678638ca1183cd83cf06c0e37fc83ea17,item:07f2750df17acbbc9d4ade3f151c7ec26e669fb20b6421447d943e8de102967a,TRUE
44410,paises/italia/chievo/1819.htm#editorial:hx001:table-57:description-table-66,paises/italia/chievo,camisas/italia/chievo/03_19,camisas/italia/chievo/03_19_2,item:64fa9f5a42f9a0b7bbc76bb1205643fb2ad254a51efd227f14119038247d53a9,item:6c901e1adbd979b133fb2a9685cf986736a646fa1ecdd53e478a152ac3ce91e6,TRUE
44411,paises/italia/chievo/1819.htm#editorial:hx001:table-80:description-table-89,paises/italia/chievo,camisas/italia/chievo/03_19,camisas/italia/chievo/10_19,item:d1dcdcf932e8ca90fcf2dd200851100ec2272803d6844665056507e0b07dea85,item:f3437b0eeeef875636d224a58408e05a17a72803ced30281675b7d4b858cc654,TRUE
44412,paises/italia/chievo/1819.htm#editorial:hx001:table-104:description-table-113,paises/italia/chievo,camisas/italia/chievo/03_19,camisas/italia/chievo/04_20,item:466eadc62b42e43c068a9d246b47bdf30c41e60f7c2d6bbfde802ec8ff825728,item:a1d0e3f8c1ecc23846b85057b64d29ad0ea82f097ca1e88ec17e19d0f0bc2dc0,TRUE
44475,paises/italia/fiorentina/1415.htm#editorial:hx001:table-79:description-table-88,paises/italia/fiorentina,camisas/italia/fiorentina/02_16,camisas/italia/fiorentina/02_17,item:cb35ff6ffd500f45d94b424fda64f8ffc8e5dc1e6f593c183110b8300faac0d7,item:a931f23edb015b03915bd01b3e0b5dce5b867f0774a7d97b28632c5a50cff58d,TRUE
44476,paises/italia/fiorentina/1415.htm#editorial:hx001:table-102:description-table-111,paises/italia/fiorentina,camisas/italia/fiorentina/02_16,camisas/italia/fiorentina/07_17,item:37d02369eea2a69e4bdd6ade46bdb3dbc2b6bedd10bf81b19bb2b3427fba9d88,item:cc44ccb6f8fffb7a74c0cd32f9492ed768b808f662ca4e4b5c13b83010b54223,TRUE
44477,paises/italia/fiorentina/1415.htm#editorial:hx001:table-125:description-table-134,paises/italia/fiorentina,camisas/italia/fiorentina/02_16,camisas/italia/fiorentina/02_17,item:30677cbfcb55cd5774b9d30a6bd5d19e6e1d62e193d39116d291e8512de92d37,item:12da98fb79233001a68ad8d0e671261ae385c7615e201472e622ef57432bd6a5,TRUE
44480,paises/italia/fiorentina/1415.htm#editorial:hx001:table-188:description-table-199,paises/italia/fiorentina,camisas/italia/fiorentina/02_16,camisas/italia/fiorentina/07_17,item:c823039baa64d51fa603af12f7513dbf0ff0f09e2504aa072386d2a032f01a6a,item:188d9812971629673a2f7d48cfce8182e05d70ece8da6a033bf29a5b9bc5cbb5,TRUE
44483,paises/italia/fiorentina/1415.htm#editorial:hx001:table-249:description-table-258,paises/italia/fiorentina,camisas/italia/fiorentina/02_16,camisas/italia/fiorentina/07_17,item:07a0996efd1e915a08d1bf00db0f61cc41db5a37a58617e6dec88291f74e190f,item:d3cca1b2f662040267e4d2b7bfde1d1ebce6e61c10e28700b38386ef5dc6b2e7,TRUE
44498,paises/italia/fiorentina/7475.htm#editorial:hx001:table-31:description-table-40,paises/italia/fiorentina,camisas/italia/fiorentina/07_19,camisas/italia/fiorentina/04_16,item:57a4da92b6910eb332a29e095350d5e5dbcb91b4196f5c3c5d1ea3b8f8dbbe04,item:66144e5a4e595ead31efdf938c1b77eb4aecab72695e45c53a7c6cd5255a4fc4,TRUE
44502,paises/italia/fiorentina/7576.htm#editorial:hx001:table-31:description-table-40,paises/italia/fiorentina,camisas/italia/fiorentina/07_19,camisas/italia/fiorentina/02_25,item:4b3b7918b1907744b31c258a59eecf22ee1101824edb40b7f224a593ee7a70cd,item:a0acf0da0e6117111e391815899ad1de460029ab3fd149e2a608107905fe8653,TRUE
44503,paises/italia/fiorentina/7576.htm#editorial:hx001:table-51:description-table-58,paises/italia/fiorentina,camisas/italia/fiorentina/07_19,camisas/italia/fiorentina/08_18,item:d68d9bfc9c6ffc91342a5728fee87e26f536b9fb6877edc21669e4447d1a8259,item:2478724d8ceff5c6a0afaf33430f26cd679688e497ed0132a49ddff27c28f233,TRUE
44504,paises/italia/fiorentina/7576.htm#editorial:hx001:table-69:description-table-78,paises/italia/fiorentina,camisas/italia/fiorentina/07_19,camisas/italia/fiorentina/09_23,item:02073012141fc4237fc3f185fa281d90af90b1a9739d0e92f9e74f031c5a8675,item:cf6171c57df921a4c93a42c02162baaed5aa1a57f2a44feaf5a6d0ca3bb1e0e9,TRUE
44505,paises/italia/fiorentina/7576.htm#editorial:hx001:table-89:description-table-98,paises/italia/fiorentina,camisas/italia/fiorentina/07_19,camisas/italia/fiorentina/01_26,item:17d3d81765c6437882e070d6a910746961ef76671a128668894aa8ebf06d9e52,item:526583a0a0dbdc2bb0f8287045d8217c6bf9a8e43e2b9d3d2412ab08ecbad998,TRUE
44509,paises/italia/fiorentina/7778.htm#editorial:hx001:table-49:description-table-58,paises/italia/fiorentina,camisas/italia/fiorentina/01_14,camisas/italia/fiorentina/09_18,item:6f483e1cf0026015b7544f4b555e76bbed5e922f759a777abecf78fcecbb0e86,item:6e97776ddd5ea60b3dbb3e669262d33a0f3ed9ffdebd13a6aed239b7d9641b2b,TRUE
44516,paises/italia/fiorentina/7980.htm#editorial:hx001:table-31:description-table-40,paises/italia/fiorentina,camisas/italia/fiorentina/11_10,camisas/italia/fiorentina/04_20,item:2c805c207df6f0fdabfda074757ef658655959b90ee521e312b997ad89249b10,item:21ef8588cbace517b9746818405adab8d6460940a5958ce6bf91a81f77540a86,TRUE
44518,paises/italia/fiorentina/7980.htm#editorial:hx001:table-69:description-table-78,paises/italia/fiorentina,camisas/italia/fiorentina/11_10,camisas/italia/fiorentina/04_16,item:d6a7e5149054a890bb46bd05efa0329c8d7fbe8a84af9d188e0e7720a2e35848,item:a97cd1abeb6801dc2711e793073a0704237af9f3cd0e0db8578025a2df565dca,TRUE
44522,paises/italia/fiorentina/8081.htm#editorial:hx001:table-49:description-table-58,paises/italia/fiorentina,camisas/italia/fiorentina/09_15,camisas/italia/fiorentina/02_17,item:4ef5f5056d0fcb4a58e3cf4f5bbb666d740de40bd24dc81773c35cb82cc7a906,item:c49b91a5983b1e06d9011c0641515819245b044e35fa31b37232a3f501ed022b,TRUE
44542,paises/italia/fiorentina/8384.htm#editorial:hx001:table-107:description-table-116,paises/italia/fiorentina,camisas/italia/fiorentina/09_11,camisas/italia/fiorentina/08_18,item:f669d7bffac24964509669ee015ec797759d43d7c46f9f4354fb7a80a5525a6e,item:f1391bb7717ed7015d5502095e5e90dd8989eb7a10c55cf1965c778a92c8def7,TRUE
44545,paises/italia/fiorentina/8485.htm#editorial:hx001:table-49:description-table-58,paises/italia/fiorentina,camisas/italia/fiorentina/06_13,camisas/italia/fiorentina/07_17,item:5cf41f532b4442bb98e8a64969eee057641e12b90b2060d15e6fc975fc84047c,item:cf9e001041490230e725ff35fd7e35606e3a90e938d272f99c5a844636066b65,TRUE
44549,paises/italia/fiorentina/8687.htm#editorial:hx001:table-51:description-table-60,paises/italia/fiorentina,camisas/italia/fiorentina/01_14,camisas/italia/fiorentina/06_14,item:4bae5fc6d37f9fb660c0a1e182b1ffed87bcecd0d8766b8803edf95856cfe0ee,item:51b132bdfa93e8b6073b32643fce21dba485bfd01692616f2967b237af06f691,TRUE
44550,paises/italia/fiorentina/8687.htm#editorial:hx001:table-71:description-table-80,paises/italia/fiorentina,camisas/italia/fiorentina/01_14,camisas/italia/fiorentina/09_24,item:54dcb76b9d30c5c32b022c9f45434cf0b02d1149c0ed10b544c92135f5bfee36,item:019194be703c9987c665b8360c10852bbc80adbecb13e0d58b9661e475795d85,TRUE
44554,paises/italia/fiorentina/8889.htm#editorial:hx001:table-31:description-table-40,paises/italia/fiorentina,camisas/italia/fiorentina/02_15,camisas/italia/fiorentina/07_17,item:525664278aebcf96061c37d757c61f97604ac4cf13e4c1ba45bc6d455001b143,item:e3e93bf52da41645412b3abad6535d2cd5877d77effbb53066ad038e810e3c05,TRUE
44608,paises/italia/genoa/1213.htm#editorial:hx001:table-33:description-table-40,paises/italia/genoa,camisas/italia/genoa/02_15,camisas/italia/genoa/09_24,item:9f52c2fea9153af6f9601ca15498301b8aba9377ac728f0fb65b8aebb0745045,item:5e771cf4561c05621f1094ce1bafe053715e0439b6daf78d9c67ca7a26f81c4f,TRUE
44613,paises/italia/genoa/1718.htm#editorial:hx001:table-33:description-table-40,paises/italia/genoa,camisas/italia/genoa/06_18,camisas/italia/genoa/07_18,item:7a450708c1a912a3286b07107d0c1deaa369d678fa3d9d7426f2c59359802a1f,item:f4f46fa4343b11dd3407e9e9242aa29464f1d608b47d847e23eba695b728451b,TRUE
44620,paises/italia/genoa/6263.htm#editorial:hx001:table-77:description-table-84,paises/italia/genoa,camisas/italia/genoa/08_18_2,camisas/italia/genoa/07_22,item:90278fe000ebb20deda2344bdfef5a9df77f2df888a3c415ff7e7e1dab9fc576,item:d546347baa6f5aea4d187e6ae434840d420bde470335853d534931654a1e5ed6,TRUE
44679,paises/italia/inter/7475.htm#editorial:hx001:table-57:description-table-64,paises/italia/inter,camisas/italia/inter/09_15,camisas/italia/inter/11_23,item:f013c546b7e6acb573406d55f8602ec4e72a6dc3153571f7ffee52d55a9efb6b,item:b5883194bf0e1a835aa0db2f084a983aecd85fd9a2b8310b19c5da7aee6756d1,TRUE
44682,paises/italia/inter/7677.htm#editorial:hx001:table-35:description-table-44,paises/italia/inter,camisas/italia/inter/02_17,camisas/italia/inter/07_25,item:14e7442054bef2d9981a86c5f689e3d427a07bbffb6cc05d01982338d425bf81,item:04d17faa440f0e006f60b37dcfe85c271615c724945295785b3906d26e720c5f,TRUE
44730,paises/italia/italy/1969.htm#editorial:hx001:table-30:description-table-39,paises/italia/italy,camisas/italia/italy/gio,camisas/italia/italy/08_18,item:0293f0c5a33358ba8c52aa08ddb6c6bf8ff0cb5d7a53a49799a89bf8d700bde3,item:63b96897c16cb6999447a2a88ef41c1c409b6d006d0bb31f5508cf1e72c76286,TRUE
44742,paises/italia/italy/1976.htm#editorial:hx001:table-50:description-table-59,paises/italia/italy,camisas/italia/italy/03_09,camisas/italia/italy/09_15,item:b32837ee319406041578fb615a6b4b7a8eff6177e57e7cc08ee71e99f6456c9c,item:ae63fc87decd38613a05deee0dd697bde0337b2c277d69444a682f4e449d53ff,TRUE
44752,paises/italia/italy/1978.htm#editorial:hx001:table-218:description-table-227,paises/italia/italy,camisas/italia/italy/08_08,camisas/italia/italy/04_14,item:509f4f47fefaf849e4e388eddab2e385d3415ea64db8b89bbbbc6f77f991037f,item:0bc70b649f25a615a952dc3a0b9d83f370dea31d6cc6f9dd016374a9c50886ba,TRUE
44781,paises/italia/italy/1994.htm#editorial:hx001:table-81:description-table-90,paises/italia/italy,camisas/italia/italy/08_08,camisas/italia/italy/07_18,item:c824c18dcc4710d49674888da2aea7dcd633e7498360ec063234894b35aae917,item:b0c19e241f9b9996b60a20429461c080387b358092fdeafd2a3fb15174d29c19,TRUE
44787,paises/italia/italy/1994.htm#editorial:hx001:table-224:description-table-233,paises/italia/italy,camisas/italia/italy/08_08,camisas/italia/italy/07_18,item:acbe3a64fe871d03b3a32cfaaa975e89b6a9a508d615da19f0db20324f3c5d96,item:b202fd1ff61d84fa38a71fb99922156dcfe19ac576e77e04c65dc8e5c400a607,TRUE
44796,paises/italia/italy/2000.htm#editorial:hx001:table-73:description-table-80,paises/italia/italy,camisas/italia/italy/03_09,camisas/italia/italy/01_14,item:f7f42447bfc37cded756ff12af55753b98164931f541b789f19f8bc6937b72a6,item:b5fb0eb5e0ab42c6f840de3f72bffb1624d279f255f959eb2edae144be9ce2c1,TRUE
44859,paises/italia/italy/2016.htm#editorial:hx001:table-342:description-table-351,paises/italia/italy,camisas/italia/italy/02_17,camisas/italia/italy/08_17,item:505afed6cd782d9d4b64d6844b6db1e5e90d4286bf384f7a95e281da58173851,item:ee5c0558c90e393f294efa2347376e5732706cb16be225c455f307b22f507e14,TRUE
44861,paises/italia/italy/2016.htm#editorial:hx001:table-384:description-table-393,paises/italia/italy,camisas/italia/italy/02_17,camisas/italia/italy/08_17,item:19d5a4211e7d96392b955518b26b9a0dc0c396d9b58821d926e41f575e5602da,item:5a498ae9850a72727cc9994439d6b363e92eaab8e98c0bf71c9b845ead126929,TRUE
44870,paises/italia/italy/2018.htm#editorial:hx001:table-32:description-table-41,paises/italia/italy,camisas/italia/italy/06_18_2,camisas/italia/italy/03_19,item:e9b1f7bcc7800bc428c04c2cffb504f539fd1b87e735540d61dd6d73ff534cf0,item:61488a5ed269d557ae39f22673500e7a69985ef6ad1237efb658f23cf9c20efa,TRUE
44871,paises/italia/italy/2018.htm#editorial:hx001:table-53:description-table-62,paises/italia/italy,camisas/italia/italy/06_18_2,camisas/italia/italy/03_19,item:e7a292eb0e1146b84b8036e9abb64c17908900569eb809cf1e1cfd8c2c1d1d58,item:6fb2dbb136f12624d161aed07b70826f4d78fc4d89c5c7e507649dad3276c2de,TRUE
44872,paises/italia/italy/2018.htm#editorial:hx001:table-74:description-table-83,paises/italia/italy,camisas/italia/italy/06_18_2,camisas/italia/italy/03_19_2,item:f687bee4c84970fda74ce80c7a0eafa805a41e621e594a34e1fc6786b9060c9b,item:2265c577888f844bc024498d0dd01179afca75bf1217957eefe041be3e34df08,TRUE
44873,paises/italia/italy/2018.htm#editorial:hx001:table-95:description-table-104,paises/italia/italy,camisas/italia/italy/06_18_2,camisas/italia/italy/10_19,item:7dc4db5c2fdb194df0a26899a932fb6625001086855dca8578bb4c11a61a42b2,item:18c5054b61eedd561bdf59d0193325395d5572ada863c5f2455906afea421285,TRUE
44875,paises/italia/italy/2018.htm#editorial:hx001:table-137:description-table-144,paises/italia/italy,camisas/italia/italy/06_18_2,camisas/italia/italy/03_19,item:88e0b0df6ec4ae896bb7a658802e94f98411f08a8546c5be2a60dc707b707603,item:d164d4afd643d709fbb418cd428b975f64edd820fb1ee5d6975d6006e258555e,TRUE
44877,paises/italia/italy/2018.htm#editorial:hx001:table-177:description-table-188,paises/italia/italy,camisas/italia/italy/06_18_2,camisas/italia/italy/03_19,item:b0e2f7a71f6a6fb1582176bf589a930baf1367ebdde2d35371a0a64e3df21d53,item:1daaea4867e450a1073522fa5bdd3a81930fcb43b0b1778472bce61de434acc6,TRUE
44878,paises/italia/italy/2018.htm#editorial:hx001:table-200:description-table-209,paises/italia/italy,camisas/italia/italy/06_18_2,camisas/italia/italy/03_19_2,item:a8bc27a92e4a7c0098b2808c639bfac3c2c027bef90d577f8081fec147558416,item:2e7158e1f13940dc754cc0d9e1863a288e94bbdb379627fe2b0485ee9ca980d5,TRUE
44879,paises/italia/italy/2018.htm#editorial:hx001:table-221:description-table-230,paises/italia/italy,camisas/italia/italy/06_18_2,camisas/italia/italy/04_20,item:1930154a375e60cdddc9c2af6bd95998f364c864d0ef9101c7692d5a5fc8b926,item:9647963da2e497d030a1d5bf44612d62f1cb1fd36b8e3b58c4381095978b7815,TRUE
44880,paises/italia/italy/2018.htm#editorial:hx001:table-242:description-table-251,paises/italia/italy,camisas/italia/italy/06_18_2,camisas/italia/italy/10_19,item:00d095936216111c4d54a388f6c7da83e036a0d356aa5c138a37d6b68ee6f6eb,item:f7bd7564072a69038b041dd4271318050ecea13d562255bce351be8f6dc0253e,TRUE
44881,paises/italia/italy/2018.htm#editorial:hx001:table-263:description-table-272,paises/italia/italy,camisas/italia/italy/06_18_2,camisas/italia/italy/04_20,item:e5103a7e4674ded598f4ce68bbf487db8c68ffb2a6d7cb08429bb1c152f7181c,item:06f7d6e06cbbc5f2b6e615c4e9d328048e7a742aa883bb16da93393c1d5ecf6f,TRUE
45012,paises/italia/juventus/1314.htm#editorial:hx001:table-80:description-table-89,paises/italia/juventus,camisas/italia/juventus/06_14,camisas/italia/juventus/02_15,item:0f9a69d70ab604ca9cf28ef62fe55aee1951397025a728170e883a6b47141f02,item:cb55376cd5d322f4c5ccb05338b1b66c4facea3550de40cbc21a397e4d5269cc,TRUE
45013,paises/italia/juventus/1314.htm#editorial:hx001:table-103:description-table-112,paises/italia/juventus,camisas/italia/juventus/06_14,camisas/italia/juventus/02_15,item:68f56ea0b6cc92f2c4df97300a934c52c89d8c897ca7040c9ff61f92b21add73,item:1fe22587fc46ea790039357de3e592965db2047cb2cf4e6acc51ec9971909fce,TRUE
45014,paises/italia/juventus/1314.htm#editorial:hx001:table-126:description-table-135,paises/italia/juventus,camisas/italia/juventus/06_14,camisas/italia/juventus/08_14,item:fa9f817a7b4d68bd5dc9fa04a81d55853b59393b0ccc1a1761f9d4c98eab3c31,item:182c94633d7bf947a760b8e7d6fcc463660fbcb70b2216672e3164c20f129231,TRUE
45015,paises/italia/juventus/1314.htm#editorial:hx001:table-158:description-table-167,paises/italia/juventus,camisas/italia/juventus/06_14,camisas/italia/juventus/02_15,item:86e9d9c45356d70b9d65f53e71eab1319e2b67c0248565944e4ce96529d0e4de,item:3eb028a4d3b3152aa495fda517afbdc59750a47213f095a66dfd2498ff337b4f,TRUE
45019,paises/italia/juventus/1415.htm#editorial:hx001:table-57:description-table-66,paises/italia/juventus,camisas/italia/juventus/02_16,camisas/italia/juventus/03_17,item:6cdb159f394083beebd1fb34d62ada6bc17d5d56e2442175dcb0879778a74ab1,item:65a7e965a841d6c0e0f8a3b7ef2ad7f9d9aa53ec9c6338520f98a3759374bb3a,TRUE
45021,paises/italia/juventus/1415.htm#editorial:hx001:table-105:description-table-114,paises/italia/juventus,camisas/italia/juventus/02_16,camisas/italia/juventus/03_17,item:732528b85ac52a7ea58009a2cff4eeda445691da04de700419d6c6e41e535ff0,item:090a131deefe9bdf409cb7b4555490751ca1e9bcd16b3c6f53fafc21fc1e08cf,TRUE
45022,paises/italia/juventus/1415.htm#editorial:hx001:table-129:description-table-138,paises/italia/juventus,camisas/italia/juventus/02_16,camisas/italia/juventus/03_17,item:e5e036a5c8812a5ef574fd3e3ddba524a7284aead94dd65df672d4b125d0c13f,item:4c8b0b79d1fdc7dc35fa9a54d8ae8b8148289baffdf1f125d19662d5df10ecf4,TRUE
45023,paises/italia/juventus/1415.htm#editorial:hx001:table-153:description-table-162,paises/italia/juventus,camisas/italia/juventus/02_16,camisas/italia/juventus/03_17,item:b9bf87c7be835b329c0330566dbec548ded4fc25fd1120a5a82fd43ac97810ab,item:e88409d846ed21f808688788dfa32c6cab12114c35706f9ac160577cb5931d54,TRUE
45031,paises/italia/juventus/1415.htm#editorial:hx001:table-338:description-table-347,paises/italia/juventus,camisas/italia/juventus/02_16,camisas/italia/juventus/02_15,item:666168329662f89d93b0723e4f1d90212920268aab3e2c0daf4bfef18765cfd2,item:c875d87b23d814621974e0f1c419f19febfc66e7fa4d0347eec636a6555c48cf,TRUE
45032,paises/italia/juventus/1415.htm#editorial:hx001:table-361:description-table-370,paises/italia/juventus,camisas/italia/juventus/02_16,camisas/italia/juventus/02_15,item:493e7487542632aec438a9c02eb793aef94bc4c7dbe7f66b91e14fa0ced57fba,item:87644a04cde21b97dcbcbaae8fc4b555714bebcffe93854737c8f2934669d3d0,TRUE
45033,paises/italia/juventus/1415.htm#editorial:hx001:table-384:description-table-393,paises/italia/juventus,camisas/italia/juventus/02_16,camisas/italia/juventus/02_15,item:aab82ba35208b97fc5c7e780d2c9dc79e74ecb93caeed666ac19cb0f097a265c,item:a30d5afc5d6e5fa7e47904bd056788e1c761acd46337decb9608122aa5c2f0c8,TRUE
45062,paises/italia/juventus/1718.htm#editorial:hx001:table-152:description-table-161,paises/italia/juventus,camisas/italia/juventus/06_18,camisas/italia/juventus/06_18_2,item:0ab74fbc082889c9b1660fb8c5ba89a2ff9a0364d35ed23e98db3f8cc56b7c1e,item:b72732c976866836fab08a77409c838361d365d77fec7508a6676b2f81b32c43,TRUE
45064,paises/italia/juventus/1718.htm#editorial:hx001:table-198:description-table-207,paises/italia/juventus,camisas/italia/juventus/06_18,camisas/italia/juventus/06_18_2,item:316106815c6206e21be6732bfab6ac3ef968a29b5d541e248f073e605beaf6a4,item:38fc7432d19f06f2f13db56dbc07b12fe1265e5b9476351b1ca62c83406443dd,TRUE
45067,paises/italia/juventus/1718.htm#editorial:hx001:table-267:description-table-276,paises/italia/juventus,camisas/italia/juventus/06_18,camisas/italia/juventus/06_18_2,item:acbe2593668790287c616edf18d4386eca98990cc2fae0150818e14969d3b601,item:cd74dcbf646d1ba2533909ac15b159b7950fd0ef2131aac801154d586777e154,TRUE
45087,paises/italia/juventus/1920.htm#editorial:hx001:table-105:description-table-114,paises/italia/juventus,camisas/italia/juventus/10_19,camisas/italia/juventus/03_20,item:c11e581305fe43db378fa6f18c4db2fd8a7a332a2391f006052867f8c10a6ea3,item:b312d6c087a645d3b133d876c4d0859f3435c395f45c51ba352419c04e787846,TRUE
45088,paises/italia/juventus/1920.htm#editorial:hx001:table-128:description-table-137,paises/italia/juventus,camisas/italia/juventus/10_19,camisas/italia/juventus/03_20,item:c3038caa8015d832b440043987a9685c6ca0e9981b6d62cd3d0fa651abffcefc,item:a1901a5b03c4df588378b9360548ebad45928c229f26cc01c061c18783730aaf,TRUE
45104,paises/italia/juventus/1920.htm#editorial:hx001:table-502:description-table-511,paises/italia/juventus,camisas/italia/juventus/10_19,camisas/italia/juventus/03_20,item:f9a921a62db02c29ec2c53572303181b505d837c6d430ce131c8c3e55a50c2e4,item:bc4015269172ba16f981b065b7766c831f6408be18b0ce37f450bb040da185af,TRUE
45106,paises/italia/juventus/1920.htm#editorial:hx001:table-548:description-table-557,paises/italia/juventus,camisas/italia/juventus/10_19,camisas/italia/juventus/03_20,item:6a446e88c820fec6c98e707b9aa24b1433d42317533d87e0e97d3b328e18ca52,item:b6ecf41a6197c8e72bb705c9d4c7d126669866eaf080321d9fa5e355e1d9de0c,TRUE
45107,paises/italia/juventus/1920.htm#editorial:hx001:table-571:description-table-580,paises/italia/juventus,camisas/italia/juventus/10_19,camisas/italia/juventus/03_20,item:63af2b55dba82a6e1604171be12f37ca2e801eb472988f38baf70452cfb90981,item:12d68e34a10cdf93308967b4fc9502b559ed3df3e4beef303c5937f50269e1fa,TRUE
45163,paises/italia/juventus/2223.htm#editorial:hx001:table-55:description-table-64,paises/italia/juventus,camisas/italia/juventus/05_23,camisas/italia/juventus/09_23,item:8d5393f17e088d9785d31e17faa4794ec2480933e9254104ad0a924c8141ab3f,item:a9314740b95f323f5f495deffc28dd33ab86276a24e6adad2428108500175efe,TRUE
45164,paises/italia/juventus/2223.htm#editorial:hx001:table-77:description-table-86,paises/italia/juventus,camisas/italia/juventus/05_23,camisas/italia/juventus/09_23,item:5487410117a69eb15791e230e0b92de71c60cf7f02a4f8c091383ee928a52ab7,item:c95a80536b6ff7eacc15f42c9fb56d777af80db1fe7b4f20da5e526dc374c832,TRUE
45165,paises/italia/juventus/2223.htm#editorial:hx001:table-99:description-table-108,paises/italia/juventus,camisas/italia/juventus/05_23,camisas/italia/juventus/09_23,item:75c5bd8bd227c727f5b9f3b4d3602edbed017541ef8f3089a8ca614171ab6bb9,item:af3f5c87af9484a9be38f47744a385512fe17330453af304fdb24e852108f6f8,TRUE
45166,paises/italia/juventus/2223.htm#editorial:hx001:table-121:description-table-130,paises/italia/juventus,camisas/italia/juventus/05_23,camisas/italia/juventus/09_23,item:3f21d6c5c57e8eb8f3c08bef3b426c06622afd58d8caae607347ab85d002164b,item:cfbdb5e40bc4c59b1b59ce7153c8bdee34ff1d7e480d7a681c9c33e7d2d633da,TRUE
45167,paises/italia/juventus/2223.htm#editorial:hx001:table-143:description-table-152,paises/italia/juventus,camisas/italia/juventus/05_23,camisas/italia/juventus/09_23,item:dcaae14d74c88aaba2d21ac1d332521fdc7f07e29fb10fc649ac01c41897525b,item:7c008ee8123aece82916ba7eb47a0bcb9bc5985fabe0ab2047fca5ecdf89d31f,TRUE
45168,paises/italia/juventus/2223.htm#editorial:hx001:table-165:description-table-174,paises/italia/juventus,camisas/italia/juventus/05_23,camisas/italia/juventus/09_23_2,item:1f09c5bfb8171ba43983c55e63c5522d41b515d9bde4137580abd7efcc3de3b5,item:f94c2057bc7b2ea0b70b216842634e3f2b17239b145fbc42e6618aba1b8981d4,TRUE
45169,paises/italia/juventus/2223.htm#editorial:hx001:table-187:description-table-196,paises/italia/juventus,camisas/italia/juventus/05_23,camisas/italia/juventus/09_23_2,item:8578b603bf823796975c520060193144f042813aabacfb7a7f091d060dcb669b,item:d2b3fd157e6e59b0e94970252a933bc332a8f58d414543219c76b3c201fab413,TRUE
45170,paises/italia/juventus/2223.htm#editorial:hx001:table-209:description-table-218,paises/italia/juventus,camisas/italia/juventus/05_23,camisas/italia/juventus/09_23,item:f2a496e5eef345b14d49cd6e789457a13dc1ffa8aeb878224495efdd77840056,item:c452207286d3d544590be80808402bf60d1487928f5db240464c2f6bce988798,TRUE
45171,paises/italia/juventus/2223.htm#editorial:hx001:table-231:description-table-240,paises/italia/juventus,camisas/italia/juventus/05_23,camisas/italia/juventus/09_23,item:4c77635aa879dd0e0a4f2cb23827577c40375692f175e4c7d0b2cbff8406914d,item:ee8f34e25d266f2c079dfa0637358a4f628c6f265fa734f5e3dee9ab6e0e3660,TRUE
45172,paises/italia/juventus/2223.htm#editorial:hx001:table-253:description-table-262,paises/italia/juventus,camisas/italia/juventus/05_23,camisas/italia/juventus/09_23,item:ca0230d909bf7cbce35fd05138d9ef1a9b9ba39a79d93e2d998813adc6f47e7f,item:a5dc5777bd4f27d0b2c5915f8ad05b731471dd2eacf857e6dd0a7ea2401e030a,TRUE
45173,paises/italia/juventus/2223.htm#editorial:hx001:table-280:description-table-289,paises/italia/juventus,camisas/italia/juventus/05_23,camisas/italia/juventus/09_23,item:6ecbddc353d20098e17f49854bb7047709f7dae3033320e310632bb09c10da0c,item:b8d91da97301fca2af5ccad3738ebb754b788a77398d4a254cb3c0f2492db5f9,TRUE
45175,paises/italia/juventus/2223.htm#editorial:hx001:table-329:description-table-338,paises/italia/juventus,camisas/italia/juventus/05_23,camisas/italia/juventus/11_23,item:2466b3ddaf17e8ce4e9bc723fc0741ae7892f16eefd9c6947b85db3729acf9f8,item:1f856256975b21e1e55073b09cfbc4508878c9407418e3d5816db9f1ed6dc9f6,TRUE
45176,paises/italia/juventus/2223.htm#editorial:hx001:table-355:description-table-364,paises/italia/juventus,camisas/italia/juventus/05_23,camisas/italia/juventus/11_23,item:2de8b665444f07fa0e575dbd42491edd01c3e63cc1950cc12bba6fd6bfcbde44,item:6ab494aa086d7d97ca87f31e2a8cf178328288c7fbe2b8acf3888b0cb99436dc,TRUE
45177,paises/italia/juventus/2223.htm#editorial:hx001:table-379:description-table-388,paises/italia/juventus,camisas/italia/juventus/05_23,camisas/italia/juventus/11_23,item:7d1863851dedf43bc1ecab53134cb158582796a2da2fcba7254af67b509822a6,item:d69e9b5b909fc61c5af675df29f3373091d4782e90c4197f6db31a15cde89597,TRUE
45178,paises/italia/juventus/2223.htm#editorial:hx001:table-410:description-table-419,paises/italia/juventus,camisas/italia/juventus/05_23,camisas/italia/juventus/11_23,item:755f928041ddc131152fa4414d75b1250dc8a6fceb09367c01658049d8b3d632,item:a113c7cea5b7c3aca18c1e665abd5d8bd895f09dcaea450894166be114023b6e,TRUE
45179,paises/italia/juventus/2223.htm#editorial:hx001:table-445:description-table-454,paises/italia/juventus,camisas/italia/juventus/05_23,camisas/italia/juventus/11_23,item:0678128fcde3d607d72f4250f5780c07102772abf1f59f742586f1f86d20e563,item:89fb3e6568367337c02a36d344f8997c89156eada3a69d50f9961f529116d82b,TRUE
45183,paises/italia/juventus/2223.htm#editorial:hx001:table-537:description-table-546,paises/italia/juventus,camisas/italia/juventus/05_23,camisas/italia/juventus/09_23,item:47c83c06100a9212e167bb1c952568793dac5ff75046b80b7cc20209e18a2c89,item:aefeb22f7178dba6ac0888aeb8e2673f682b645c5eb43411b121400c66f78f04,TRUE
45184,paises/italia/juventus/2223.htm#editorial:hx001:table-559:description-table-568,paises/italia/juventus,camisas/italia/juventus/05_23,camisas/italia/juventus/09_23,item:79b48a262150d69792599da7ede5d7a5d26e518049eee085ef1986e8fb9d3f16,item:ec8f6343fb9ae30dd95f47ca8d9f14a3364601f66164c3364f6930a012441a12,TRUE
45185,paises/italia/juventus/2223.htm#editorial:hx001:table-581:description-table-590,paises/italia/juventus,camisas/italia/juventus/05_23,camisas/italia/juventus/09_23_2,item:037f1213e4ca0897e1d3ac0e8bd614147e1ba5937de939ddf667c4c86746d410,item:450e370334ca8fe4629dafcef6ac86478323c3d631f2ec893c7780f48f8826bb,TRUE
45186,paises/italia/juventus/2223.htm#editorial:hx001:table-603:description-table-612,paises/italia/juventus,camisas/italia/juventus/05_23,camisas/italia/juventus/09_23,item:2bd08a59591df01444140d3f858520d6ffac998c6e28d77c62082ca289c7d2a4,item:5d982e373ef27350ad5fe892b0155c9c96d701b9c9f9316aa5cc8f96f224c191,TRUE
45187,paises/italia/juventus/2223.htm#editorial:hx001:table-625:description-table-634,paises/italia/juventus,camisas/italia/juventus/05_23,camisas/italia/juventus/09_23,item:eb52ef5ef198cd419668d751ad20a2cced05366b4522c0cd97a56a5608182ddd,item:9b817210d0d925ab4a1023a47c89d4e2f6e7009ac31bfb144d996722e6a02aa8,TRUE
45188,paises/italia/juventus/2223.htm#editorial:hx001:table-647:description-table-656,paises/italia/juventus,camisas/italia/juventus/05_23,camisas/italia/juventus/09_23_2,item:bbfdb0a1be058f709f5d9e295eefb2a4e04f92614ed394dc415869889be5fc5f,item:eadc226ef80286b8b15d1c315e0a394d5d0800cf34172db0aa0fdf61d1a0fb25,TRUE
45189,paises/italia/juventus/2223.htm#editorial:hx001:table-669:description-table-678,paises/italia/juventus,camisas/italia/juventus/05_23,camisas/italia/juventus/09_23_2,item:2da5a5a1c61b1157bbb7e9bf03c2ac85003f90bdd0db7c5900e6a010c664f7f4,item:07a3d8da648f0116048f13e46afda2748d8993b4a9d1fb1dba27d094d4cf41ea,TRUE
45262,paises/italia/juventus/4142.htm#editorial:hx001:table-48:description-table-57,paises/italia/juventus,camisas/italia/juventus/foto_juv,camisas/italia/juventus/09_23_2,item:1332dad0de2f4c43022f8e28377d81cc175c823b4effbecaf4bf77001a73daff,item:0cb394de196fcb2274a323d33d37a8848817f69b247aca4e5f321fc1b01a9d31,TRUE
45263,paises/italia/juventus/4142.htm#editorial:hx001:table-67:description-table-76,paises/italia/juventus,camisas/italia/juventus/foto_juv,camisas/italia/juventus/09_23_2,item:48fbff2028d06dc46231ccd2cae5cc1dc7f6157e34a556ec3f244524ca9e546a,item:a4e77f57129f1691cc4de7e6fc2054d3eb7134f1753b31b4010a2c9bfad6cdab,TRUE
45266,paises/italia/juventus/4142_2.htm#editorial:hx001:table-54:description-table-63,paises/italia/juventus,camisas/italia/juventus/foto_juv,camisas/italia/juventus/09_23_2,item:efc26f8f24cef5478b0bac71a108e2bee0b3bc13461efb0c7a0f71778289b678,item:9697e45d3ae6bf03f8d15947e2b121e8392da94c2261404cd93dcfbb31630739,TRUE
45267,paises/italia/juventus/4142_2.htm#editorial:hx001:table-73:description-table-82,paises/italia/juventus,camisas/italia/juventus/foto_juv,camisas/italia/juventus/09_23_2,item:b22f493f0d0811cf092d57eb38a3b430cee513d0fa8c0e4ea58d344908a19de4,item:32efd10a1cb5346c56a0d78e20fffeb1dd3cffb0070756ca5772cc1fe65d0ae5,TRUE
45275,paises/italia/juventus/4647.htm#editorial:hx001:table-46:description-table-55,paises/italia/juventus,camisas/italia/juventus/foto_juv,camisas/italia/juventus/04_14,item:473ead85d223377a3f65529c5f5c5abe76c24e46035b985ab7b0f9e4cef40eae,item:7e2e61726e5aeb4715b849510ee382e6517fe15c6eab5feaea59e1737567f8e4,TRUE
45284,paises/italia/juventus/4950.htm#editorial:hx001:table-31:description-table-40,paises/italia/juventus,camisas/italia/juventus/foto_juv,camisas/italia/juventus/07_13,item:fbab075bda4cb8e1f7ff99c6bf703a726201ea516e4867bcd9e6163981045237,item:f25abc7b8a4da39d76752646d0fd23f9d1c784918e275dc9da7e5d36f7c106c8,TRUE
45286,paises/italia/juventus/4950_2.htm#editorial:hx001:table-31:description-table-40,paises/italia/juventus,camisas/italia/juventus/foto_juv,camisas/italia/juventus/07_13,item:83d68d29fbb7cf65770394d7b4d17d226576de2bfa94f6491282421d3bcb1ea7,item:4ced813830d24e019f733d7a39d07f22c3cb60d4e4731f960913c9d6107c02be,TRUE
45307,paises/italia/juventus/5859.htm#editorial:hx001:table-43:description-table-52,paises/italia/juventus,camisas/italia/juventus/foto_juv,camisas/italia/juventus/09_15,item:d5730fad6c71848393f9915b700a4a2fda1a2da77da7fbe9971d33e1036b739d,item:15e351cbdbe16674b9119414ddc8da491dbcf2d33e74c84be1f6bb416f4662cf,TRUE
45309,paises/italia/juventus/5960.htm#editorial:hx001:table-28:description-table-37,paises/italia/juventus,camisas/italia/juventus/foto_juv,camisas/italia/juventus/08_18_3,item:6fdc5e4d6a6189bc6f7b59e044f10821f78d9579a6d3449d79488bbe6ceb7808,item:f9794b6511cb9f76b688e2e86fcc600cc87e9df868d2ba3400d80e9f8c867983,TRUE
45311,paises/italia/juventus/5960_2.htm#editorial:hx001:table-27:description-table-36,paises/italia/juventus,camisas/italia/juventus/01_26_2,camisas/italia/juventus/08_18_3,item:3b1eb5c17d42d683c0caa6acf82996de88d6f1d3005fdee1f0db485a7862dc97,item:71219fe185a5477fc2fff61df853209c303a424fad63a100cd0a0acdb94428d3,TRUE
45338,paises/italia/juventus/6768.htm#editorial:hx001:table-26:description-table-35,paises/italia/juventus,camisas/italia/juventus/foto_juv,camisas/italia/juventus/04_14,item:808ece7ddd443310d6733668cf1feca49aaa54e50a96da5f3973de9c86f446b8,item:f904614e353796fa917b0bd50ab5f9130748672d66d3ec6330d3d118e288a3f4,TRUE
45339,paises/italia/juventus/6768.htm#editorial:hx001:table-47:description-table-56,paises/italia/juventus,camisas/italia/juventus/foto_juv,camisas/italia/juventus/02_15,item:43a97706824750490bdc41bf7ae1f2a0209183ec0c3cb0cb5f6a7c59f5a6dfd4,item:f585346a88c1e94b62377a0bebabde4d1395569bf73ef208fa67caeac3ef4b55,TRUE
45340,paises/italia/juventus/6768.htm#editorial:hx001:table-69:description-table-78,paises/italia/juventus,camisas/italia/juventus/foto_juv,camisas/italia/juventus/03_17,item:749f4b5c1c9ef62fb68fda77b66b492d925469aaabd15b0c7bab18d8515aede2,item:17fa411764c42fa073d4977ead2f249293d9dce40a5bde45811ae66d16afc974,TRUE
45341,paises/italia/juventus/6768.htm#editorial:hx001:table-91:description-table-98,paises/italia/juventus,camisas/italia/juventus/foto_juv,camisas/italia/juventus/09_24_2,item:273d6507c377605cdfdabf9b23ee3144ae46b6555a4de5a63bb1efbe631f0603,item:f9865b00b440ae71dd8dea25abc16859876c49afb4b233996dc1af4cab492dbe,TRUE
45351,paises/italia/juventus/6970.htm#editorial:hx001:table-79:description-table-86,paises/italia/juventus,camisas/italia/juventus/60-70,camisas/italia/juventus/09_24_2,item:170a51e58e57ce5802f8c481fd075e8c8327d9c09f0f9cbc47446b58e4716683,item:c13102a220048bfa8024d878e97826501fbe437b0b8533b2c79cd11954293358,TRUE
45353,paises/italia/juventus/6970.htm#editorial:hx001:table-117:description-table-124,paises/italia/juventus,camisas/italia/juventus/60-70,camisas/italia/juventus/50-60,item:4c4610178c3c1841f36ff7353dd6ea1ef0dc7976e74999ea97e60bb24f553219,item:d6c3bded4cb56ebbe7c727b1c58363ded884695039211b08e913ee53688d5766,TRUE
45377,paises/italia/juventus/8182.htm#editorial:hx001:table-127:description-table-136,paises/italia/juventus,camisas/italia/juventus/foto_juv,camisas/italia/juventus/02_15,item:e16905934649213188a4fe5fc91ac8d4e77eda5b9822ab44807ad520cb318ca2,item:b8d4df597c1dd822bc67c2071617fdef87aa6899e6eace34cb7fa4a9d02e0491,TRUE
45379,paises/italia/juventus/8182.htm#editorial:hx001:table-167:description-table-176,paises/italia/juventus,camisas/italia/juventus/foto_juv,camisas/italia/juventus/08_17,item:fe46ed128fc3d3b322cb8ce1c905e3426fd989e5e3913e62f2fd2276ab26e657,item:7b497e089334b4fc15422b9a7ccb974a1b95f9208e627cdbf65fa3e080d9a2f4,TRUE
45380,paises/italia/juventus/8182.htm#editorial:hx001:table-186:description-table-195,paises/italia/juventus,camisas/italia/juventus/foto_juv,camisas/italia/juventus/08_17,item:30fffc575b7ba5965ad006ba0e51a2137fafd7846b3b8d887c0144cc2c9edcc5,item:ee7dbb4a9d25a97dda43e9a33f25afe2ba7f64f596c1f2a0638c7ac1eef5457c,TRUE
45381,paises/italia/juventus/8182.htm#editorial:hx001:table-205:description-table-214,paises/italia/juventus,camisas/italia/juventus/foto_juv,camisas/italia/juventus/12_17,item:3ca386e4cd22e5865840fcbccc3edc196e5ae527114f9ed8982259f0d84fad15,item:d17754c557d16535a1161ecb515e77bf2904f35fa7cb4b1d31bf19238d8f6ef9,TRUE
45382,paises/italia/juventus/8182.htm#editorial:hx001:table-224:description-table-231,paises/italia/juventus,camisas/italia/juventus/foto_juv,camisas/italia/juventus/02_22,item:5f0786d7c80802218fbff9a80d4afa21d09185f50ac55a1498a74d57cf6dfb65,item:4d13cbde864c26d773ec67689c8d96a5ad827a95e722b833af95f51192b14b4e,TRUE
45383,paises/italia/juventus/8182.htm#editorial:hx001:table-244:description-table-253,paises/italia/juventus,camisas/italia/juventus/foto_juv,camisas/italia/juventus/04_16,item:2e900f4626e1fe8043f0205fa11e7634fc23f925d6e548dbffc26decfbe32954,item:7c5c32881bd8f76287a9fb08d685c4174fa81cd30b62534c6100a911476ff856,TRUE
45386,paises/italia/juventus/8182.htm#editorial:hx001:table-304:description-table-313,paises/italia/juventus,camisas/italia/juventus/foto_juv,camisas/italia/juventus/03_17,item:5500486ed1c5c8bdc34f874585a2ba16bdbc50b38da206b127af98efa8dedba7,item:92801d115ba156c67d608239f7e7e40f0c00a12232265d76ba8d6afc5d4dd603,TRUE
45392,paises/italia/juventus/8182.htm#editorial:hx001:table-422:description-table-431,paises/italia/juventus,camisas/italia/juventus/foto_juv,camisas/italia/juventus/07_17,item:0b599e6ab4cc4f5da1ab5c6e64c70bc1e5f0d43e48ed88bede6637ea72cc2c94,item:c59cb0a658276d87109723e5164ba5f313ad8be2e7c98ed70db9a9823a93559a,TRUE
45407,paises/italia/juventus/8990_2.htm#editorial:hx001:table-142:description-table-151,paises/italia/juventus,camisas/italia/juventus/foto_juv,camisas/italia/juventus/11_22,item:f3fb349bb24fc12dc96a9ca5ac65181f03fd60f24c134e8e3db864680368ac3e,item:99960172afe22f3f5bb0435d525d8b591a933d56288a64b8fc3e2668a72803dd,TRUE
45466,paises/italia/lazio/8081.htm#editorial:hx001:table-33:description-table-42,paises/italia/lazio,camisas/italia/lazio/10_09,camisas/italia/lazio/08_22,item:97f4e3a480eb60c92f28c90ed59f6b337a850fc8f7cb0300e8387b5c960e6049,item:2ea40d08385a19fdb58fde18f99cf14523999704efa63928cf591c64c4267725,TRUE
45470,paises/italia/lazio/8384.htm#editorial:hx001:table-51:description-table-60,paises/italia/lazio,camisas/italia/lazio/10_09,camisas/italia/lazio/02_13,item:039df9728b212a9a3d32ba811d777c0837d234b5c248be2d26c46fab279ff27d,item:3267e408cf57755ba1780e91e42f347716b5c044c61399a46686362cdd23f28a,TRUE
45522,paises/italia/milan/6566.html#editorial:hx001:table-45:description-table-52,paises/italia/milan,camisas/italia/milan/08_18_2,camisas/italia/milan/09_23,item:a606faa4b93821ce2197dc965eed531128148a03113fd3ee43517b2cf2d733ee,item:569814623c8a653d6e1303c7c05dfa45503c4bd40eebbb0ad94be49c049ba29e,TRUE
45526,paises/italia/milan/6667.html#editorial:hx001:table-62:description-table-69,paises/italia/milan,camisas/italia/milan/08_18_2,camisas/italia/milan/09_23,item:14c784bb82e31986d867aedff1685bc7fa508837ccafef646b421dca8e5e43e2,item:715a91878e84b44f0c45209eca1824651228beead04dc2486ecb0f4e5c5e6bfa,TRUE
45530,paises/italia/milan/6869.htm#editorial:hx001:table-50:description-table-59,paises/italia/milan,camisas/italia/milan/04_20,camisas/italia/milan/09_23,item:3190e58d7ec7b9428d10649eb3e3e252db16200df99ccfd6cf7358f6b6a0d520,item:10934156f03fb011ec958592f922d2d7844b1491aa6a17b29dd04c82a4474c25,TRUE
45536,paises/italia/milan/7374.htm#editorial:hx001:table-31:description-table-40,paises/italia/milan,camisas/italia/milan/02_17,camisas/italia/milan/09_23,item:f6bfbd63eb779af2079871ecf74f764390dece254b5042c0aba40e4dc0c570b2,item:7c45dc08fcd26f0978b4ec55eed3165476b22b45adf3fc46a2db0218d3726d86,TRUE
45539,paises/italia/milan/7576.htm#editorial:hx001:table-31:description-table-40,paises/italia/milan,camisas/italia/milan/09_15,camisas/italia/milan/07_19,item:00bca046fff5f3202851bf28b98c0ce0c5de9b8de21f057fd1f91d4953429363,item:3fa95b3cf93a144cc00f3e9d0da1f10803092a27b4f46e91d4e706fa673bf092,TRUE
45555,paises/italia/milan/9697.htm#editorial:hx001:table-31:description-table-40,paises/italia/milan,camisas/italia/milan/01_10,camisas/italia/milan/07_18,item:c93eb11f552158181fe0e21b818d46e9cc67142ce92faad068570e6cabbb644f,item:8462b93d6ae207dbe01537c272a5de5f0e09705d8bd5a66f7b1932d97459ed5d,TRUE
45584,paises/italia/napoli/1011.htm#editorial:hx001:table-34:description-table-43,paises/italia/napoli,camisas/italia/napoli/03_14,camisas/italia/napoli/03_15,item:b6cf370b1435f7437fda9a634800dbd991077ed83a92d8978a0711c188dbd2e3,item:3ad2171a2efc79681ef7096e7073c143e0d42af17a0e388980e1008193b712b6,TRUE
45589,paises/italia/napoli/1617.htm#editorial:hx001:table-34:description-table-43,paises/italia/napoli,camisas/italia/napoli/12_17,camisas/italia/napoli/06_18,item:e8af318ccea95c1ce20af348eb2dba03bd546896d0a12f0e0f8362a125618b94,item:7f391ee2e0577cac1a79f416a0e32181c9d573a6fd231770540080e3351d385e,TRUE
45603,paises/italia/napoli/8283.htm#editorial:hx001:table-35:description-table-46,paises/italia/napoli,camisas/italia/napoli/02_17,camisas/italia/napoli/03_17,item:20fd124243539deb4dbabdc399cb9790c6d9c3a06bee169c060daa0948189aaa,item:7fbf6b3424374a3e802c5254191bc5852527da043c9822002ef426761bed7973,TRUE
45604,paises/italia/napoli/8283.htm#editorial:hx001:table-59:description-table-68,paises/italia/napoli,camisas/italia/napoli/02_17,camisas/italia/napoli/05_09,item:32e95bc3d374d02248dc03e8bddae50cd9ad71ce5dea67f92d9bf94e673a1cee,item:dcb93ab459d8681231ab944eb470b675e65f7a545896f020b2f6083d0f8d1c2e,TRUE
45605,paises/italia/napoli/8283.htm#editorial:hx001:table-81:description-table-90,paises/italia/napoli,camisas/italia/napoli/02_17,camisas/italia/napoli/03_25,item:7c346e67b7d668ac49ec08d170f660c41524ba3d181379710ed9e5a5d7c2d2ab,item:2fe087d622db165d46ea03a3e22f459db12e563dec7d9d4422758071e0314a96,TRUE
45610,paises/italia/napoli/8485.htm#editorial:hx001:table-57:description-table-66,paises/italia/napoli,camisas/italia/napoli/02_25,camisas/italia/napoli/09_24,item:979bcbd07d2f912ecef8f620c80d0bb947f398b3f643dfee2c0536cb7f56d2e8,item:bd6a8a898028b1a79b76bc859128471d45c4c3176b5a9697658e5a341e1f000a,TRUE
45614,paises/italia/napoli/8586.htm#editorial:hx001:table-96:description-table-105,paises/italia/napoli,camisas/italia/napoli/02_17,camisas/italia/napoli/10_13,item:26eb3712eddb9c8440c9a7e7300865bba2da787e98adfbe2536417cf0fc28eac,item:e16a0c884f591c7d1bf6b97e77cb256543ddbc32d0bf37596cb5744e0fc365f6,TRUE
45620,paises/italia/napoli/8687.htm#editorial:hx001:table-110:description-table-119,paises/italia/napoli,camisas/italia/napoli/04_20,camisas/italia/napoli/03_25,item:0515aaed6da8c341dc57e1868e838504306242e097468b2dcfdc24c2ee7a0b5a,item:8757cc785f0a89e82a88a5a57390544f38ebc73a30ccc8d0fc944a26bbb629e5,TRUE
45622,paises/italia/napoli/8687.htm#editorial:hx001:table-156:description-table-165,paises/italia/napoli,camisas/italia/napoli/04_20,camisas/italia/napoli/10_13,item:75f7c1e61c357ec3ca622efffb57b08a310864a0da347ccaf99eac7e7d125d98,item:9cacf45b12395e90405326dfffd136d64d96470b89334fee93f0feb064675be8,TRUE
45624,paises/italia/napoli/8687.htm#editorial:hx001:table-202:description-table-211,paises/italia/napoli,camisas/italia/napoli/04_20,camisas/italia/napoli/05_24,item:776a35d53007b463f7732310be27960cd7a7348e75f69d9bf382a8a910b28b64,item:375caeae9bfc40d7dd224d677924b61a02d3881924ce3d57969c971a1e4b04ae,TRUE
45634,paises/italia/napoli/8889.htm#editorial:hx001:table-201:description-table-210,paises/italia/napoli,camisas/italia/napoli/02_17,camisas/italia/napoli/10_13,item:e224368777809338d7e8552a2d8b1f0f929ff821172d7ca5741e3d415fb8dfd6,item:39e6f418b3b324e05d4fdbac08d2af25670e549c8f6d89c0aa20bbd90ce2bebe,TRUE
45641,paises/italia/napoli/8990.htm#editorial:hx001:table-123:description-table-132,paises/italia/napoli,camisas/italia/napoli/07_10,camisas/italia/napoli/05_24,item:e1668bd05378e1adaefbb560d7fc0cc6bdffb68a2d2e290248d3aeb2dee9a753,item:5f52bce6d6492fa1a63ee430d92b01c61a8a5bc422ad5b55a9647157756498d7,TRUE
45663,paises/italia/novara/1617.htm#editorial:hx001:table-34:description-table-43,paises/italia/novara,camisas/italia/novara/06_18,camisas/italia/novara/08_17,item:cd47416c74f763898172b5e78a43f46f05b5771c389bc50eaf45fded67c3bda4,item:89b1f90788ce68f384d76049692625c4befd0a34c4de3309c9305bf38dc0429b,TRUE
45664,paises/italia/novara/1617.htm#editorial:hx001:table-57:description-table-66,paises/italia/novara,camisas/italia/novara/06_18,camisas/italia/novara/08_17,item:8ad8595a0d2f2caa056d0b2221b5a988494c110f56737cd54254f75336d06971,item:e13e17cde2a5a688d26144f58d55002ad75f3d77e4f38e96c9ac8df840f4d8fd,TRUE
45691,paises/italia/parma/1415.htm#editorial:hx001:table-34:description-table-43,paises/italia/parma,camisas/italia/parma/02_16,camisas/italia/parma/07_17,item:0565f9ee423068c13837632d5afbe283ae551dcae05cf44b15c04857252e6087,item:f4eabfee2dd0d91a4a957b813a0992b42e86d8f15ce39832ec65e6a5302b40e5,TRUE
45770,paises/italia/roma/8081.htm#editorial:hx001:table-51:description-table-60,paises/italia/roma,camisas/italia/roma/09_24,camisas/italia/roma/02_25,item:e1b56643a9b27d44ec9050a2dd50f43d5ed210c20ca7a799b17c5e6409f8ca57,item:446c2fb509ecf82519418eca51a301ec34ca9185901226dfd77cb46045e73882,TRUE
45788,paises/italia/roma/8687.htm#editorial:hx001:table-63:description-table-72,paises/italia/roma,camisas/italia/roma/06_14_2,camisas/italia/roma/03_23,item:192f0efbf89f7bf55b5f97e5dac46976ebf80836ee6b3b39e3135e240b901a88,item:1ce6f9d64a913891c46a0868927c5cfb3074e88d5400989dbb3f29c31d35b1b2,TRUE
45797,paises/italia/roma/8889.htm#editorial:hx001:table-57:description-table-66,paises/italia/roma,camisas/italia/roma/02_15,camisas/italia/roma/02_17,item:7c973e3b59305771807da0585672256c46da55a11bffe07080c957331016f02b,item:a47c05ade394bb89dc8765bb1a7a120a70e403f46194c8dd3e8da80bf6fe29ff,TRUE
45798,paises/italia/roma/8889.htm#editorial:hx001:table-80:description-table-87,paises/italia/roma,camisas/italia/roma/02_15,camisas/italia/roma/07_18,item:71e5ab175b2e1824414379002d031c44b572451f1eee1b2e7d6475fd6892d70c,item:c34ce01a74700a6ddcc3114148b368ea46bb715e8ae13818c8f3865f9adb0411,TRUE
45799,paises/italia/roma/8889.htm#editorial:hx001:table-101:description-table-108,paises/italia/roma,camisas/italia/roma/02_15,camisas/italia/roma/07_18,item:970b333725c257c2fb1e61987cb819284e5ef6179d68a9a5a234df58b0a20469,item:0cd1a4a89e508462b354f74b8471ca8a7bb03ad95f4ef197f9493d6437464bae,TRUE
45863,paises/italia/sampdoria/8283.htm#editorial:hx001:table-56:description-table-63,paises/italia/sampdoria,camisas/italia/sampdoria/08_16,camisas/italia/sampdoria/05_24,item:3966b51a8d8070a549a4b33a9f4cd20545dffeb521dc6f7094fecaf67f6157c4,item:409a2d0571b52676fa54119c2622ce48011072c1d246d800352d6f7317711414,TRUE
45920,paises/italia/torino/0203.htm#editorial:hx001:table-147:description-table-156,paises/italia/torino,camisas/italia/torino/00-10,camisas/italia/torino/07_13_2,item:68536f7c9f2b397c9ead8c4d42f8ef8bfb162323271380cae41ecd9a62381b89,item:f401182e845c9aeedfbe8739e4a02fa0ed41feaa17ed18cac0e5b85e2e7b3b62,TRUE
45945,paises/italia/torino/0405.htm#editorial:hx001:table-298:description-table-305,paises/italia/torino,camisas/italia/torino/00-10,camisas/italia/torino/07_13_2,item:42c22291325e4bf4a1fd2ce75255cfbbd0a3bdb9a56d9e1282a4c79b8d7ddcf6,item:973ed026d8979d17564e5adf1438d8a50f1b116eec822b3f16420e72b6953ae8,TRUE
45956,paises/italia/torino/0607.htm#editorial:hx001:table-233:description-table-242,paises/italia/torino,camisas/italia/torino/00-10,camisas/italia/torino/07_13_2,item:9e069ee53594dee4799e718ee8d24b2ab07b7b59e0bb50aca6778ea4beaa763b,item:f73979c895cc9b5c9a3c79a8284a176f5e202571ccb70c39f9cd45f316b3632b,TRUE
45971,paises/italia/torino/0708.htm#editorial:hx001:table-352:description-table-359,paises/italia/torino,camisas/italia/torino/foto_tor,camisas/italia/torino/07_13_2,item:a6d12c4c864bbef073c58876697f137f4ab44900714d264a4da641356610b29f,item:697466e71825ffa793400ea8d135903030f135d66252c1c63e260e6b90f40f5b,TRUE
45988,paises/italia/torino/0809.htm#editorial:hx001:table-113:description-table-122,paises/italia/torino,camisas/italia/torino/foto_tor,camisas/italia/torino/07_13_2,item:891197d19af759ca6f7dcbb86a56c8e7de093a445a91dcf85f6be0dc9d85cb55,item:418d2a10493d4246e33ae633e13ad8884c10d18962570551ec69c39f92edcf19,TRUE
46000,paises/italia/torino/0809.htm#editorial:hx001:table-411:description-table-418,paises/italia/torino,camisas/italia/torino/foto_tor,camisas/italia/torino/07_13_2,item:95d5af438140787955998878322758a75dbb4b8e10ed731134f3191de9b119c7,item:a8f21606438a2b52ea950352a2e3b9f66185bf97441bdba01a5442d3fe0dc309,TRUE
46003,paises/italia/torino/0809.htm#editorial:hx001:table-490:description-table-499,paises/italia/torino,camisas/italia/torino/foto_tor,camisas/italia/torino/07_13_2,item:71f982cd3619913d3dd4efce92bfbbfabae6aad08c9fe7aad0123cf51ab56b25,item:a51d11a0acca7f94b4a6da4f055734fbbbef3b94497704b06e9287564b9b5a7f,TRUE
46004,paises/italia/torino/0809.htm#editorial:hx001:table-517:description-table-524,paises/italia/torino,camisas/italia/torino/foto_tor,camisas/italia/torino/07_13_2,item:06c51fb120b49f537af988b8de40a422cfd1097f01e307bf18881a97f853fc13,item:f9d4472006645d32c3cdb842e5ddf97261ac1e06542e24e6d42523c69e9e5e9a,TRUE
46024,paises/italia/torino/1011.htm#editorial:hx001:table-357:description-table-364,paises/italia/torino,camisas/italia/torino/00-10,camisas/italia/torino/07_13_2,item:85729d09fdc9ae4894aed0ad26cdde37192f324894f17f183c9c85964cb2db3f,item:56669c280bdfaa2f33f1fa6f9aee9e6481349e74e57a9d1400bff9a1d64be377,TRUE
46028,paises/italia/torino/1011.htm#editorial:hx001:table-429:description-table-436,paises/italia/torino,camisas/italia/torino/00-10,camisas/italia/torino/10_13,item:870a7507d8c3f0befc0dee6da5434bbe48823b71c6f87ef5dce8eb2b521a5ff8,item:01dd3fd6e095028b6e182b31305fa14c57884afa258c2bb7a483f1e7c0c9a32f,TRUE
46044,paises/italia/torino/1112.htm#editorial:hx001:table-313:description-table-322,paises/italia/torino,camisas/italia/torino/10-20,camisas/italia/torino/10_13,item:9c01d71db4c85b61e60a63f1f115ceff6e7199f6f0718846c718289283b1e0ef,item:15b9111329096ae6ffb3a892e8bcb92c62824ec070a00b846c7f2e09a268b207,TRUE
46065,paises/italia/torino/1415.htm#editorial:hx001:table-69:description-table-78,paises/italia/torino,camisas/italia/torino/03_15,camisas/italia/torino/02_16,item:8745b57571b443d2940b577295adf83315f4d1e77e25234aa456f011f4e50fd0,item:bfe95c6b4602074e7a2b3b6a8f49c1ffa2da086add1257c3bf75f6eabf3ce408,TRUE
46066,paises/italia/torino/1415.htm#editorial:hx001:table-88:description-table-97,paises/italia/torino,camisas/italia/torino/03_15,camisas/italia/torino/02_16,item:2af861dd1108ca8f2e239c38adb855e68eab2dfa42ac63cae16028d307f34869,item:35cbc9004ad5f295e0a6cf114febc6cc209976ad1e619452190a32913f2d61c3,TRUE
46074,paises/italia/torino/1415.htm#editorial:hx001:table-240:description-table-249,paises/italia/torino,camisas/italia/torino/03_15,camisas/italia/torino/02_16,item:8f87a59248271108c3d19defe9df9a4c4beb38b6de9ef6d24f19ddc1ba7cdcb0,item:d03593fd44ae6abb948f79cc71ed47cebdc776d321e48955b20540583ff94949,TRUE
46092,paises/italia/torino/1516.htm#editorial:hx001:table-107:description-table-116,paises/italia/torino,camisas/italia/torino/03_17,camisas/italia/torino/07_18,item:2f178bfb166fe3a230b7031d18b377d2f8618678945814e5fb5b09c0d25496e8,item:d743011937c34f31256bed4d146e95c8eafe43ba6f63a0bef59722d222c85053,TRUE
46096,paises/italia/torino/1516.htm#editorial:hx001:table-188:description-table-197,paises/italia/torino,camisas/italia/torino/03_17,camisas/italia/torino/07_17,item:80ba66e665c7bf3c217cb6efbe839737c9b2edc2bd2ef94ef38de20d3161c8fd,item:1178063f067c2b565ea97564d4928e3292de6c7b3c53c21adbb90441d278ae00,TRUE
46104,paises/italia/torino/1617.htm#editorial:hx001:table-163:description-table-172,paises/italia/torino,camisas/italia/torino/08_17,camisas/italia/torino/03_19,item:a77ed83d4ccef5235679e3ed6fe3e14710beeb49826a21bae99487903b34a556,item:df845d4b21cbb1c37cbead815d6c4e1b4f9de1f628fe2a308c7fd47d3b538835,TRUE
46105,paises/italia/torino/1617.htm#editorial:hx001:table-188:description-table-197,paises/italia/torino,camisas/italia/torino/08_17,camisas/italia/torino/03_19,item:60dcb8abb9132e229f60bc1ac0b16a55c5583f398fd30c572c28b6e0a0bdadc3,item:bfc56da3bf3875fee2d3b9caa9bc0c9c5de6f76e0efedcff29f96e8106b8f5d0,TRUE
46109,paises/italia/torino/1617.htm#editorial:hx001:table-274:description-table-283,paises/italia/torino,camisas/italia/torino/08_17,camisas/italia/torino/03_19,item:259f5cc3902c4193b466c8c433d905df6b59dbf0fbc55c035e959c8b35c74cb8,item:c72a669b0616655464df2b5e63255d16744ab4ac37a464f0a8979e33ee9b146f,TRUE
46111,paises/italia/torino/1718.htm#editorial:hx001:table-35:description-table-44,paises/italia/torino,camisas/italia/torino/06_18,camisas/italia/torino/03_19_2,item:e6157dc53f1416f04e057da95a83bc5ffc8d0e297f0bfd212925b332c041f3a4,item:28d0f63cfeb579a70d6622382d61b7deb5ffbc4dc060b061b8eef51ff1e0c145,TRUE
46113,paises/italia/torino/1718.htm#editorial:hx001:table-80:description-table-89,paises/italia/torino,camisas/italia/torino/06_18,camisas/italia/torino/03_19_2,item:ef402baaf5355b37a748d43b56c4a2ce8f9081ccff2c1dd01e959cbfeda8aea1,item:9ba1a1bc7d278a3c4a81ebe6e797e37bc1a6cc63374b1ecf41753cf606a70d92,TRUE
46114,paises/italia/torino/1718.htm#editorial:hx001:table-103:description-table-112,paises/italia/torino,camisas/italia/torino/06_18,camisas/italia/torino/03_19,item:ef61ece0b880e5004f4d0340d8bb171859dd33ee8962a045a94baec3b3a78976,item:5b903b9c066510672611b907295df31dc8db1fc7c1bb6b02ae21f8812fe69406,TRUE
46115,paises/italia/torino/1718.htm#editorial:hx001:table-126:description-table-135,paises/italia/torino,camisas/italia/torino/06_18,camisas/italia/torino/03_19,item:9e83e40a7538f67948b1f20283ba58c6706e78bdb913536a9429e8d91a33648a,item:6fe3d9878f35941583564686bc7253a4df2e269e298203ff2f032d3039016288,TRUE
46116,paises/italia/torino/1718.htm#editorial:hx001:table-150:description-table-159,paises/italia/torino,camisas/italia/torino/06_18,camisas/italia/torino/03_19,item:bbca3750102e7ca60c80cb869a66e7e8248fc473f5348988d5e7a2739ef09d54,item:a4c94165b8b5560fdbd0733d58a00a9e7152d5ca624afb9e3e19d8d7863dfef0,TRUE
46117,paises/italia/torino/1718.htm#editorial:hx001:table-174:description-table-183,paises/italia/torino,camisas/italia/torino/06_18,camisas/italia/torino/03_19_2,item:03c7e3b4dd4fcae1869ae09be1c0b57337c2e42951f8b6f94e995fb360923b3f,item:53a9531258a5f4dc34547e954155a0570244bf790cf20312cee71a543c5ddfeb,TRUE
46118,paises/italia/torino/1718.htm#editorial:hx001:table-198:description-table-207,paises/italia/torino,camisas/italia/torino/06_18,camisas/italia/torino/03_19_2,item:1f13177f8cfce0d7c9553efad6a3102536c5388b4bc62b867349d887ca5e8902,item:897ed2248c1a2ac597ed83e35d44f5822dea80d738ec771506b1dd4bf69b7f3c,TRUE
46119,paises/italia/torino/1718.htm#editorial:hx001:table-222:description-table-231,paises/italia/torino,camisas/italia/torino/06_18,camisas/italia/torino/03_19,item:3220ef831d7980a15cecbb57b49eea609ee1ccb11906b505059c917f49c3df95,item:157b37480e88dff5e1ed8a05df63904586b54aa9fca0a7bee98985c1655019de,TRUE
46120,paises/italia/torino/1718.htm#editorial:hx001:table-246:description-table-255,paises/italia/torino,camisas/italia/torino/06_18,camisas/italia/torino/03_19_2,item:cc8c46b4126751a6ca96d8daa6c379dc8aef11850a2a8c2f9bb84ab56f40a8ab,item:1f5a04ff4b620849e12ca7046f283b482194f099f8cc4c300c4702c4a6d87d4f,TRUE
46121,paises/italia/torino/1718.htm#editorial:hx001:table-270:description-table-279,paises/italia/torino,camisas/italia/torino/06_18,camisas/italia/torino/03_19_2,item:330ab1a702358e9f3fefa07b6c95f961b0dc0fefbdbbf87e22915fbb6c8bc8c1,item:39245ab9d96359e8eba2784e0408270f659bc1d9525907577ef53cf1ec63af88,TRUE
46124,paises/italia/torino/1819.htm#editorial:hx001:table-39:description-table-48,paises/italia/torino,camisas/italia/torino/07_19,camisas/italia/torino/03_19,item:c5818c65e8dcd3fa5e3acd1c7be6d152093f3ae058c2b8452afed07cfa3d2eaf,item:86841494621d5b83445e22628ea4de363c6f5d707e550c6a2f6821c2cf9dd7e2,TRUE
46125,paises/italia/torino/1819.htm#editorial:hx001:table-60:description-table-69,paises/italia/torino,camisas/italia/torino/07_19,camisas/italia/torino/03_19,item:0f9f6e438e62f744c19c41a02e976527e003635ef91ed8a16bf3046a918c0b93,item:dda58f30dc79b6829195bcd515a073923507f3ce7b84f6993fc4b0a15bb72437,TRUE
46126,paises/italia/torino/1819.htm#editorial:hx001:table-81:description-table-90,paises/italia/torino,camisas/italia/torino/07_19,camisas/italia/torino/03_19_2,item:094a519b28001a612a78e00438ed0e9b4b3b0990c17ecc12be4c00ec7ea5691d,item:870a764c20a6f8e0edeb0efd9ceaabdce080d25a135f49cc9a909694337e4c59,TRUE
46128,paises/italia/torino/1819.htm#editorial:hx001:table-128:description-table-137,paises/italia/torino,camisas/italia/torino/07_19,camisas/italia/torino/10_19,item:3a1e862716c450d43ccd26396e7fdeed8790486debdbe11eb7bacc08906ba447,item:c1544a0ed643cb249aad6a86e19bbac1224d7f7be5aba33b5ee80d87c8cb6ca9,TRUE
46129,paises/italia/torino/1819.htm#editorial:hx001:table-151:description-table-160,paises/italia/torino,camisas/italia/torino/07_19,camisas/italia/torino/03_19,item:0c8adc887359e85c568d02b7067546dfecd2e731266aac4486cccd30eb0a8647,item:1d8a7ff69086eb959a2c4943516fe1f92670267419c56cd3bbe7dd33011868f7,TRUE
46130,paises/italia/torino/1819.htm#editorial:hx001:table-174:description-table-183,paises/italia/torino,camisas/italia/torino/07_19,camisas/italia/torino/03_19_2,item:ff7b2ea654b52bcf6e8a982c6de68d338b5aea6be19ca6fb66f474ff03f76faf,item:c8d81c7be546da36f763e4d4a5439027a90d0917f25e5c33fc220070d43e12a8,TRUE
46132,paises/italia/torino/1819.htm#editorial:hx001:table-220:description-table-229,paises/italia/torino,camisas/italia/torino/07_19,camisas/italia/torino/10_19,item:5f4dacbb1a703878ce48d1fdeaad070365f955cf8e5b89ef8bc555e28714f5b8,item:a441021c8558712f722f3216a777d4d3ad91cff574986e6d1ca721821a4244e1,TRUE
46133,paises/italia/torino/1819.htm#editorial:hx001:table-241:description-table-250,paises/italia/torino,camisas/italia/torino/07_19,camisas/italia/torino/03_19,item:212d6f360d1d75257425b4a905fea3433f8b635ce3264b03d52cfc433a64b5fd,item:6ef96a28241a7326cc6e8578c2491c5804aec0f3ae2b850bef3a6099d42dfa67,TRUE
46134,paises/italia/torino/1819.htm#editorial:hx001:table-265:description-table-274,paises/italia/torino,camisas/italia/torino/07_19,camisas/italia/torino/03_19,item:8f49f2f6819a48c8cb1467249724f2bbaf32576dfeed6b2415ec666bdac60ba9,item:a3d1acc63927313e5c4f5c30e0d3e42815d2714fda38a8f50088c9e9ff3db9ea,TRUE
46140,paises/italia/torino/1920.htm#editorial:hx001:table-119:description-table-128,paises/italia/torino,camisas/italia/torino/08_22,camisas/italia/torino/05_23,item:dc360a79560e67ed290aea0f6af9567709a0be5e1833f959455aaeb6ced550ad,item:e5c1653e474bcec92869d5d154081163b776ea1042fd5a8c162da0b31e78e8a6,TRUE
46156,paises/italia/torino/2021.htm#editorial:hx001:table-173:description-table-180,paises/italia/torino,camisas/italia/torino/08_22,camisas/italia/torino/06_23,item:8c67f6b3342f97ea3b4e7a2cb670944064a353f4cf95dc9b92bd901b0779f97e,item:751e2063153e819cb7f5c375794aaa1d8ee71ea6849a92147b1995612c5cba83,TRUE
46205,paises/italia/torino/4344.htm#editorial:hx001:table-50:description-table-58,paises/italia/torino,camisas/italia/torino/foto_tor,camisas/italia/torino/03_25,item:9806ae2fc2f2b2f9d6cc3f51796d4a7c2c01019f80bd27dda09b89b04c348553,item:b97f28c2ccd0b3b1d7122e881d15eb5994498ff186db50d0c9171194a3d939ba,TRUE
46224,paises/italia/torino/4748.htm#editorial:hx001:table-48:description-table-57,paises/italia/torino,camisas/italia/torino/foto_tor,camisas/italia/torino/05_23,item:1b3d3dfdc97403208cd54f89c41867b107307e633d913b2fa426d8bb20607ac1,item:55295996deea0b7db7c49aa58169587d458f5ff4c14d49391086b043152013cf,TRUE
46226,paises/italia/torino/4748.htm#editorial:hx001:table-90:description-table-99,paises/italia/torino,camisas/italia/torino/foto_tor,camisas/italia/torino/05_23,item:09e278b669894d9de68cf273ba591ce4228fff7b116b6747f960603d7c0a4b6f,item:3205859376619e9b2600c8c7c05f5356501e359931993a07b0804aa4406efb8c,TRUE
46258,paises/italia/torino/5960.htm#editorial:hx001:table-63:description-table-72,paises/italia/torino,camisas/italia/torino/foto_tor,camisas/italia/torino/03_20,item:e077024efeed6e07d85994bc79365bbef9b3c562352a567da8d3b0660bff435e,item:7380a15e3b27b273617766887b30c0cc676410a4437166f4398c4e7a1dd2fdb6,TRUE
46259,paises/italia/torino/5960.htm#editorial:hx001:table-81:description-table-90,paises/italia/torino,camisas/italia/torino/foto_tor,camisas/italia/torino/03_20,item:ccd1502772dc03ac60e6cb3af6bd05787cd730c302dd02d3d0a2300269213bdd,item:e8c935453057c3f4f52b17fd99371657db66d31ccd19668972788357bb690ae5,TRUE
46261,paises/italia/torino/6061.htm#editorial:hx001:table-25:description-table-32,paises/italia/torino,camisas/italia/torino/foto_tor,camisas/italia/torino/08_18_3,item:6e7bf041e374dff8acf92ccd3ccd6a27c6c9c8d32c9e16722e782c43aa406c69,item:cb03883ee4894d8dbd35439342dd23334d55a5ecd78bd00c3804a987b2fa8700,TRUE
46262,paises/italia/torino/6061.htm#editorial:hx001:table-41:description-table-50,paises/italia/torino,camisas/italia/torino/foto_tor,camisas/italia/torino/03_20,item:ad4b400bd9cc5c995e484f1f746c3bbc3742e0c7396bf8978868fd19dba56495,item:65b4d2d448aca7bcd4fe328cde4a6d5183794f7bb99441a35e41d662b957a645,TRUE
46263,paises/italia/torino/6061.htm#editorial:hx001:table-59:description-table-68,paises/italia/torino,camisas/italia/torino/foto_tor,camisas/italia/torino/03_20,item:489380d8800b11821c0a2772d843bf949bcf0cdd09e1c06e13944938fd2e300d,item:9dc25bb32af91daaf0011c6b12564a1cdd228a444e5d384491c5211f6f588f01,TRUE
46266,paises/italia/torino/6162.htm#editorial:hx001:table-45:description-table-54,paises/italia/torino,camisas/italia/torino/foto_tor,camisas/italia/torino/08_18_3,item:4f2ed088c56e5b6b0b3c700c42a230e883c153cf13f04734bff2725d7fe0cdbb,item:971a7d087d981131d96cc992921940c6462c99ab8dbdd7f3bf62054ea91e1b27,TRUE
46267,paises/italia/torino/6162.htm#editorial:hx001:table-63:description-table-72,paises/italia/torino,camisas/italia/torino/foto_tor,camisas/italia/torino/03_20,item:ce973c43354faa4240dd71ba7a1db63c3746d967a00a217dc57a9a3aa561c745,item:40734b5385d43b2b1159193d9d2e1ebc01169c580b11298dc9dedc7317e30b38,TRUE
46268,paises/italia/torino/6162.htm#editorial:hx001:table-81:description-table-90,paises/italia/torino,camisas/italia/torino/foto_tor,camisas/italia/torino/03_20,item:446f58133cf9197ace7169be763fc13c824411528ce2ac1e035d461fab378ad7,item:5a1f723769b2708fd7405a70bccd61ece221fec6499d8da6755b25cc38d537df,TRUE
46271,paises/italia/torino/6162.htm#editorial:hx001:table-135:description-table-141,paises/italia/torino,camisas/italia/torino/foto_tor,camisas/italia/torino/08_18,item:55b6e0414396226a33b5a0b4c0531b19176d5638eeb15cb87f8f3e2d0f078039,item:f841e14e601393575a3116a07463abc6d3912ec8ec6f953ff07a53a170dc8f81,TRUE
46275,paises/italia/torino/6263.htm#editorial:hx001:table-66:description-table-75,paises/italia/torino,camisas/italia/torino/foto_tor,camisas/italia/torino/03_20,item:18a901c351b1ef7e3c3f865f1a68e7eeecea1d5818b127f4269ab7bc081e41e5,item:4555c5781a452a020a9ba538b99df2eece5b04ad4c41d1e7d7a87e996ae572f4,TRUE
46276,paises/italia/torino/6263.htm#editorial:hx001:table-84:description-table-93,paises/italia/torino,camisas/italia/torino/foto_tor,camisas/italia/torino/03_20,item:dfdcdb42625d56730931122116da66bb3484833700dfde983e676570bb9faba7,item:83adfc767d6592096a6b4e46be4e66d2d99a3e310f8b864c1b2517be852912bc,TRUE
46280,paises/italia/torino/6364.htm#editorial:hx001:table-63:description-table-72,paises/italia/torino,camisas/italia/torino/foto_tor,camisas/italia/torino/03_20,item:c66f9bd1554fa818db445b107ca92e8cd73a733c4e8e21611c747729aeb3f029,item:69aab8b77f5e436333a029d3e1cee3677dd985f57155f4a453888a438275c118,TRUE
46284,paises/italia/torino/6465.htm#editorial:hx001:table-45:description-table-54,paises/italia/torino,camisas/italia/torino/foto_tor,camisas/italia/torino/03_20,item:94e713736f27e05ac2348ff41fbc7127909410de643a0b7b125a489350d5d62d,item:fcf2002e613d3fa9a981c78ef4912c1570302d5e01a96786b7e6aa7a48228e1c,TRUE
46287,paises/italia/torino/6566.htm#editorial:hx001:table-46:description-table-55,paises/italia/torino,camisas/italia/torino/foto_tor,camisas/italia/torino/08_18,item:709f3dc8bc7cc7ef5739b0e4b8dda0311efffb5c5738411c1b1e84dd1a6b3a46,item:9355fc8f10714ff0f0f9e090e6097c342b151ed5106cdbfc67dc8ccca8ab4aba,TRUE
46289,paises/italia/torino/6566.htm#editorial:hx001:table-83:description-table-90,paises/italia/torino,camisas/italia/torino/foto_tor,camisas/italia/torino/08_18_2,item:35daeaa2e7a82edb2e7582c3340f481787932fb907110e4c7944df27c041f030,item:f5f9483335f0c176612e22c8c0cac3c083cda5432244a4a5eec7bacc5ea524fd,TRUE
46293,paises/italia/torino/6667.htm#editorial:hx001:table-68:description-table-77,paises/italia/torino,camisas/italia/torino/foto_tor,camisas/italia/torino/09_15,item:3231713c3899e4779bdefdfb37cab823d0ce0093383a9fff750d33c6b3005f6c,item:aefc9f8f5875eefd7eead2184e513cc49000ced74e666c0b21fdb1cac688e697,TRUE
46297,paises/italia/torino/6768.htm#editorial:hx001:table-48:description-table-57,paises/italia/torino,camisas/italia/torino/foto_tor,camisas/italia/torino/11_21_2,item:925616f0b7a4d9df3d51d95923b546fa726d936ba3c4382932b03b1b5f885e3a,item:0ac7328620167638b34e3fe1158157e2b73686b72830b758ed992b1fef997e46,TRUE
46299,paises/italia/torino/6768.htm#editorial:hx001:table-86:description-table-93,paises/italia/torino,camisas/italia/torino/foto_tor,camisas/italia/torino/70-80,item:0e6460135346d52598f6cc64f301497dddbd0dcf89e0ce047f2cdbe62fc39ef9,item:14c5816f0a82aad3510ca24cb1e88da3309f987ef813c4083eea4dc5aa2259b7,TRUE
46303,paises/italia/torino/6869.htm#editorial:hx001:table-43:description-table-50,paises/italia/torino,camisas/italia/torino/foto_tor,camisas/italia/torino/03_20,item:42a9659714ed948d7cb8ac4130e3029f2fa7399b285adf03c219df1d7cebbb31,item:eff130049eca193740fd5d6ef07e9529de23603e99c29c38b122207d4ca0ffe0,TRUE
46304,paises/italia/torino/6869.htm#editorial:hx001:table-61:description-table-68,paises/italia/torino,camisas/italia/torino/foto_tor,camisas/italia/torino/11_21_2,item:4e721f0e8e1bfb0e7f228997ad6734de4819cf4983a9bf17cef12413df56317a,item:c44af3aae3defdc5ba4053253796de23f722625ae80aa6bf51c915785def5fbf,TRUE
46305,paises/italia/torino/6869.htm#editorial:hx001:table-81:description-table-88,paises/italia/torino,camisas/italia/torino/foto_tor,camisas/italia/torino/11_21_2,item:5a7eef280870ea821d808f4fc822561bf30622dfa73a551aad99ec06dbdec0fc,item:841e2f249c6443f97e68936067638ed3043a0ab911fb12eb3406fc6bbd730de5,TRUE
46307,paises/italia/torino/6869.htm#editorial:hx001:table-121:description-table-130,paises/italia/torino,camisas/italia/torino/foto_tor,camisas/italia/torino/03_20,item:6a27535a5eb48f7afabdea4346c7d6627180194fc574d539efd8158206bcd8eb,item:67225f768f77a310380c3377d42c383fb29e46c3ccd1b77eb2eb4a0b363481f6,TRUE
46310,paises/italia/torino/6970.htm#editorial:hx001:table-47:description-table-56,paises/italia/torino,camisas/italia/torino/foto_tor,camisas/italia/torino/07_13,item:398b06a369d1aa1ff5dcb5323ab64592be05931d8622970c5ede24ada82ae9b6,item:3433631b096f12060e771a32d6f93cdd5776b5bbf62b4be20f5877fc16f800c2,TRUE
46314,paises/italia/torino/6970.htm#editorial:hx001:table-119:description-table-126,paises/italia/torino,camisas/italia/torino/foto_tor,camisas/italia/torino/03_20,item:938441d4d91e91b40b439b0dfff91101b2de69678595abb72e6fdd1b2ddd6b2f,item:ec57f26094230a7df99245d128aa9d828c79f8a8206fb56f1a2cd0ea782261cf,TRUE
46315,paises/italia/torino/6970.htm#editorial:hx001:table-135:description-table-144,paises/italia/torino,camisas/italia/torino/foto_tor,camisas/italia/torino/06_23,item:059e66ba0fdd5d4c0ab472e7626257bb63a82e277e783d0412ecec488ec892c2,item:2edf961c0a2b3ef93437467c3f089d169cbb29c05b721357652b32808160a045,TRUE
46318,paises/italia/torino/7071.htm#editorial:hx001:table-46:description-table-54,paises/italia/torino,camisas/italia/torino/foto_tor,camisas/italia/torino/12_17,item:1aabedd8aeefff26c98bd96c3543e9e40cf40abe5d93663d953597340318756b,item:d330c11a60ab115e9eaf25bf4131f3d2e55eac7eed207b0a35501bb6f2f7e47f,TRUE
46321,paises/italia/torino/7172.htm#editorial:hx001:table-52:description-table-61,paises/italia/torino,camisas/italia/torino/foto_tor,camisas/italia/torino/11_21_2,item:90919ea35bc7f929189127f0b33b65153e4d3712891ef220af0f21a7fe0232ea,item:d85760847f7cf6c564711e74101d1eee85f4fe23539bdd5bd9f98582ffd07aca,TRUE
46322,paises/italia/torino/7172.htm#editorial:hx001:table-74:description-table-83,paises/italia/torino,camisas/italia/torino/foto_tor,camisas/italia/torino/07_13,item:4518934725568e4f80b12cfa124745863fbff452aa4f21a141dbcee6efcbe665,item:3f1d48046bea2fa0ac426819b42b082e365af916bb6725dbf60782ad167743c9,TRUE
46323,paises/italia/torino/7172.htm#editorial:hx001:table-96:description-table-105,paises/italia/torino,camisas/italia/torino/foto_tor,camisas/italia/torino/11_21_2,item:237c8146def17e10aae341470014eb570817ac4262bee4705548a3e41f100b50,item:08265ada59aa1f3677506a8e9541dbb27fc1b065927899e02a32b4a7329b7438,TRUE
46324,paises/italia/torino/7172.htm#editorial:hx001:table-118:description-table-125,paises/italia/torino,camisas/italia/torino/foto_tor,camisas/italia/torino/08_18,item:b9c0282c007140a6483d1bfc63823276a18158cf9a4b5d659bf38a350d108a3c,item:5ab7c975c3be8c9fcef056033d7398493216746fb3ffaf9defef5b22da9056fa,TRUE
46325,paises/italia/torino/7172.htm#editorial:hx001:table-138:description-table-145,paises/italia/torino,camisas/italia/torino/foto_tor,camisas/italia/torino/04_20,item:ed36a1291ff2e89e7d8b385eb001139439f8631c33f1a6900bb2735e48f748af,item:c0ed9f432000a7e487faf6b726d95fb1b1415b2e1f36acdb8c74125b79ce431e,TRUE
46326,paises/italia/torino/7172.htm#editorial:hx001:table-158:description-table-167,paises/italia/torino,camisas/italia/torino/foto_tor,camisas/italia/torino/11_21_2,item:afd3ef85a5da2f162a13eea8f80a8d2462895c32fe76288b33b8bfc7ac978b14,item:d4c42694915d32240670360be8a45646a18e182abb2beb13ef0a69b4d3eb7d92,TRUE
46327,paises/italia/torino/7172.htm#editorial:hx001:table-180:description-table-191,paises/italia/torino,camisas/italia/torino/foto_tor,camisas/italia/torino/05_23,item:b998a82f05414eb8de4f4c49e6c0e60b692bcc5df5f9235ab7047a51b01203bc,item:ec9bed4a2230a09580d2101e9de6de9302d8ea0aeb36f82d15a943b22d41d12c,TRUE
46330,paises/italia/torino/7273.htm#editorial:hx001:table-44:description-table-53,paises/italia/torino,camisas/italia/torino/foto_tor,camisas/italia/torino/03_20,item:60c6de1367282a07c1da6c1abed513ee9ddfb9f6a84f8553fa49dd70364efc9f,item:e98181be9c5e03a31d77957f4d34fd299037329052156731183ea86eb78bf267,TRUE
46337,paises/italia/torino/7475.htm#editorial:hx001:table-27:description-table-36,paises/italia/torino,camisas/italia/torino/foto_tor,camisas/italia/torino/07_13,item:dcc591c3caaa863687c20cd83cb278335cb2ce51d68500591e4af42023aadccb,item:c5eaae502fdc84b95120caf9f2452a3a9fad680e103fa5d422ce46ee66ad5eb2,TRUE
46339,paises/italia/torino/7475.htm#editorial:hx001:table-65:description-table-72,paises/italia/torino,camisas/italia/torino/foto_tor,camisas/italia/torino/70-80,item:793cdd81185279a32b2df688ef7b8f22ecd0b10cd76402947c65018777bbf34a,item:5f63f8358eed5e1f55e706f5eff3ed36f2795fc04ed6d4992ed36b1c9dde016c,TRUE
46341,paises/italia/torino/7475.htm#editorial:hx001:table-101:description-table-110,paises/italia/torino,camisas/italia/torino/foto_tor,camisas/italia/torino/02_17,item:5bbdcaf8452c9c265f6a9f83dab94a614dd00168f431e4017d072f68f48a3156,item:e29c62720b5d9d97a552f423900f670295c698540205359b7fd9adf0f50a41b4,TRUE
46345,paises/italia/torino/7576.htm#editorial:hx001:table-66:description-table-75,paises/italia/torino,camisas/italia/torino/foto_tor,camisas/italia/torino/02_17,item:84e4bdb89ba3c8753fd45f92814e3243b50ed451c9c198b09e4fbab8980db413,item:3c8d5ac33d63aebb25b0e71e868f862414c6a99478e9ec6be41d48d496f16372,TRUE
46353,paises/italia/torino/7677.htm#editorial:hx001:table-121:description-table-130,paises/italia/torino,camisas/italia/torino/foto_tor,camisas/italia/torino/11_21_2,item:b38c221e2b500aab6c67211fca375670176e748b6e640afff627d2651dc7c790,item:ebf11b62bf756c3da10c9b993ffcb905b496ec30ccc1414d5f371d4ef22729a4,TRUE
46354,paises/italia/torino/7677.htm#editorial:hx001:table-140:description-table-149,paises/italia/torino,camisas/italia/torino/foto_tor,camisas/italia/torino/09_15,item:5c25682e6b66de005db390c0ff08d8aace83ca481a14b954453ab8472dc24bd8,item:09df91cb366a673c06e8885e16dce178375a895abb65ac9ccac1077800145323,TRUE
46355,paises/italia/torino/7677.htm#editorial:hx001:table-159:description-table-168,paises/italia/torino,camisas/italia/torino/foto_tor,camisas/italia/torino/09_24,item:0deeca432de762bda1f64554df4d2d467bb4ddd9c85eabadbc72ba8dd8bf9eb8,item:fb89453064044373781f5c836adea6155becc52c487b8b276f270e4f20ca1a65,TRUE
46369,paises/italia/torino/7980.htm#editorial:hx001:table-25:description-table-34,paises/italia/torino,camisas/italia/torino/foto_tor,camisas/italia/torino/07_13,item:28cf0b860ea386ce65455bdc267c861cf96d01a896064dac6c638014686697b0,item:10229f395100a1e3ac5c62e07dc216a8d2c677ec6459f42ab736741bf58ccfa6,TRUE
46372,paises/italia/torino/7980.htm#editorial:hx001:table-83:description-table-92,paises/italia/torino,camisas/italia/torino/foto_tor,camisas/italia/torino/07_13,item:2a9c2111bdb4d05c95d1a24f687801d4e11c90fd4fa6f3032e13c2ff676e964d,item:ec431832a76c83fa22379bf23964e7d5551ea2a884794337401a6f20539f7db5,TRUE
46373,paises/italia/torino/7980.htm#editorial:hx001:table-102:description-table-111,paises/italia/torino,camisas/italia/torino/foto_tor,camisas/italia/torino/02_17,item:bf07dce30f53f00fcb66702f73a9747eb66a53b8eb9ef91a449b4234532584e3,item:a77d8537523e1516a6a5c4f2db81017fcf3d754681e53b7432efd912e6c7b6b4,TRUE
46374,paises/italia/torino/7980.htm#editorial:hx001:table-121:description-table-130,paises/italia/torino,camisas/italia/torino/foto_tor,camisas/italia/torino/09_24,item:1fe1686b4df6ed3259a1c312e4b62aef374c60892554968352825a5e362b7c76,item:7fe1c77c3d3761d897e87229b58fd947667014b145c31d45cddb190fc7191e26,TRUE
46375,paises/italia/torino/7980.htm#editorial:hx001:table-140:description-table-151,paises/italia/torino,camisas/italia/torino/foto_tor,camisas/italia/torino/02_17,item:968e8a3466e5a8697fe6b92f442908fd16219f8509587c9be09ebc71ee4ae529,item:6ce2f56a86edbf38fbcba9d6611fa5ba852260e9f03e2a1809208584251b3bbb,TRUE
46384,paises/italia/torino/8283.htm#editorial:hx001:table-52:description-table-61,paises/italia/torino,camisas/italia/torino/foto_tor,camisas/italia/torino/05_23,item:225cab30c6164616507abc336ea79ea21446584e551acfe7a5775c0cd12a38c0,item:1d858cd572af6e7292968068b5a661588642dc9aa6fa2abe268535da03c94277,TRUE
46388,paises/italia/torino/8283.htm#editorial:hx001:table-134:description-table-143,paises/italia/torino,camisas/italia/torino/foto_tor,camisas/italia/torino/03_20,item:92175e1285862facd986bd6966613ec66d03b5c5cade4f69c27dc4614389fd9b,item:e1976fd1798fe0d835aa30f06d3267419bcf68b82c8e571e240890813f4166ae,TRUE
46389,paises/italia/torino/8283.htm#editorial:hx001:table-161:description-table-170,paises/italia/torino,camisas/italia/torino/foto_tor,camisas/italia/torino/05_23,item:a8570885a23e3e9e7a0309638fd5663ecffbc0a6ca2afdd12a30c8f7aeb60eb3,item:c653573c49bdd0d7c7f6dae0d0b33c7d4af1b9c454e9cb0efda689a3f20512c0,TRUE
46391,paises/italia/torino/8283.htm#editorial:hx001:table-211:description-table-218,paises/italia/torino,camisas/italia/torino/foto_tor,camisas/italia/torino/11_21_2,item:5c12f17f203230d53bfd5378f32b6cf6d26c7f2d76e1e3463c0ececa6a74dff3,item:91c151adde0a65147a5608adcf7c41bec5ff939c5ed0e9ecbfa826fb61072441,TRUE
46395,paises/italia/torino/8384.htm#editorial:hx001:table-47:description-table-56,paises/italia/torino,camisas/italia/torino/foto_tor,camisas/italia/torino/03_15_2,item:dc8b5f84c2532481fd70a6f2e622725af287bcdb649a9dc6e5c580e5917776d7,item:13f57cb5fbc305325d03eb99f2e40c499c6d6b3728d4526b1e0641b7782363bc,TRUE
46396,paises/italia/torino/8384.htm#editorial:hx001:table-67:description-table-76,paises/italia/torino,camisas/italia/torino/foto_tor,camisas/italia/torino/02_17,item:25a634a2f43f3fee03e9fc0c28ff324be4fcc4e89b9303fb72accb5bf891fbf9,item:a8cde904ac1fbd4ece76a25c5dacce00cce703c291f0ac3e7d17a4ac314cd09a,TRUE
46402,paises/italia/torino/8485.htm#editorial:hx001:table-83:description-table-92,paises/italia/torino,camisas/italia/torino/foto_tor,camisas/italia/torino/08_18_2,item:6df5eb5661e84add16d0914ad6d7350cf29a7dd69cc097e54b536d7302b9553c,item:5e5d2fa01639c8e32e1d37e1e8354966c03f51f670238825a6df237d23f6b2aa,TRUE
46404,paises/italia/torino/8485.htm#editorial:hx001:table-121:description-table-130,paises/italia/torino,camisas/italia/torino/foto_tor,camisas/italia/torino/04_15,item:8f9a0e34fd48a6a75d775ef188a5d90a9dbe6e71e291949ca2a7df11e73ab14f,item:0fc6aec6286d040ee234fd8001819e9c17efb2ee4ee84b72897ea1f06602ac2c,TRUE
46405,paises/italia/torino/8485.htm#editorial:hx001:table-140:description-table-149,paises/italia/torino,camisas/italia/torino/foto_tor,camisas/italia/torino/80-90,item:082c4f8429c8173e81cde74535912f7c5a4a3e09ac5f62449ad3900f0807e3ea,item:4a099f4ca10641d00b7f11ccc7e045342e5c19e99d342f4a850ac9b9c6804840,TRUE
46421,paises/italia/torino/8687.htm#editorial:hx001:table-225:description-table-232,paises/italia/torino,camisas/italia/torino/foto_tor,camisas/italia/torino/07_13_2,item:97a9bd52a6947fb8d55aa885e686b70150c36d600c4e872e6b6cc9c8a2c1b35e,item:cd9d9775052e15abe5a6d0993f9bcdd34bfd319f8068e9067759d2102ea6f3c9,TRUE
46422,paises/italia/torino/8687.htm#editorial:hx001:table-243:description-table-250,paises/italia/torino,camisas/italia/torino/foto_tor,camisas/italia/torino/07_13_2,item:815d4519d933a13bfd79123b7ce6fe0a47e5b7aa0745ef2e6675e230ff10b049,item:1d519f3d514d729a0400cc6a4ba166c5500a2b458c64e345d81c60093463520d,TRUE
46433,paises/italia/torino/8788.htm#editorial:hx001:table-206:description-table-215,paises/italia/torino,camisas/italia/torino/foto_tor,camisas/italia/torino/09_15,item:5b75b8f7d54dbb5b40662a99f354353f2e0e0ff3d5fc4ea4a30608fadc1defcb,item:24293d842ff52e1d218083cb48ddbca021eb1da57bf07d79bfee415411da746e,TRUE
46435,paises/italia/torino/8788.htm#editorial:hx001:table-250:description-table-259,paises/italia/torino,camisas/italia/torino/foto_tor,camisas/italia/torino/02_17,item:4dcf5c85749e06a88b6f53067613b92e3c7b6527222eea1ffc12f4c2fc5a4fba,item:54423ef5c7260e0227d153b3ec7c70aca920c9a1d3ab702d9fcbe7e452cf357b,TRUE
46440,paises/italia/torino/8788.htm#editorial:hx001:table-353:description-table-360,paises/italia/torino,camisas/italia/torino/foto_tor,camisas/italia/torino/02_22,item:7c9baaf62781e53d357005fc709b525d72e3f4f23d368053058cca85f10977a2,item:5df6d773931cdaa0932401fa1ac188188742b6b77a712aa5b7dbfd77117dcaa9,TRUE
46446,paises/italia/torino/8889.htm#editorial:hx001:table-67:description-table-77,paises/italia/torino,camisas/italia/torino/foto_tor,camisas/italia/torino/02_17,item:dc7e2ba1c22077db34a0539aa7eba04f67aca3dbdf8c9fdfd350a64eab4c49af,item:80f185cc4133cc6dd1ba3b42a94aa05949ac6d072db22aec286d86ceee8ac4cb,TRUE
46447,paises/italia/torino/8889.htm#editorial:hx001:table-90:description-table-98,paises/italia/torino,camisas/italia/torino/foto_tor,camisas/italia/torino/11_21,item:62002416b20011f563206e79a3051ef0131f239a9859793ea935fc60af6c784f,item:7f82379ec5649acdfec152130fb28c9aae0a75d4fe5d61eb6428981e73fb8d42,TRUE
46448,paises/italia/torino/8889.htm#editorial:hx001:table-111:description-table-119,paises/italia/torino,camisas/italia/torino/foto_tor,camisas/italia/torino/05_24,item:1e2e4321001f99643349f9401cc6de121a8519cfd6183b6228c65adf8c1ba496,item:fed32333902837bad99831938ebac831894991140dc844b470267ff4538d7691,TRUE
46449,paises/italia/torino/8889.htm#editorial:hx001:table-132:description-table-140,paises/italia/torino,camisas/italia/torino/foto_tor,camisas/italia/torino/05_24,item:9ff9a5fa81bf32693fb934ea99a8971aee9adc8e6cd8ae70d339aa1db049bbb5,item:6ddf3868b37cbc682332070c37a12ad3c7f00e84674d602ab0f23d57f5fc0b79,TRUE
46452,paises/italia/torino/8889.htm#editorial:hx001:table-192:description-table-202,paises/italia/torino,camisas/italia/torino/foto_tor,camisas/italia/torino/07_13_2,item:941d61181f8aeeebcc67affd1628503b7de144e3f30f54ca91dde456a3de327e,item:1c95e3680785ee5dd41d5e34aa19505c997452ff4dec1c8b2107194fa78acef2,TRUE
46458,paises/italia/torino/8990.htm#editorial:hx001:table-71:description-table-81,paises/italia/torino,camisas/italia/torino/foto_tor,camisas/italia/torino/02_17,item:c03881d67f782ba820cbaec7823d55f73c7e97e89f063415e0fcb0cb5f1bed5c,item:6100c22f90ce4c53966ea94aeff392c10de2c2661acea507b397df867ea4f2d9,TRUE
46462,paises/italia/torino/8990.htm#editorial:hx001:table-154:description-table-161,paises/italia/torino,camisas/italia/torino/foto_tor,camisas/italia/torino/80-90,item:99bb8947e2d3fe5f6a0399d4370a2d1d578d684af13e4b66055ac734e86ccdb5,item:9b1730e604c056c224827ca3b6e0d8794ae76cf9615c1556c6c3ecaad7444515,TRUE
46478,paises/italia/torino/9192.htm#editorial:hx001:table-253:description-table-260,paises/italia/torino,camisas/italia/torino/foto_tor,camisas/italia/torino/10_13,item:2b6cbe6711fc820150baa4b08bcc65105730a22829ceaa2908558a333a22c35a,item:95a77f60f4236896b4c8b6a524c1b820a02b36fe4e2c8b0921588bcff4e661f6,TRUE
46498,paises/italia/torino/9394.htm#editorial:hx001:table-159:description-table-166,paises/italia/torino,camisas/italia/torino/foto_tor,camisas/italia/torino/10_13,item:46bf066850e71c4b096eb58fb2937d011f2c1f7b0599177edbcde2aa44ca228b,item:4220e6a9a8026be020daa6bea3ecdc46b7cd03a78a4e78bf98e2d2d8385cdcd0,TRUE
46506,paises/italia/torino/9596.htm#editorial:hx001:table-46:description-table-53,paises/italia/torino,camisas/italia/torino/foto_tor,camisas/italia/torino/07_13_2,item:8cc75e95d9f7878b8cc0d8806c8e9d76a6d8f1b056fae0b38735f0912b4de15e,item:fe7b75808e6460871b40dbd8f13cd521269fc721891a4886d8ff775b1d5e4973,TRUE
46510,paises/italia/torino/9596.htm#editorial:hx001:table-127:description-table-136,paises/italia/torino,camisas/italia/torino/foto_tor,camisas/italia/torino/07_13_2,item:6480937667cb2610f4054c85fa5dac2e61bd16ccfb345f0d01e79ef20e5ab60b,item:eaf2e718b5960798e7f283e66f1b12ce116a056bd318429bdb5cbe5710e687c4,TRUE
46511,paises/italia/torino/9596.htm#editorial:hx001:table-146:description-table-153,paises/italia/torino,camisas/italia/torino/foto_tor,camisas/italia/torino/10_19,item:945cda6f95482326757435e6ae8a487c700d33ca599d91392f1f2433d7b2ca82,item:25850d4462485a939e8790617a43ed1fccb31aaae12309dedec7d8277b9044ce,TRUE
46529,paises/italia/torino/9899.htm#editorial:hx001:table-87:description-table-97,paises/italia/torino,camisas/italia/torino/foto_tor,camisas/italia/torino/08_16,item:373091c510a85e229c7c5d58061183b0bf526974697e85c051301f2761bc33f8,item:10a7c0b235f13f314c91d20ce7c990651ab3aa241176e5eb308b8a88b83de827,TRUE
46591,paises/italia/udinese/9293.htm#editorial:hx001:table-31:description-table-40,paises/italia/udinese,camisas/italia/udinese/02_17,camisas/italia/udinese/10_19,item:d28aceab3d130b0a1e2dab0f533fbca92495cec35fea7cceca7d56b0ec3634b4,item:faab866dfac09fab17b54e829d8692df7e62360ff593fad9f62b2f03fbe195f7,TRUE
46614,paises/italia/verona/8990.htm#editorial:hx001:table-35:description-table-44,paises/italia/verona,camisas/italia/verona/02_17,camisas/italia/verona/10_19,item:25e09f0031824aca049353e3eaa243f6b364e21e15eb7aa90968ec7b892b5556,item:6f7622f060005573f538de6df7b6fd423ab9127ec935689d5c221c66a05eb5bc,TRUE
46622,paises/italia/vicenza/7778.htm#editorial:hx001:table-31:description-table-38,paises/italia/vicenza,camisas/italia/vicenza/02_17,camisas/italia/vicenza/04_20,item:f9025928507c3a93a0620b7f06e938bdb2b7e671ffab6953598a86793857bbb4,item:bf38a02a9a46d04c3e03d34cffcb0bdaade0f81215a597869e7aeba00ef1e070,TRUE
46623,paises/italia/vicenza/7778.htm#editorial:hx001:table-49:description-table-56,paises/italia/vicenza,camisas/italia/vicenza/02_17,camisas/italia/vicenza/02_25,item:f5ec7d88762f9c4f330b810343ff8c828ed57d6acf27772726cbd5626f372e2d,item:a1de80440ec5e5dbcad571758af6d8c7396cbd461f391621b74da4fabd2acded,TRUE
46702,paises/outros/cerro uru/2018.htm#editorial:hx001:table-36:description-table-45,paises/outros/cerro uru,camisas/outros/cerro_uru/09_18,camisas/outros/cerro_uru/03_19,item:80f8a8410a46890b901625c6572b9df7e6c3048ea3712793053689b4bf6160c9,item:df7e25ee49bfe165f4f68d9d9e874606e9fe49e9ca85c4519a3e928c56b6334c,TRUE
46703,paises/outros/cerro uru/2018.htm#editorial:hx001:table-61:description-table-70,paises/outros/cerro uru,camisas/outros/cerro_uru/09_18,camisas/outros/cerro_uru/03_19,item:b4342671cbf866b52d7707689fd918c7eb2ae7607fa9a4a01afefc970db97b33,item:2e6ed1aba50726db69f08f4f27720a50f0ae3c712c4f41b2456d701b134fdd33,TRUE
46778,paises/outros/mexico/2014.htm#editorial:hx001:table-35:description-table-44,paises/outros/mexico,camisas/outros/mexico/08_14_2,camisas/outros/mexico/08_14,item:1a9ca0b14002cbbb30606641e7d071bdb537465d9afd76fc60e7d5a22a001a4e,item:1156c91024330ec0028e4f56cfb3846ad48d53f4078e39cb8206c44ef1502f84,TRUE
46779,paises/outros/mexico/2014.htm#editorial:hx001:table-62:description-table-71,paises/outros/mexico,camisas/outros/mexico/08_14_2,camisas/outros/mexico/03_15,item:b9ebe27cc66d6f71b7670a294dd593c5f1606a9e0018e1fb07dce87a44f7e5b3,item:12e9cdf8d365b0cd70883744644ba3509293616dc12dcb799e9ec4795f6a1e2c,TRUE
46854,paises/outros/venezuela/2015.htm#editorial:hx001:table-34:description-table-43,paises/outros/venezuela,camisas/outros/venezuela/01_16,camisas/outros/venezuela/06_16,item:706f6b20e09c2eead682feb8a6c2614f18c1f0d24c3e97f7a27f11316be181d0,item:5ddfe7499cbf18d8598a906c1da58fdd11d60250eb47ba359e5a543914b98fa1,TRUE
